P001_WA02_00054 	Orobanchaceae;Euphrasia; 	Orobanchaceae;Euphrasia	Brassicaceae;Arabis; 	Salicaceae;Salix; 	Orobanchaceae;Euphrasia; 	Orobanchaceae;Euphrasia;
P001_WA03_00114 	Cyperaceae;Carex; 	Cyperaceae;Carex	Cyperaceae;Carex; 	Cyperaceae;Carex; 	Cyperaceae;Carex; 	Cyperaceae;Carex;
P001_WA04_00069 	Salicaceae;Salix; 	Salicaceae;Salix	Salicaceae;Salix; 	Salicaceae;Salix; 	Salicaceae;Salix; 	Salicaceae;Salix;
P001_WA05_00057 	Poaceae;Festuca; 	Poaceae;Festuca	Poaceae;Festuca; 	Poaceae;Festuca; 	Poaceae;Festuca; 	Poaceae;Festuca;
P001_WA06_00116 	Cyperaceae;Carex; 	Cyperaceae;Carex	Tofieldiaceae;Tofieldia; 	Cyperaceae;Carex; 	Cyperaceae;Carex; 	Cyperaceae;Carex;
P001_WA07_00056 	Asteraceae;Omalotheca; 	Asteraceae;Antennaria	Asteraceae;Gnaphalium; 	Asteraceae;Antennaria; 	Poaceae;Festuca; 	Asteraceae;Antennaria;
P001_WA08_00131 	Cyperaceae;Carex; 	Cyperaceae;Carex	Cyperaceae;Carex; 	Tofieldiaceae;Tofieldia; 	Cyperaceae;Carex; 	Cyperaceae;Carex;
P001_WA10_00075 	Rubiaceae;Cruciata; 	Rubiaceae;Galium	Rubiaceae;Galium; 	Rubiaceae;Galium; 	Orobanchaceae;Pedicularis; 	Lentibulariaceae;Pinguicula;
P001_WA11_00114 	Campanulaceae;Campanula; 	Campanulaceae;Campanula	Campanulaceae;Campanula; 	Campanulaceae;Campanula; 	Campanulaceae;Campanula; 	Campanulaceae;Campanula;
P001_WA12_00089 	Asteraceae;Matricaria; 	Asteraceae;Tanacetum	Asteraceae;Anthemis; 	Asteraceae;Achillea; 	Asteraceae;Anthemis; 	Asteraceae;Leucanthemum;
P001_WB01_00027 	Brassicaceae;Arabis; 	Orobanchaceae;Euphrasia	Brassicaceae;Arabis; 	Salicaceae;Salix; 	Orobanchaceae;Euphrasia; 	Orobanchaceae;Euphrasia;
P001_WB01_00196 	Brassicaceae;Arabis; 	Brassicaceae;Arabis	Brassicaceae;Arabis; 	Brassicaceae;Draba; 	Brassicaceae;Draba; 	Brassicaceae;Draba;
P001_WB01_00387 	Brassicaceae;Arabis; 	Ranunculaceae;Ranunculus	Ranunculaceae;Ranunculus; 	Caryophyllaceae;Dianthus; 	Ranunculaceae;Ranunculus; 	Ranunculaceae;Ranunculus;
P001_WB01_00440 	Brassicaceae;Arabis; 	Poaceae;Avenella	Poaceae;Deschampsia; 	Poaceae;Avenella; 	Poaceae;Sesleria; 	Poaceae;Phleum;
P001_WB02_00026 	Salicaceae;Salix; 	Poaceae;Avenella	Salicaceae;Salix; 	Poaceae;Deschampsia; 	Poaceae;Avenella; 	Poaceae;Sesleria;
P001_WB02_00077 	Salicaceae;Salix; 	Salicaceae;Salix	Salicaceae;Salix; 	Salicaceae;Salix; 	Salicaceae;Salix; 	Salicaceae;Salix;
P001_WB02_00089 	Salicaceae;Salix; 	Orobanchaceae;Euphrasia	Brassicaceae;Arabis; 	Salicaceae;Salix; 	Orobanchaceae;Euphrasia; 	Orobanchaceae;Euphrasia;
P001_WB03_00014 	Cyperaceae;Eriophorum; 	Cyperaceae;Carex	Cyperaceae;Eriophorum; 	Cyperaceae;Eriophorum; 	Cyperaceae;Eriophorum; 	Cyperaceae;Eriophorum;
P001_WB04_00107 	Betulaceae;Betula; 	Betulaceae;Betula	Betulaceae;Betula; 	Rosaceae;Dryas; 	Rosaceae;Dryas; 	Cyperaceae;Carex;
P001_WB05_00093 	Poaceae;Anthoxanthum; 	Poaceae;Anthoxanthum	Poaceae;Hierochloe; 	Poaceae;Hierochloe; 	Poaceae;Calamagrostis; 	Poaceae;Calamagrostis;
P001_WB06_00053 	Gentianaceae;Comastoma; 	Gentianaceae;Swertia	Gentianaceae;Gentianella; 	Gentianaceae;Gentiana; 	Gentianaceae;Gentiana; 	Gentianaceae;Gentiana;
P001_WB07_00087 	Fabaceae;Oxytropis; 	Fabaceae;Oxytropis	Fabaceae;Oxytropis; 	Fabaceae;Oxytropis; 	Fabaceae;Astragalus; 	Fabaceae;Astragalus;
P001_WB08_00075 	Poaceae;Bromus; 	Poaceae;Bromus	Poaceae;Hierochloe; 	Poaceae;Hierochloe; 	Poaceae;Calamagrostis; 	Poaceae;Calamagrostis;
P001_WB09_00053 	Asteraceae;Leontodon; 	Asteraceae;Hypochaeris	Asteraceae;Leontodon; 	Asteraceae;Hieracium; 	Asteraceae;Hieracium; 	Asteraceae;Hieracium;
P001_WB10_00056 	Poaceae;Nardus; 	Poaceae;Nardus	Poaceae;Hierochloe; 	Poaceae;Agrostis; 	Poaceae;Hierochloe; 	Poaceae;Agrostis;
P001_WB11_00112 	Campanulaceae;Campanula; 	Campanulaceae;Campanula	Campanulaceae;Campanula; 	Campanulaceae;Campanula; 	Campanulaceae;Campanula; 	Campanulaceae;Campanula;
P001_WB12_00020 	Asteraceae;Gnaphalium; 	Asteraceae;Antennaria	Asteraceae;Gnaphalium; 	Asteraceae;Antennaria; 	Poaceae;Festuca; 	Asteraceae;Antennaria;
P001_WC02_00033 	Poaceae;Deschampsia; 	Poaceae;Avenella	Poaceae;Deschampsia; 	Poaceae;Avenella; 	Poaceae;Sesleria; 	Poaceae;Phleum;
P001_WC03_00051 	Asteraceae;Erigeron; 	Asteraceae;Erigeron	Asteraceae;Erigeron; 	Asteraceae;Erigeron; 	Asteraceae;Solidago; 	Asteraceae;Aster;
P001_WC06_00081 	Gentianaceae;Gentiana; 	Gentianaceae;Gentiana	Gentianaceae;Gentiana; 	Gentianaceae;Gentiana; 	Gentianaceae;Gentiana; 	Gentianaceae;Gentiana;
P001_WC07_00092 	Asteraceae;Leontodon; 	Asteraceae;Reichardia	Asteraceae;Leontodon; 	Asteraceae;Hieracium; 	Asteraceae;Hieracium; 	Asteraceae;Hieracium;
P001_WC08_00060 	Apiaceae;Bupleurum; 	Apiaceae;Bupleurum	Apiaceae;Bupleurum; 	Apiaceae;Tilingia; 	Apiaceae;Peucedanum; 	Apiaceae;Seseli;
P001_WC09_00062 	Lamiaceae;Betonica; 	Lamiaceae;Paraphlomis	Plantaginaceae;Pennellianthus; 	Orobanchaceae;Pedicularis; 	Lentibulariaceae;Pinguicula; 	Orobanchaceae;Pedicularis;
P001_WC10_00044 	Apiaceae;Carum; 	Apiaceae;Carum	Apiaceae;Carum; 	Apiaceae;Seseli; 	Apiaceae;Peucedanum; 	Apiaceae;Ligusticum;
P001_WC11_00089 	Polygonaceae;Rumex; 	Polygonaceae;Rumex	Polygonaceae;Rumex; 	Polygonaceae;Rumex; 	Polygonaceae;Oxyria; 	Polygonaceae;Polygonum;
P001_WC12_00068 	Cyperaceae;Carex; 	Cyperaceae;Carex	Crassulaceae;Sedum; 	Cyperaceae;Kobresia; 	Cyperaceae;Carex; 	Cyperaceae;Carex;
P001_WD01_00096 	Poaceae;Poa; 	Poaceae;Poa	Poaceae;Poa; 	Poaceae;Phleum; 	Poaceae;Poa; 	Poaceae;Sesleria;
P001_WD02_00047 	Saxifragaceae;Saxifraga; 	Saxifragaceae;Micranthes	Saxifragaceae;Saxifraga; 	Saxifragaceae;Saxifraga; 	Saxifragaceae;Saxifraga; 	Brassicaceae;Draba;
P001_WD03_00041 	Poaceae;Calamagrostis; 	Poaceae;Calamagrostis	Poaceae;Calamagrostis; 	Poaceae;Calamagrostis; 	Poaceae;Calamagrostis; 	Poaceae;Calamagrostis;
P001_WD04_00075 	Ericaceae;Cassiope; 	Ericaceae;Rhododendron	Ericaceae;Bryanthus; 	Ericaceae;Rhododendron; 	Ericaceae;Rhododendron; 	Ericaceae;Empetrum;
P001_WD05_00004 	Poaceae;Avenella; 	Poaceae;Avenella	Poaceae;Deschampsia; 	Poaceae;Avenella; 	Poaceae;Sesleria; 	Poaceae;Phleum;
P001_WD06_00077 	Campanulaceae;Campanula; 	Campanulaceae;Campanula	Campanulaceae;Campanula; 	Campanulaceae;Campanula; 	Campanulaceae;Campanula; 	Campanulaceae;Campanula;
P001_WD07_00044 	Caryophyllaceae;Silene; 	Caryophyllaceae;Silene	Caryophyllaceae;Silene; 	Caryophyllaceae;Silene; 	Caryophyllaceae;Silene; 	Caryophyllaceae;Viscaria;
P001_WD08_00067 	Caryophyllaceae;Cerastium; 	Boraginaceae;Plagiobothrys	Boraginaceae;Myosotis; 	Plantaginaceae;Pennellianthus; 	Apiaceae;Tilingia; 	Lentibulariaceae;Pinguicula;
P001_WD08_00190 	Caryophyllaceae;Cerastium; 	Caryophyllaceae;Cerastium	Caryophyllaceae;Cerastium; 	Caryophyllaceae;Cerastium; 	Caryophyllaceae;Cerastium; 	Caryophyllaceae;Cerastium;
P001_WD09_00030 	Gentianaceae;Gentiana; 	Gentianaceae;Gentiana	Gentianaceae;Gentiana; 	Gentianaceae;Gentiana; 	Gentianaceae;Gentiana; 	Gentianaceae;Gentiana;
P001_WD10_00047 	Boraginaceae;Myosotis; 	Boraginaceae;Plagiobothrys	Caryophyllaceae;Cerastium; 	Plantaginaceae;Pennellianthus; 	Apiaceae;Tilingia; 	Lentibulariaceae;Pinguicula;
P001_WD11_00063 	Crassulaceae;Sedum; 	Cyperaceae;Carex	Crassulaceae;Sedum; 	Cyperaceae;Kobresia; 	Cyperaceae;Carex; 	Cyperaceae;Carex;
P001_WD11_00308 	Crassulaceae;Sedum; 	Crassulaceae;Sempervivum	Crassulaceae;Sedum; 	Crassulaceae;Sempervivum; 	Crassulaceae;Rhodiola; 	Crassulaceae;Sedum;
P001_WD11_00343 	Crassulaceae;Sedum; 	Crassulaceae;Sempervivum	Crassulaceae;Sedum; 	Crassulaceae;Sempervivum; 	Crassulaceae;Rhodiola; 	Crassulaceae;Sedum;
P001_WD11_00373 	Crassulaceae;Sedum; 	Asteraceae;Taraxacum	Asteraceae;Taraxacum; 	Asteraceae;Taraxacum; 	Asteraceae;Taraxacum; 	Asteraceae;Taraxacum;
P001_WD12_00068 	Asteraceae;Taraxacum; 	Asteraceae;Taraxacum	Asteraceae;Taraxacum; 	Asteraceae;Taraxacum; 	Crassulaceae;Sedum; 	Asteraceae;Taraxacum;
P001_WE01_00044 	Caryophyllaceae;Minuartia; 	Caryophyllaceae;Psammosilene	Caryophyllaceae;Minuartia; 	Caryophyllaceae;Minuartia; 	Caryophyllaceae;Minuartia; 	Rosaceae;Spiraea;
P001_WE02_00121 	Cyperaceae;Kobresia; 	Cyperaceae;Carex	Crassulaceae;Sedum; 	Cyperaceae;Kobresia; 	Cyperaceae;Carex; 	Cyperaceae;Carex;
P001_WE03_00077 	Ranunculaceae;Ranunculus; 	Ranunculaceae;Ranunculus	Ranunculaceae;Ranunculus; 	Ranunculaceae;Ranunculus; 	Caryophyllaceae;Dianthus; 	Ranunculaceae;Ranunculus;
P001_WE04_00126 	Tofieldiaceae;Tofieldia; 	Cyperaceae;Carex	Cyperaceae;Carex; 	Cyperaceae;Carex; 	Cyperaceae;Carex; 	Cyperaceae;Carex;
P001_WE04_00247 	Tofieldiaceae;Tofieldia; 	Tofieldiaceae;Tofieldia	Liliaceae;Gagea; 	Orchidaceae;Coeloglossum; 	Liliaceae;Fritillaria; 	Saxifragaceae;Saxifraga;
P001_WE05_00135 	Ericaceae;Kalmia; 	Ericaceae;Rhododendron	Ericaceae;Phyllodoce; 	Ericaceae;Bryanthus; 	Ericaceae;Rhododendron; 	Ericaceae;Rhododendron;
P001_WE06_00079 	Poaceae;Phleum; 	Poaceae;Beckmannia	Poaceae;Sesleria; 	Poaceae;Alopecurus; 	Poaceae;Alopecurus; 	Poaceae;Alopecurus;
P001_WE07_00063 	Juncaceae;Luzula; 	Juncaceae;Juncus	Juncaceae;Luzula; 	Juncaceae;Luzula; 	Cyperaceae;Carex; 	Juncaceae;Luzula;
P001_WE08_00088 	Caprifoliaceae;Scabiosa; 	Caprifoliaceae;Dipsacus	Caprifoliaceae;Patrinia; 	Ericaceae;Kalmia; 	Ericaceae;Rhododendron; 	Ericaceae;Arctous;
P001_WE10_00094 	Asteraceae;Taraxacum; 	Asteraceae;Taraxacum	Asteraceae;Taraxacum; 	Asteraceae;Taraxacum; 	Crassulaceae;Sedum; 	Asteraceae;Taraxacum;
P001_WE11_00083 	Poaceae;Festuca; 	Poaceae;Festuca	Poaceae;Festuca; 	Poaceae;Festuca; 	Poaceae;Festuca; 	Poaceae;Festuca;
P001_WE12_00172 	Cyperaceae;Carex; 	Cyperaceae;Carex	Cyperaceae;Carex; 	Crassulaceae;Sedum; 	Cyperaceae;Kobresia; 	Cyperaceae;Carex;
P001_WE12_00247 	Cyperaceae;Carex; 	Geraniaceae;Geranium	Geraniaceae;Geranium; 	Geraniaceae;Geranium; 	Rosaceae;Dryas; 	Cyperaceae;Carex;
P001_WE12_00322 	Cyperaceae;Carex; 	Asteraceae;Taraxacum	Cyperaceae;Carex; 	Asteraceae;Taraxacum; 	Asteraceae;Taraxacum; 	Asteraceae;Taraxacum;
P001_WF01_00097 	Equisetaceae;Equisetum; 	Equisetaceae;Equisetum	Equisetaceae;Equisetum; 	Equisetaceae;Equisetum; 	Equisetaceae;Equisetum; 	Equisetaceae;Equisetum;
P001_WF01_00171 	Equisetaceae;Equisetum; 	Cyperaceae;Carex	Cyperaceae;Carex; 	Cyperaceae;Carex; 	Cyperaceae;Carex; 	Cyperaceae;Carex;
P001_WF02_00148 	Cyperaceae;Carex; 	Cyperaceae;Carex	Cyperaceae;Carex; 	Cyperaceae;Carex; 	Cyperaceae;Carex; 	Cyperaceae;Carex;
P001_WF03_00042 	Caryophyllaceae;Cerastium; 	Caryophyllaceae;Cerastium	Caryophyllaceae;Cerastium; 	Caryophyllaceae;Cerastium; 	Caryophyllaceae;Cerastium; 	Caryophyllaceae;Cerastium;
P001_WF04_00041 	Caryophyllaceae;Silene; 	Caryophyllaceae;Silene	Caryophyllaceae;Viscaria; 	Caryophyllaceae;Silene; 	Caryophyllaceae;Silene; 	Caryophyllaceae;Silene;
P001_WF05_00107 	Asteraceae;Antennaria; 	Asteraceae;Antennaria	Asteraceae;Antennaria; 	Poaceae;Festuca; 	Asteraceae;Antennaria; 	Asteraceae;Gnaphalium;
P001_WF06_00084 	Orobanchaceae;Euphrasia; 	Orobanchaceae;Euphrasia	Brassicaceae;Arabis; 	Salicaceae;Salix; 	Orobanchaceae;Euphrasia; 	Orobanchaceae;Euphrasia;
P001_WF06_00214 	Orobanchaceae;Euphrasia; 	Poaceae;Festuca	Poaceae;Festuca; 	Poaceae;Festuca; 	Poaceae;Festuca; 	Poaceae;Festuca;
P001_WF07_00083 	Poaceae;Festuca; 	Poaceae;Festuca	Poaceae;Festuca; 	Poaceae;Festuca; 	Poaceae;Festuca; 	Poaceae;Festuca;
P001_WF08_00061 	Orchidaceae;Coeloglossum; 	Orchidaceae;Dactylorhiza	Liliaceae;Gagea; 	Liliaceae;Fritillaria; 	Tofieldiaceae;Tofieldia; 	Poaceae;Hierochloe;
P001_WF09_00089 	Gentianaceae;Gentiana; 	Gentianaceae;Gentiana	Gentianaceae;Gentiana; 	Gentianaceae;Gentiana; 	Gentianaceae;Gentiana; 	Gentianaceae;Gentiana;
P001_WF10_00063 	Fabaceae;Anthyllis; 	Fabaceae;Lotus	Fabaceae;Oxytropis; 	Fabaceae;Oxytropis; 	Fabaceae;Oxytropis; 	Fabaceae;Hedysarum;
P001_WF11_00053 	Apiaceae;Seseli; 	Apiaceae;Heracleum	Apiaceae;Peucedanum; 	Apiaceae;Ligusticum; 	Apiaceae;Tilingia; 	Apiaceae;Chaerophyllum;
P001_WF12_00012 	Geraniaceae;Geranium; 	Geraniaceae;Geranium	Cyperaceae;Carex; 	Geraniaceae;Geranium; 	Rosaceae;Dryas; 	Cyperaceae;Carex;
P001_WG01_00027 	Ranunculaceae;Thalictrum; 	Ranunculaceae;Thalictrum	Cyperaceae;Carex; 	Ranunculaceae;Aconitum; 	Cyperaceae;Carex; 	Ranunculaceae;Trollius;
P001_WG02_00187 	Cyperaceae;Carex; 	Cyperaceae;Carex	Cyperaceae;Carex; 	Cyperaceae;Carex; 	Cyperaceae;Carex; 	Cyperaceae;Carex;
P001_WG02_00304 	Cyperaceae;Carex; 	Ranunculaceae;Thalictrum	Cyperaceae;Carex; 	Ranunculaceae;Aconitum; 	Cyperaceae;Carex; 	Ranunculaceae;Trollius;
P001_WG04_00006 	Cyperaceae;Carex; 	Cyperaceae;Carex	Cyperaceae;Carex; 	Cyperaceae;Carex; 	Cyperaceae;Carex; 	Cyperaceae;Carex;
P001_WG05_00027 	Caryophyllaceae;Viscaria; 	Caryophyllaceae;Silene	Caryophyllaceae;Silene; 	Caryophyllaceae;Silene; 	Caryophyllaceae;Silene; 	Caryophyllaceae;Silene;
P001_WG06_00010 	Saxifragaceae;Saxifraga; 	Saxifragaceae;Saxifraga	Saxifragaceae;Saxifraga; 	Saxifragaceae;Saxifraga; 	Saxifragaceae;Saxifraga; 	Saxifragaceae;Saxifraga;
P001_WG07_00070 	Gentianaceae;Gentianella; 	Gentianaceae;Swertia	Gentianaceae;Gentianella; 	Gentianaceae;Gentiana; 	Gentianaceae;Gentiana; 	Gentianaceae;Gentiana;
P001_WG08_00053 	Asteraceae;Anthemis; 	Asteraceae;Tanacetum	Asteraceae;Matricaria; 	Asteraceae;Achillea; 	Asteraceae;Artemisia; 	Asteraceae;Leucanthemum;
P001_WG10_00063 	Asteraceae;Taraxacum; 	Asteraceae;Taraxacum	Asteraceae;Taraxacum; 	Asteraceae;Taraxacum; 	Asteraceae;Taraxacum; 	Crassulaceae;Sedum;
P001_WG11_00080 	Liliaceae;Gagea; 	Liliaceae;Gagea	Liliaceae;Fritillaria; 	Orchidaceae;Coeloglossum; 	Tofieldiaceae;Tofieldia; 	Poaceae;Hierochloe;
P001_WG12_00112 	Poaceae;Catabrosella; 	Poaceae;Phippsia	Poaceae;Hyalopoa; 	Poaceae;Phleum; 	Poaceae;Arctophila; 	Poaceae;Sesleria;
P001_WH01_00058 	Celastraceae;Parnassia; 	Celastraceae;Parnassia	Rosaceae;Dryas; 	Rosaceae;Dryas; 	Rosaceae;Dryas; 	Cyperaceae;Carex;
P001_WH02_00048 	Salicaceae;Salix; 	Salicaceae;Salix	Salicaceae;Salix; 	Salicaceae;Salix; 	Salicaceae;Salix; 	Salicaceae;Salix;
P001_WH03_00071 	Cyperaceae;Eriophorum; 	Cyperaceae;Carex	Cyperaceae;Eriophorum; 	Cyperaceae;Eriophorum; 	Cyperaceae;Eriophorum; 	Cyperaceae;Eriophorum;
P001_WH04_00045 	Saxifragaceae;Saxifraga; 	Saxifragaceae;Saxifraga	Saxifragaceae;Saxifraga; 	Saxifragaceae;Saxifraga; 	Saxifragaceae;Saxifraga; 	Saxifragaceae;Saxifraga;
P001_WH05_00027 	Plantaginaceae;Veronica; 	Plantaginaceae;Neopicrorhiza	Plantaginaceae;Veronica; 	Plantaginaceae;Veronica; 	Asteraceae;Cirsium; 	Fabaceae;Hedysarum;
P001_WH06_00106 	Poaceae;Trisetum; 	Poaceae;Koeleria	Poaceae;Hierochloe; 	Poaceae;Hierochloe; 	Poaceae;Calamagrostis; 	Poaceae;Calamagrostis;
P001_WH07_00068 	Asteraceae;Scorzonera; 	Asteraceae;Tragopogon	Asteraceae;Hieracium; 	Asteraceae;Hieracium; 	Asteraceae;Hieracium; 	Asteraceae;Saussurea;
P001_WH08_00026 	Asteraceae;Anthemis; 	Asteraceae;Tanacetum	Asteraceae;Matricaria; 	Asteraceae;Anthemis; 	Asteraceae;Achillea; 	Asteraceae;Artemisia;
P001_WH09_00097 	Primulaceae;Primula; 	Primulaceae;Primula	Primulaceae;Primula; 	Primulaceae;Primula; 	Primulaceae;Primula; 	Primulaceae;Primula;
P001_WH11_00026 	Asteraceae;Erigeron; 	Asteraceae;Erigeron	Asteraceae;Erigeron; 	Asteraceae;Erigeron; 	Asteraceae;Solidago; 	Asteraceae;Aster;
P001_WH12_00141 	Asteraceae;Hieracium; 	Asteraceae;Reichardia	Asteraceae;Hieracium; 	Asteraceae;Hieracium; 	Asteraceae;Scorzonera; 	Asteraceae;Saussurea;
P002_WA01_00117 	Poaceae;Hyalopoa; 	Poaceae;Phippsia	Poaceae;Catabrosella; 	Poaceae;Phleum; 	Poaceae;Arctophila; 	Poaceae;Sesleria;
P002_WA02_00033 	Fabaceae;Trifolium; 	Fabaceae;Trifolium	Fabaceae;Trifolium; 	Fabaceae;Oxytropis; 	Fabaceae;Oxytropis; 	Fabaceae;Oxytropis;
P002_WA03_00056 	Poaceae;Festuca; 	Poaceae;Festuca	Poaceae;Festuca; 	Poaceae;Festuca; 	Poaceae;Festuca; 	Poaceae;Festuca;
P002_WA04_00044 	Apiaceae;Carum; 	Apiaceae;Carum	Apiaceae;Carum; 	Apiaceae;Seseli; 	Apiaceae;Peucedanum; 	Apiaceae;Ligusticum;
P002_WA05_00058 	Gentianaceae;Gentiana; 	Gentianaceae;Gentiana	Gentianaceae;Gentiana; 	Gentianaceae;Gentiana; 	Gentianaceae;Gentiana; 	Gentianaceae;Gentiana;
P002_WA06_00049 	Apiaceae;Peucedanum; 	Apiaceae;Pimpinella	Apiaceae;Seseli; 	Apiaceae;Ligusticum; 	Apiaceae;Tilingia; 	Apiaceae;Chaerophyllum;
P002_WA07_00008 	Ericaceae;Harrimanella; 	Ericaceae;Rhododendron	Ericaceae;Rhododendron; 	Ericaceae;Rhododendron; 	Ericaceae;Phyllodoce; 	Ericaceae;Empetrum;
P002_WA08_00102 	Poaceae;Poa; 	Poaceae;Poa	Poaceae;Poa; 	Poaceae;Poa; 	Poaceae;Poa; 	Poaceae;Poa;
P002_WA09_00037 	Rosaceae;Dryas; 	Rosaceae;Dryas	Rosaceae;Dryas; 	Cyperaceae;Carex; 	Rosaceae;Dryas; 	Rosaceae;Spiraea;
P002_WA10_00041 	Ericaceae;Rhododendron; 	Ericaceae;Rhododendron	Ericaceae;Rhododendron; 	Ericaceae;Rhododendron; 	Ericaceae;Rhododendron; 	Ericaceae;Rhododendron;
P002_WA11_00039 	Poaceae;Calamagrostis; 	Poaceae;Calamagrostis	Poaceae;Calamagrostis; 	Poaceae;Calamagrostis; 	Poaceae;Calamagrostis; 	Poaceae;Calamagrostis;
P002_WA12_00028 	Saxifragaceae;Saxifraga; 	Saxifragaceae;Saxifraga	Saxifragaceae;Saxifraga; 	Saxifragaceae;Saxifraga; 	Saxifragaceae;Saxifraga; 	Saxifragaceae;Saxifraga;
P002_WB01_00094 	Apiaceae;Chaerophyllum; 	Apiaceae;Anthriscus	Apiaceae;Tilingia; 	Apiaceae;Ligusticum; 	Apiaceae;Seseli; 	Apiaceae;Peucedanum;
P002_WB02_00099 	Primulaceae;Primula; 	Primulaceae;Primula	Primulaceae;Primula; 	Primulaceae;Primula; 	Primulaceae;Primula; 	Primulaceae;Primula;
P002_WB03_00052 	Caryophyllaceae;Arenaria; 	Caryophyllaceae;Psammosilene	Rosaceae;Spiraea; 	Caryophyllaceae;Minuartia; 	Caryophyllaceae;Minuartia; 	Caryophyllaceae;Silene;
P002_WB04_00060 	Poaceae;Helictotrichon; 	Poaceae;Helictochloa	Poaceae;Sesleria; 	Poaceae;Festuca; 	Poaceae;Festuca; 	Poaceae;Festuca;
P002_WB05_00044 	Orobanchaceae;Pedicularis; 	Orobanchaceae;Pedicularis	Onagraceae;Epilobium; 	Orobanchaceae;Pedicularis; 	Orobanchaceae;Pedicularis; 	Orobanchaceae;Pedicularis;
P002_WB06_00072 	Rosaceae;Potentilla; 	Rosaceae;Potentilla	Rosaceae;Potentilla; 	Rosaceae;Potentilla; 	Orobanchaceae;Pedicularis; 	Rosaceae;Potentilla;
P002_WB07_00072 	Ericaceae;Bryanthus; 	Ericaceae;Rhododendron	Ericaceae;Kalmia; 	Ericaceae;Rhododendron; 	Ericaceae;Rhododendron; 	Ericaceae;Empetrum;
P002_WB08_00132 	Poaceae;Poa; 	Poaceae;Poa	Poaceae;Phleum; 	Poaceae;Poa; 	Poaceae;Poa; 	Poaceae;Sesleria;
P002_WB09_00029 	Salicaceae;Salix; 	Salicaceae;Salix	Salicaceae;Salix; 	Salicaceae;Salix; 	Salicaceae;Salix; 	Salicaceae;Salix;
P002_WB10_00113 	Caryophyllaceae;Stellaria; 	Caryophyllaceae;Cerastium	Caryophyllaceae;Stellaria; 	Caryophyllaceae;Cerastium; 	Caryophyllaceae;Cerastium; 	Caryophyllaceae;Cerastium;
P002_WB11_00083 	Orobanchaceae;Pedicularis; 	Orobanchaceae;Pedicularis	Orobanchaceae;Pedicularis; 	Orobanchaceae;Pedicularis; 	Orobanchaceae;Pedicularis; 	Orobanchaceae;Pedicularis;
P002_WB12_00070 	Saxifragaceae;Chrysosplenium; 	Saxifragaceae;Chrysosplenium	Saxifragaceae;Saxifraga; 	Saxifragaceae;Saxifraga; 	Saxifragaceae;Saxifraga; 	Saxifragaceae;Saxifraga;
P002_WC01_00044 	Rosaceae;Potentilla; 	Orobanchaceae;Pedicularis	Rosaceae;Potentilla; 	Orobanchaceae;Pedicularis; 	Orobanchaceae;Pedicularis; 	Orobanchaceae;Pedicularis;
P002_WC01_00102 	Rosaceae;Potentilla; 	Rosaceae;Potentilla	Orobanchaceae;Pedicularis; 	Rosaceae;Potentilla; 	Rosaceae;Potentilla; 	Rosaceae;Potentilla;
P002_WC02_00105 	Fabaceae;Oxytropis; 	Fabaceae;Oxytropis	Fabaceae;Oxytropis; 	Fabaceae;Oxytropis; 	Fabaceae;Astragalus; 	Fabaceae;Astragalus;
P002_WC03_00052 	Orobanchaceae;Euphrasia; 	Orobanchaceae;Euphrasia	Brassicaceae;Arabis; 	Salicaceae;Salix; 	Orobanchaceae;Euphrasia; 	Orobanchaceae;Euphrasia;
P002_WC04_00055 	Asteraceae;Aster; 	Asteraceae;Aster	Asteraceae;Solidago; 	Asteraceae;Erigeron; 	Juncaceae;Luzula; 	Asteraceae;Aster;
P002_WC05_00049 	Apiaceae;Tilingia; 	Apiaceae;Pterygopleurum	Apiaceae;Ligusticum; 	Apiaceae;Seseli; 	Apiaceae;Peucedanum; 	Apiaceae;Chaerophyllum;
P002_WC06_00012 	Juncaceae;Luzula; 	Juncaceae;Juncus	Cyperaceae;Carex; 	Juncaceae;Luzula; 	Juncaceae;Luzula; 	Juncaceae;Luzula;
P002_WC07_00052 	Ericaceae;Rhododendron; 	Ericaceae;Rhododendron	Ericaceae;Rhododendron; 	Ericaceae;Rhododendron; 	Ericaceae;Phyllodoce; 	Ericaceae;Empetrum;
P002_WC08_00083 	Brassicaceae;Cardamine; 	Brassicaceae;Cardamine	Brassicaceae;Cardamine; 	Brassicaceae;Cardamine; 	Brassicaceae;Arabis; 	Brassicaceae;Cochlearia;
P002_WC09_00034 	Fabaceae;Astragalus; 	Fabaceae;Astragalus	Fabaceae;Astragalus; 	Fabaceae;Oxytropis; 	Fabaceae;Oxytropis; 	Fabaceae;Oxytropis;
P002_WC10_00049 	Polygonaceae;Persicaria; 	Polygonaceae;Bistorta	Polygonaceae;Bistorta; 	Polygonaceae;Polygonum; 	Polygonaceae;Bistorta; 	Polygonaceae;Rumex;
P002_WC11_00065 	Caryophyllaceae;Minuartia; 	Caryophyllaceae;Psammosilene	Caryophyllaceae;Minuartia; 	Caryophyllaceae;Minuartia; 	Caryophyllaceae;Minuartia; 	Rosaceae;Spiraea;
P002_WC12_00135 	Cyperaceae;Eriophorum; 	Cyperaceae;Carex	Cyperaceae;Eriophorum; 	Cyperaceae;Eriophorum; 	Cyperaceae;Eriophorum; 	Cyperaceae;Eriophorum;
P002_WD01_00027 	Orobanchaceae;Pedicularis; 	Rosaceae;Potentilla	Orobanchaceae;Pedicularis; 	Rosaceae;Potentilla; 	Rosaceae;Potentilla; 	Rosaceae;Potentilla;
P002_WD01_00188 	Orobanchaceae;Pedicularis; 	Orobanchaceae;Pedicularis	Rosaceae;Potentilla; 	Orobanchaceae;Pedicularis; 	Orobanchaceae;Pedicularis; 	Orobanchaceae;Pedicularis;
P002_WD02_00057 	Violaceae;Viola; 	Violaceae;Viola	Violaceae;Viola; 	Salicaceae;Salix; 	Salicaceae;Salix; 	Salicaceae;Salix;
P002_WD03_00060 	Asteraceae;Erigeron; 	Asteraceae;Erigeron	Asteraceae;Erigeron; 	Asteraceae;Erigeron; 	Asteraceae;Solidago; 	Asteraceae;Aster;
P002_WD04_00027 	Rosaceae;Potentilla; 	Rosaceae;Potentilla	Rosaceae;Potentilla; 	Rosaceae;Potentilla; 	Rosaceae;Potentilla; 	Orobanchaceae;Pedicularis;
P002_WD05_00026 	Plantaginaceae;Pennellianthus; 	Plantaginaceae;Penstemon	Lamiaceae;Betonica; 	Lentibulariaceae;Pinguicula; 	Orobanchaceae;Pedicularis; 	Lentibulariaceae;Pinguicula;
P002_WD06_00089 	Poaceae;Deschampsia; 	Poaceae;Agrostis	Poaceae;Agrostis; 	Poaceae;Agrostis; 	Poaceae;Calamagrostis; 	Poaceae;Calamagrostis;
P002_WD07_00040 	Asteraceae;Saussurea; 	Asteraceae;Saussurea	Asteraceae;Saussurea; 	Plantaginaceae;Veronica; 	Asteraceae;Cirsium; 	Poaceae;Calamagrostis;
P002_WD08_00073 	Fabaceae;Oxytropis; 	Fabaceae;Oxytropis	Fabaceae;Oxytropis; 	Fabaceae;Oxytropis; 	Fabaceae;Astragalus; 	Fabaceae;Astragalus;
P002_WD09_00087 	Plumbaginaceae;Armeria; 	Plumbaginaceae;Limonium	Polygonaceae;Rumex; 	Polygonaceae;Rumex; 	Polygonaceae;Rumex; 	Polygonaceae;Polygonum;
P002_WD10_00031 	Salicaceae;Salix; 	Salicaceae;Salix	Salicaceae;Salix; 	Salicaceae;Salix; 	Salicaceae;Salix; 	Salicaceae;Salix;
P002_WD11_00065 	Poaceae;Hierochloe; 	Poaceae;Hierochloe	Poaceae;Hierochloe; 	Poaceae;Calamagrostis; 	Poaceae;Calamagrostis; 	Poaceae;Calamagrostis;
P002_WD11_00069 	Poaceae;Hierochloe; 	Poaceae;Chasmanthium	Poaceae;Nardus; 	Poaceae;Hierochloe; 	Poaceae;Hierochloe; 	Poaceae;Agrostis;
P002_WD12_00051 	Polygonaceae;Rumex; 	Polygonaceae;Rumex	Polygonaceae;Rumex; 	Polygonaceae;Rumex; 	Polygonaceae;Oxyria; 	Polygonaceae;Polygonum;
P002_WE01_00042 	Asteraceae;Centaurea; 	Asteraceae;Carthamus	Poaceae;Calamagrostis; 	Asteraceae;Saussurea; 	Asteraceae;Saussurea; 	Asteraceae;Cirsium;
P002_WE02_00077 	Plantaginaceae;Plantago; 	Plantaginaceae;Plantago	Plantaginaceae;Veronica; 	Fabaceae;Hedysarum; 	Plantaginaceae;Pennellianthus; 	Plantaginaceae;Veronica;
P002_WE03_00067 	Ranunculaceae;Ranunculus; 	Ranunculaceae;Ranunculus	Caryophyllaceae;Dianthus; 	Ranunculaceae;Ranunculus; 	Brassicaceae;Arabis; 	Ranunculaceae;Ranunculus;
P002_WE04_00098 	Ranunculaceae;Anemone; 	Ranunculaceae;Anemone	Ranunculaceae;Anemone; 	Ranunculaceae;Pulsatilla; 	Ranunculaceae;Thalictrum; 	Cyperaceae;Carex;
P002_WE05_00099 	Campanulaceae;Campanula; 	Campanulaceae;Campanula	Campanulaceae;Campanula; 	Campanulaceae;Campanula; 	Campanulaceae;Campanula; 	Campanulaceae;Campanula;
P002_WE06_00028 	Caprifoliaceae;Patrinia; 	Caprifoliaceae;Patrinia	Caprifoliaceae;Scabiosa; 	Apiaceae;Tilingia; 	Apiaceae;Seseli; 	Ericaceae;Arctous;
P002_WE07_00027 	Rosaceae;Spiraea; 	Rosaceae;Spiraea	Rosaceae;Dryas; 	Rosaceae;Dryas; 	Rosaceae;Dryas; 	Cyperaceae;Carex;
P002_WE07_00197 	Rosaceae;Spiraea; 	Caryophyllaceae;Colobanthus	Caryophyllaceae;Minuartia; 	Caryophyllaceae;Minuartia; 	Caryophyllaceae;Sagina; 	Caryophyllaceae;Minuartia;
P002_WE08_00100 	Poaceae;Alopecurus; 	Poaceae;Alopecurus	Poaceae;Alopecurus; 	Poaceae;Alopecurus; 	Poaceae;Phleum; 	Poaceae;Sesleria;
P002_WE09_00026 	Betulaceae;Betula; 	Betulaceae;Betula	Betulaceae;Betula; 	Rosaceae;Dryas; 	Rosaceae;Dryas; 	Cyperaceae;Carex;
P002_WE10_00025 	Saxifragaceae;Saxifraga; 	Saxifragaceae;Saxifraga	Saxifragaceae;Saxifraga; 	Saxifragaceae;Saxifraga; 	Saxifragaceae;Saxifraga; 	Saxifragaceae;Saxifraga;
P002_WE11_00013 	Poaceae;Alopecurus; 	Poaceae;Alopecurus	Poaceae;Alopecurus; 	Poaceae;Alopecurus; 	Poaceae;Phleum; 	Poaceae;Sesleria;
P002_WE12_00100 	Poaceae;Arctophila; 	Poaceae;Beckmannia	Poaceae;Arctophila; 	Poaceae;Dupontia; 	Poaceae;Arctagrostis; 	Poaceae;Sesleria;
P002_WF01_00063 	Poaceae;Calamagrostis; 	Asteraceae;Carthamus	Poaceae;Calamagrostis; 	Asteraceae;Saussurea; 	Asteraceae;Saussurea; 	Asteraceae;Cirsium;
P002_WF01_00187 	Poaceae;Calamagrostis; 	Poaceae;Calamagrostis	Poaceae;Calamagrostis; 	Poaceae;Calamagrostis; 	Poaceae;Calamagrostis; 	Poaceae;Calamagrostis;
P002_WF02_00051 	Plantaginaceae;Veronica; 	Plantaginaceae;Veronica	Fabaceae;Hedysarum; 	Plantaginaceae;Veronica; 	Asteraceae;Cirsium; 	Plantaginaceae;Veronica;
P002_WF03_00045 	Caryophyllaceae;Minuartia; 	Caryophyllaceae;Psammosilene	Caryophyllaceae;Minuartia; 	Caryophyllaceae;Minuartia; 	Caryophyllaceae;Minuartia; 	Rosaceae;Spiraea;
P002_WF04_00008 	Orobanchaceae;Pedicularis; 	Orobanchaceae;Pedicularis	Rosaceae;Potentilla; 	Orobanchaceae;Pedicularis; 	Orobanchaceae;Pedicularis; 	Orobanchaceae;Pedicularis;
P002_WF05_00003 	Ericaceae;Rhododendron; 	Ericaceae;Rhododendron	Ericaceae;Rhododendron; 	Ericaceae;Rhododendron; 	Ericaceae;Rhododendron; 	Ericaceae;Rhododendron;
P002_WF06_00099 	Ericaceae;Phyllodoce; 	Ericaceae;Rhododendron	Ericaceae;Kalmia; 	Ericaceae;Rhododendron; 	Ericaceae;Rhododendron; 	Ericaceae;Empetrum;
P002_WF07_00023 	Caryophyllaceae;Minuartia; 	Caryophyllaceae;Colobanthus	Caryophyllaceae;Minuartia; 	Caryophyllaceae;Minuartia; 	Caryophyllaceae;Sagina; 	Caryophyllaceae;Minuartia;
P002_WF08_00057 	Poaceae;Dupontia; 	Poaceae;Beckmannia	Poaceae;Phleum; 	Poaceae;Arctophila; 	Poaceae;Arctagrostis; 	Poaceae;Sesleria;
P002_WF09_00007 	Ericaceae;Pyrola; 	Ericaceae;Pyrola	Ericaceae;Pyrola; 	Ericaceae;Pyrola; 	Ericaceae;Pyrola; 	Ericaceae;Arctous;
P002_WF10_00018 	Rosaceae;Potentilla; 	Rosaceae;Potentilla	Rosaceae;Potentilla; 	Rosaceae;Potentilla; 	Orobanchaceae;Pedicularis; 	Rosaceae;Potentilla;
P002_WF11_00099 	Juncaceae;Luzula; 	Juncaceae;Juncus	Cyperaceae;Carex; 	Juncaceae;Luzula; 	Juncaceae;Luzula; 	Juncaceae;Luzula;
P002_WF12_00125 	Cyperaceae;Carex; 	Cyperaceae;Carex	Cyperaceae;Carex; 	Cyperaceae;Carex; 	Cyperaceae;Carex; 	Cyperaceae;Carex;
P002_WG02_00068 	Fabaceae;Hedysarum; 	Plantaginaceae;Veronica	Fabaceae;Hedysarum; 	Plantaginaceae;Veronica; 	Asteraceae;Cirsium; 	Plantaginaceae;Veronica;
P002_WG02_00197 	Fabaceae;Hedysarum; 	Fabaceae;Hedysarum	Fabaceae;Hedysarum; 	Fabaceae;Oxytropis; 	Fabaceae;Astragalus; 	Fabaceae;Oxytropis;
P002_WG03_00056 	Liliaceae;Fritillaria; 	Liliaceae;Fritillaria	Liliaceae;Gagea; 	Orchidaceae;Coeloglossum; 	Tofieldiaceae;Tofieldia; 	Cyperaceae;Eriophorum;
P002_WG04_00043 	Rosaceae;Alchemilla; 	Rosaceae;Alchemilla	Rosaceae;Potentilla; 	Rosaceae;Sibbaldia; 	Rosaceae;Potentilla; 	Rosaceae;Potentilla;
P002_WG05_00025 	Poaceae;Calamagrostis; 	Poaceae;Calamagrostis	Poaceae;Calamagrostis; 	Poaceae;Calamagrostis; 	Poaceae;Calamagrostis; 	Poaceae;Calamagrostis;
P002_WG06_00022 	Juncaceae;Juncus; 	Juncaceae;Juncus	Juncaceae;Juncus; 	Juncaceae;Luzula; 	Juncaceae;Luzula; 	Cyperaceae;Carex;
P002_WG07_00133 	Cyperaceae;Carex; 	Cyperaceae;Carex	Asteraceae;Cirsium; 	Tofieldiaceae;Tofieldia; 	Cyperaceae;Carex; 	Cyperaceae;Carex;
P002_WG08_00108 	Cyperaceae;Eriophorum; 	Cyperaceae;Carex	Cyperaceae;Eriophorum; 	Cyperaceae;Eriophorum; 	Cyperaceae;Eriophorum; 	Cyperaceae;Eriophorum;
P002_WG09_00060 	Salicaceae;Salix; 	Salicaceae;Salix	Salicaceae;Salix; 	Salicaceae;Salix; 	Salicaceae;Salix; 	Salicaceae;Salix;
P002_WG10_00048 	Saxifragaceae;Saxifraga; 	Saxifragaceae;Micranthes	Saxifragaceae;Saxifraga; 	Saxifragaceae;Saxifraga; 	Saxifragaceae;Saxifraga; 	Brassicaceae;Draba;
P002_WG11_00039 	Salicaceae;Salix; 	Salicaceae;Salix	Salicaceae;Salix; 	Salicaceae;Salix; 	Salicaceae;Salix; 	Salicaceae;Salix;
P002_WG12_00083 	Ericaceae;Vaccinium; 	Ericaceae;Vaccinium	Ericaceae;Vaccinium; 	Ericaceae;Vaccinium; 	Ericaceae;Vaccinium; 	Ericaceae;Vaccinium;
P002_WH01_00055 	Ranunculaceae;Pulsatilla; 	Ranunculaceae;Anemone	Ranunculaceae;Anemone; 	Ranunculaceae;Anemone; 	Ranunculaceae;Thalictrum; 	Cyperaceae;Carex;
P002_WH02_00114 	Crassulaceae;Sempervivum; 	Crassulaceae;Sempervivum	Crassulaceae;Sedum; 	Crassulaceae;Sedum; 	Crassulaceae;Rhodiola; 	Crassulaceae;Sedum;
P002_WH03_00072 	Rubiaceae;Galium; 	Rubiaceae;Galium	Rubiaceae;Galium; 	Rubiaceae;Cruciata; 	Lamiaceae;Betonica; 	Orobanchaceae;Pedicularis;
P002_WH04_00099 	Apiaceae;Bupleurum; 	Apiaceae;Bupleurum	Apiaceae;Bupleurum; 	Apiaceae;Tilingia; 	Apiaceae;Peucedanum; 	Apiaceae;Seseli;
P002_WH05_00084 	Ranunculaceae;Anemone; 	Ranunculaceae;Anemone	Ranunculaceae;Anemone; 	Ranunculaceae;Pulsatilla; 	Ranunculaceae;Thalictrum; 	Cyperaceae;Carex;
P002_WH06_00082 	Asteraceae;Artemisia; 	Asteraceae;Artemisia	Asteraceae;Anthemis; 	Asteraceae;Matricaria; 	Asteraceae;Achillea; 	Asteraceae;Leucanthemum;
P002_WH07_00054 	Caryophyllaceae;Cerastium; 	Caryophyllaceae;Cerastium	Caryophyllaceae;Cerastium; 	Caryophyllaceae;Cerastium; 	Caryophyllaceae;Cerastium; 	Caryophyllaceae;Cerastium;
P002_WH08_00006 	Cyperaceae;Carex; 	Cyperaceae;Carex	Cyperaceae;Carex; 	Cyperaceae;Carex; 	Cyperaceae;Carex; 	Cyperaceae;Carex;
P002_WH09_00049 	Ericaceae;Rhododendron; 	Ericaceae;Rhododendron	Ericaceae;Rhododendron; 	Ericaceae;Rhododendron; 	Ericaceae;Rhododendron; 	Ericaceae;Rhododendron;
P002_WH10_00027 	Poaceae;Arctagrostis; 	Poaceae;Arctagrostis	Poaceae;Phleum; 	Poaceae;Arctophila; 	Poaceae;Dupontia; 	Poaceae;Sesleria;
P002_WH11_00023 	Brassicaceae;Draba; 	Brassicaceae;Draba	Brassicaceae;Draba; 	Brassicaceae;Cardamine; 	Brassicaceae;Draba; 	Brassicaceae;Cochlearia;
P002_WH12_00117 	Orobanchaceae;Pedicularis; 	Orobanchaceae;Pedicularis	Onagraceae;Epilobium; 	Orobanchaceae;Pedicularis; 	Orobanchaceae;Pedicularis; 	Orobanchaceae;Pedicularis;
P003_WA01_00096 	Rosaceae;Potentilla; 	Rosaceae;Dasiphora	Rosaceae;Sibbaldia; 	Rosaceae;Potentilla; 	Rosaceae;Potentilla; 	Rosaceae;Potentilla;
P003_WA02_00089 	Poaceae;Poa; 	Poaceae;Poa	Poaceae;Poa; 	Poaceae;Poa; 	Poaceae;Poa; 	Poaceae;Poa;
P003_WA03_00063 	Polygonaceae;Bistorta; 	Polygonaceae;Bistorta	Polygonaceae;Bistorta; 	Polygonaceae;Polygonum; 	Polygonaceae;Bistorta; 	Polygonaceae;Rumex;
P003_WA04_00051 	Crassulaceae;Sedum; 	Crassulaceae;Graptopetalum	Crassulaceae;Sempervivum; 	Crassulaceae;Sedum; 	Crassulaceae;Sedum; 	Crassulaceae;Rhodiola;
P003_WA06_00075 	Poaceae;Festuca; 	Poaceae;Festuca	Poaceae;Festuca; 	Poaceae;Festuca; 	Poaceae;Festuca; 	Poaceae;Festuca;
P003_WA07_00153 	Cyperaceae;Carex; 	Poaceae;Festuca	Cyperaceae;Carex; 	Poaceae;Festuca; 	Poaceae;Festuca; 	Poaceae;Festuca;
P003_WA07_00177 	Cyperaceae;Carex; 	Cyperaceae;Carex	Cyperaceae;Carex; 	Tofieldiaceae;Tofieldia; 	Cyperaceae;Carex; 	Cyperaceae;Carex;
P003_WA08_00065 	Asteraceae;Senecio; 	Asteraceae;Sinosenecio	Asteraceae;Petasites; 	Asteraceae;Solidago; 	Asteraceae;Saussurea; 	Asteraceae;Saussurea;
P003_WA09_00022 	Caryophyllaceae;Cerastium; 	Caryophyllaceae;Cerastium	Caryophyllaceae;Cerastium; 	Caryophyllaceae;Cerastium; 	Caryophyllaceae;Cerastium; 	Caryophyllaceae;Cerastium;
P003_WA10_00039 	Gentianaceae;Gentiana; 	Gentianaceae;Gentiana	Gentianaceae;Gentiana; 	Gentianaceae;Gentiana; 	Gentianaceae;Gentiana; 	Gentianaceae;Gentiana;
P003_WA10_00220 	Gentianaceae;Gentiana; 	Primulaceae;Myrsine	Primulaceae;Soldanella; 	Primulaceae;Soldanella; 	Primulaceae;Primula; 	Primulaceae;Primula;
P003_WA11_00059 	Primulaceae;Soldanella; 	Primulaceae;Bryocarpum	Primulaceae;Soldanella; 	Primulaceae;Primula; 	Primulaceae;Primula; 	Primulaceae;Primula;
P003_WB01_00087 	Asteraceae;Solidago; 	Asteraceae;Senecio	Asteraceae;Petasites; 	Asteraceae;Senecio; 	Asteraceae;Saussurea; 	Asteraceae;Saussurea;
P003_WB02_00030 	Rubiaceae;Galium; 	Rubiaceae;Galium	Rubiaceae;Galium; 	Rubiaceae;Cruciata; 	Lentibulariaceae;Pinguicula; 	Plantaginaceae;Pennellianthus;
P003_WB03_00033 	Equisetaceae;Equisetum; 	Equisetaceae;Equisetum	Equisetaceae;Equisetum; 	Equisetaceae;Equisetum; 	Equisetaceae;Equisetum; 	Equisetaceae;Equisetum;
P003_WB04_00134 	Cyperaceae;Eriophorum; 	Cyperaceae;Carex	Cyperaceae;Eriophorum; 	Cyperaceae;Eriophorum; 	Cyperaceae;Eriophorum; 	Cyperaceae;Eriophorum;
P003_WB05_00010 	Saxifragaceae;Saxifraga; 	Saxifragaceae;Saxifraga	Saxifragaceae;Saxifraga; 	Saxifragaceae;Saxifraga; 	Saxifragaceae;Saxifraga; 	Saxifragaceae;Saxifraga;
P003_WB06_00057 	Caryophyllaceae;Silene; 	Caryophyllaceae;Silene	Caryophyllaceae;Silene; 	Caryophyllaceae;Silene; 	Caryophyllaceae;Silene; 	Caryophyllaceae;Viscaria;
P003_WB07_00039 	Ericaceae;Vaccinium; 	Ericaceae;Vaccinium	Ericaceae;Vaccinium; 	Ericaceae;Vaccinium; 	Ericaceae;Vaccinium; 	Ericaceae;Vaccinium;
P003_WB08_00093 	Asteraceae;Antennaria; 	Asteraceae;Antennaria	Asteraceae;Antennaria; 	Poaceae;Festuca; 	Asteraceae;Antennaria; 	Asteraceae;Gnaphalium;
P003_WB09_00146 	Cyperaceae;Eriophorum; 	Cyperaceae;Carex	Cyperaceae;Eriophorum; 	Cyperaceae;Eriophorum; 	Cyperaceae;Eriophorum; 	Cyperaceae;Eriophorum;
P003_WB10_00070 	Fabaceae;Hedysarum; 	Fabaceae;Hedysarum	Fabaceae;Hedysarum; 	Fabaceae;Oxytropis; 	Fabaceae;Astragalus; 	Fabaceae;Oxytropis;
P003_WB11_00086 	Apiaceae;Ligusticum; 	Apiaceae;Heracleum	Apiaceae;Seseli; 	Apiaceae;Peucedanum; 	Apiaceae;Tilingia; 	Apiaceae;Chaerophyllum;
P003_WC01_00079 	Polygonaceae;Bistorta; 	Polygonaceae;Bistorta	Polygonaceae;Polygonum; 	Polygonaceae;Persicaria; 	Polygonaceae;Bistorta; 	Polygonaceae;Rumex;
P003_WC02_00023 	Ericaceae;Rhododendron; 	Ericaceae;Rhododendron	Ericaceae;Rhododendron; 	Ericaceae;Rhododendron; 	Ericaceae;Rhododendron; 	Ericaceae;Rhododendron;
P003_WC03_00028 	Ranunculaceae;Trollius; 	Ranunculaceae;Trollius	Ranunculaceae;Thalictrum; 	Cyperaceae;Carex; 	Ranunculaceae;Aconitum; 	Cyperaceae;Carex;
P003_WC04_00120 	Cyperaceae;Carex; 	Cyperaceae;Carex	Cyperaceae;Carex; 	Crassulaceae;Sedum; 	Cyperaceae;Kobresia; 	Cyperaceae;Carex;
P003_WC05_00108 	Salicaceae;Salix; 	Salicaceae;Salix	Salicaceae;Salix; 	Salicaceae;Salix; 	Salicaceae;Salix; 	Salicaceae;Salix;
P003_WC06_00049 	Primulaceae;Primula; 	Primulaceae;Primula	Primulaceae;Primula; 	Primulaceae;Primula; 	Primulaceae;Primula; 	Primulaceae;Trientalis;
P003_WC07_00145 	Juncaceae;Luzula; 	Brassicaceae;Cochlearia	Brassicaceae;Cochlearia; 	Brassicaceae;Cardamine; 	Brassicaceae;Cardamine; 	Brassicaceae;Draba;
P003_WC07_00207 	Juncaceae;Luzula; 	Juncaceae;Juncus	Juncaceae;Luzula; 	Cyperaceae;Carex; 	Juncaceae;Luzula; 	Juncaceae;Luzula;
P003_WC08_00099 	Poaceae;Poa; 	Poaceae;Poa	Poaceae;Poa; 	Poaceae;Poa; 	Poaceae;Poa; 	Poaceae;Poa;
P003_WC09_00039 	Cyperaceae;Carex; 	Cyperaceae;Carex	Cyperaceae;Carex; 	Cyperaceae;Carex; 	Cyperaceae;Carex; 	Cyperaceae;Carex;
P003_WC10_00067 	Asteraceae;Leucanthemum; 	Asteraceae;Leucanthemum	Asteraceae;Anthemis; 	Asteraceae;Matricaria; 	Asteraceae;Achillea; 	Asteraceae;Artemisia;
P003_WC11_00028 	Asteraceae;Achillea; 	Asteraceae;Achillea	Asteraceae;Anthemis; 	Asteraceae;Matricaria; 	Asteraceae;Artemisia; 	Asteraceae;Leucanthemum;
P003_WC12_00155 	Juncaceae;Luzula; 	Asteraceae;Diplostephium	Asteraceae;Aster; 	Asteraceae;Solidago; 	Asteraceae;Aster; 	Asteraceae;Erigeron;
P003_WC12_00187 	Juncaceae;Luzula; 	Juncaceae;Juncus	Juncaceae;Luzula; 	Cyperaceae;Carex; 	Juncaceae;Luzula; 	Juncaceae;Luzula;
P003_WD01_00082 	Ericaceae;Rhododendron; 	Ericaceae;Rhododendron	Ericaceae;Rhododendron; 	Ericaceae;Rhododendron; 	Ericaceae;Rhododendron; 	Ericaceae;Rhododendron;
P003_WD02_00044 	Brassicaceae;Draba; 	Brassicaceae;Draba	Brassicaceae;Draba; 	Brassicaceae;Draba; 	Brassicaceae;Arabis; 	Brassicaceae;Arabis;
P003_WD03_00061 	Lentibulariaceae;Pinguicula; 	Lentibulariaceae;Pinguicula	Lentibulariaceae;Pinguicula; 	Lentibulariaceae;Pinguicula; 	Lentibulariaceae;Pinguicula; 	Plantaginaceae;Pennellianthus;
P003_WD03_00076 	Lentibulariaceae;Pinguicula; 	Lentibulariaceae;Pinguicula	Lentibulariaceae;Pinguicula; 	Lentibulariaceae;Pinguicula; 	Plantaginaceae;Pennellianthus; 	Orobanchaceae;Pedicularis;
P003_WD04_00063 	Fabaceae;Trifolium; 	Fabaceae;Trifolium	Fabaceae;Trifolium; 	Fabaceae;Oxytropis; 	Fabaceae;Oxytropis; 	Fabaceae;Oxytropis;
P003_WD06_00054 	Ranunculaceae;Ranunculus; 	Ranunculaceae;Ranunculus	Ranunculaceae;Ranunculus; 	Ranunculaceae;Ranunculus; 	Caryophyllaceae;Dianthus; 	Ranunculaceae;Ranunculus;
P003_WD07_00033 	Brassicaceae;Cochlearia; 	Brassicaceae;Cochlearia	Brassicaceae;Cochlearia; 	Brassicaceae;Cardamine; 	Brassicaceae;Cardamine; 	Brassicaceae;Draba;
P003_WD08_00107 	Caryophyllaceae;Stellaria; 	Caryophyllaceae;Cerastium	Caryophyllaceae;Stellaria; 	Caryophyllaceae;Cerastium; 	Caryophyllaceae;Cerastium; 	Caryophyllaceae;Cerastium;
P003_WD09_00107 	Salicaceae;Salix; 	Salicaceae;Salix	Salicaceae;Salix; 	Salicaceae;Salix; 	Salicaceae;Salix; 	Salicaceae;Salix;
P003_WD10_00066 	Caryophyllaceae;Sagina; 	Caryophyllaceae;Colobanthus	Caryophyllaceae;Minuartia; 	Rosaceae;Spiraea; 	Caryophyllaceae;Minuartia; 	Caryophyllaceae;Minuartia;
P003_WD11_00067 	Primulaceae;Androsace; 	Primulaceae;Androsace	Primulaceae;Primula; 	Primulaceae;Primula; 	Primulaceae;Primula; 	Primulaceae;Trientalis;
P003_WD12_00031 	Plantaginaceae;Veronica; 	Plantaginaceae;Neopicrorhiza	Asteraceae;Cirsium; 	Plantaginaceae;Veronica; 	Plantaginaceae;Veronica; 	Fabaceae;Hedysarum;
P003_WD12_00200 	Plantaginaceae;Veronica; 	Asteraceae;Cirsium	Asteraceae;Cirsium; 	Asteraceae;Saussurea; 	Asteraceae;Saussurea; 	Poaceae;Calamagrostis;
P003_WE01_00094 	Orobanchaceae;Pedicularis; 	Orobanchaceae;Pedicularis	Onagraceae;Epilobium; 	Orobanchaceae;Pedicularis; 	Orobanchaceae;Pedicularis; 	Orobanchaceae;Pedicularis;
P003_WE02_00079 	Poaceae;Festuca; 	Poaceae;Festuca	Poaceae;Festuca; 	Poaceae;Festuca; 	Poaceae;Festuca; 	Poaceae;Festuca;
P003_WE02_00111 	Poaceae;Festuca; 	Asteraceae;Antennaria	Asteraceae;Antennaria; 	Poaceae;Festuca; 	Asteraceae;Antennaria; 	Asteraceae;Gnaphalium;
P003_WE03_00065 	Equisetaceae;Equisetum; 	Equisetaceae;Equisetum	Equisetaceae;Equisetum; 	Equisetaceae;Equisetum; 	Equisetaceae;Equisetum; 	Equisetaceae;Equisetum;
P003_WE04_00123 	Poaceae;Agrostis; 	Poaceae;Agrostis	Poaceae;Calamagrostis; 	Poaceae;Calamagrostis; 	Poaceae;Calamagrostis; 	Poaceae;Agrostis;
P003_WE07_00086 	Cyperaceae;Eriophorum; 	Cyperaceae;Carex	Cyperaceae;Eriophorum; 	Cyperaceae;Eriophorum; 	Cyperaceae;Eriophorum; 	Cyperaceae;Eriophorum;
P003_WE08_00043 	Plantaginaceae;Veronica; 	Plantaginaceae;Neopicrorhiza	Plantaginaceae;Veronica; 	Plantaginaceae;Veronica; 	Asteraceae;Cirsium; 	Fabaceae;Hedysarum;
P003_WE09_00093 	Salicaceae;Salix; 	Salicaceae;Salix	Salicaceae;Salix; 	Salicaceae;Salix; 	Salicaceae;Salix; 	Salicaceae;Salix;
P003_WE10_00051 	Orobanchaceae;Pedicularis; 	Orobanchaceae;Pedicularis	Onagraceae;Epilobium; 	Orobanchaceae;Pedicularis; 	Orobanchaceae;Pedicularis; 	Orobanchaceae;Pedicularis;
P003_WE11_00027 	Cyperaceae;Carex; 	Juncaceae;Juncus	Juncaceae;Luzula; 	Juncaceae;Luzula; 	Juncaceae;Luzula; 	Juncaceae;Luzula;
P003_WE11_00204 	Cyperaceae;Carex; 	Cyperaceae;Carex	Cyperaceae;Carex; 	Cyperaceae;Carex; 	Cyperaceae;Carex; 	Cyperaceae;Carex;
P003_WE12_00072 	Caryophyllaceae;Dianthus; 	Caryophyllaceae;Dianthus	Ranunculaceae;Ranunculus; 	Caryophyllaceae;Viscaria; 	Caryophyllaceae;Silene; 	Caryophyllaceae;Minuartia;
P003_WE12_00152 	Caryophyllaceae;Dianthus; 	Ranunculaceae;Ranunculus	Ranunculaceae;Ranunculus; 	Ranunculaceae;Ranunculus; 	Brassicaceae;Arabis; 	Ranunculaceae;Ranunculus;
P003_WF01_00204 	Onagraceae;Epilobium; 	Onagraceae;Epilobium	Rosaceae;Dryas; 	Rosaceae;Dryas; 	Rosaceae;Dryas; 	Cyperaceae;Carex;
P003_WF01_00271 	Onagraceae;Epilobium; 	Cyperaceae;Carex	Cyperaceae;Carex; 	Tofieldiaceae;Tofieldia; 	Cyperaceae;Carex; 	Cyperaceae;Carex;
P003_WF01_00397 	Onagraceae;Epilobium; 	Orobanchaceae;Pedicularis	Orobanchaceae;Pedicularis; 	Orobanchaceae;Pedicularis; 	Orobanchaceae;Pedicularis; 	Orobanchaceae;Pedicularis;
P003_WF02_00045 	Rosaceae;Dryas; 	Rosaceae;Dryas	Rosaceae;Dryas; 	Cyperaceae;Carex; 	Rosaceae;Dryas; 	Rosaceae;Spiraea;
P003_WF03_00121 	Cyperaceae;Carex; 	Cyperaceae;Carex	Cyperaceae;Carex; 	Cyperaceae;Carex; 	Cyperaceae;Carex; 	Cyperaceae;Carex;
P003_WF04_00057 	Brassicaceae;Cardamine; 	Brassicaceae;Cardamine	Brassicaceae;Cardamine; 	Juncaceae;Luzula; 	Brassicaceae;Cochlearia; 	Brassicaceae;Draba;
P003_WF06_00065 	Asteraceae;Solidago; 	Asteraceae;Diplostephium	Asteraceae;Aster; 	Asteraceae;Erigeron; 	Juncaceae;Luzula; 	Asteraceae;Aster;
P003_WF07_00034 	Caryophyllaceae;Silene; 	Caryophyllaceae;Silene	Caryophyllaceae;Silene; 	Caryophyllaceae;Silene; 	Caryophyllaceae;Silene; 	Caryophyllaceae;Viscaria;
P003_WF08_00027 	Salicaceae;Salix; 	Salicaceae;Salix	Salicaceae;Salix; 	Salicaceae;Salix; 	Salicaceae;Salix; 	Salicaceae;Salix;
P003_WF09_00048 	Gentianaceae;Gentiana; 	Gentianaceae;Gentiana	Gentianaceae;Gentiana; 	Gentianaceae;Gentiana; 	Gentianaceae;Gentiana; 	Gentianaceae;Gentiana;
P003_WF10_00085 	Caryophyllaceae;Minuartia; 	Caryophyllaceae;Colobanthus	Rosaceae;Spiraea; 	Caryophyllaceae;Minuartia; 	Caryophyllaceae;Sagina; 	Caryophyllaceae;Minuartia;
P003_WF11_00014 	Ranunculaceae;Ranunculus; 	Caryophyllaceae;Dianthus	Ranunculaceae;Ranunculus; 	Caryophyllaceae;Viscaria; 	Caryophyllaceae;Silene; 	Caryophyllaceae;Minuartia;
P003_WF11_00085 	Ranunculaceae;Ranunculus; 	Ranunculaceae;Ranunculus	Ranunculaceae;Ranunculus; 	Ranunculaceae;Ranunculus; 	Brassicaceae;Arabis; 	Ranunculaceae;Ranunculus;
P003_WF12_00041 	Poaceae;Festuca; 	Poaceae;Festuca	Poaceae;Festuca; 	Poaceae;Festuca; 	Poaceae;Festuca; 	Poaceae;Festuca;
P003_WG01_00085 	Ranunculaceae;Aconitum; 	Ranunculaceae;Aconitum	Cyperaceae;Carex; 	Ranunculaceae;Thalictrum; 	Cyperaceae;Carex; 	Ranunculaceae;Trollius;
P003_WG02_00036 	Cyperaceae;Carex; 	Rosaceae;Dryas	Rosaceae;Dryas; 	Cyperaceae;Carex; 	Rosaceae;Dryas; 	Rosaceae;Spiraea;
P003_WG02_00096 	Cyperaceae;Carex; 	Cyperaceae;Carex	Cyperaceae;Carex; 	Tofieldiaceae;Tofieldia; 	Cyperaceae;Carex; 	Cyperaceae;Carex;
P003_WG02_00236 	Cyperaceae;Carex; 	Ranunculaceae;Aconitum	Cyperaceae;Carex; 	Ranunculaceae;Thalictrum; 	Cyperaceae;Carex; 	Ranunculaceae;Trollius;
P003_WG03_00072 	Primulaceae;Soldanella; 	Primulaceae;Bryocarpum	Primulaceae;Soldanella; 	Primulaceae;Primula; 	Primulaceae;Primula; 	Primulaceae;Primula;
P003_WG04_00061 	Brassicaceae;Cardamine; 	Brassicaceae;Cardamine	Brassicaceae;Cardamine; 	Juncaceae;Luzula; 	Brassicaceae;Cochlearia; 	Brassicaceae;Draba;
P003_WG05_00029 	Asteraceae;Leucanthemopsis; 	Asteraceae;Tanacetum	Asteraceae;Matricaria; 	Asteraceae;Anthemis; 	Asteraceae;Achillea; 	Asteraceae;Leucanthemum;
P003_WG06_00070 	Lentibulariaceae;Pinguicula; 	Lentibulariaceae;Pinguicula	Lentibulariaceae;Pinguicula; 	Plantaginaceae;Pennellianthus; 	Orobanchaceae;Pedicularis; 	Lamiaceae;Betonica;
P003_WG08_00136 	Brassicaceae;Draba; 	Brassicaceae;Draba	Brassicaceae;Draba; 	Brassicaceae;Draba; 	Brassicaceae;Arabis; 	Brassicaceae;Arabis;
P003_WG08_00214 	Brassicaceae;Draba; 	Saxifragaceae;Micranthes	Saxifragaceae;Saxifraga; 	Saxifragaceae;Saxifraga; 	Saxifragaceae;Saxifraga; 	Saxifragaceae;Saxifraga;
P003_WG09_00102 	Poaceae;Sesleria; 	Poaceae;Sesleria	Poaceae;Festuca; 	Poaceae;Festuca; 	Poaceae;Festuca; 	Poaceae;Festuca;
P003_WG10_00020 	Juncaceae;Juncus; 	Juncaceae;Juncus	Juncaceae;Juncus; 	Juncaceae;Juncus; 	Cyperaceae;Carex; 	Juncaceae;Luzula;
P003_WG11_00079 	Asteraceae;Cirsium; 	Cyperaceae;Carex	Cyperaceae;Carex; 	Tofieldiaceae;Tofieldia; 	Cyperaceae;Carex; 	Cyperaceae;Carex;
P003_WG11_00224 	Asteraceae;Cirsium; 	Poaceae;Festuca	Poaceae;Festuca; 	Poaceae;Festuca; 	Asteraceae;Cirsium; 	Poaceae;Festuca;
P003_WG11_00254 	Asteraceae;Cirsium; 	Plantaginaceae;Neopicrorhiza	Asteraceae;Cirsium; 	Plantaginaceae;Veronica; 	Plantaginaceae;Veronica; 	Fabaceae;Hedysarum;
P003_WG11_00321 	Asteraceae;Cirsium; 	Asteraceae;Cirsium	Asteraceae;Cirsium; 	Asteraceae;Saussurea; 	Asteraceae;Saussurea; 	Poaceae;Calamagrostis;
P003_WG12_00081 	Cyperaceae;Carex; 	Cyperaceae;Carex	Tofieldiaceae;Tofieldia; 	Cyperaceae;Carex; 	Cyperaceae;Carex; 	Cyperaceae;Carex;
P003_WH01_00020 	Orobanchaceae;Pedicularis; 	Orobanchaceae;Pedicularis	Onagraceae;Epilobium; 	Orobanchaceae;Pedicularis; 	Orobanchaceae;Pedicularis; 	Orobanchaceae;Pedicularis;
P003_WH02_00083 	Orobanchaceae;Bartsia; 	Orobanchaceae;Neobartsia	Brassicaceae;Arabis; 	Salicaceae;Salix; 	Orobanchaceae;Euphrasia; 	Orobanchaceae;Euphrasia;
P003_WH03_00042 	Primulaceae;Primula; 	Primulaceae;Primula	Primulaceae;Primula; 	Primulaceae;Primula; 	Primulaceae;Primula; 	Primulaceae;Trientalis;
P003_WH05_00111 	Campanulaceae;Campanula; 	Campanulaceae;Campanula	Campanulaceae;Campanula; 	Campanulaceae;Campanula; 	Campanulaceae;Campanula; 	Campanulaceae;Campanula;
P003_WH06_00066 	Saxifragaceae;Saxifraga; 	Saxifragaceae;Micranthes	Brassicaceae;Draba; 	Saxifragaceae;Saxifraga; 	Saxifragaceae;Saxifraga; 	Saxifragaceae;Saxifraga;
P003_WH08_00028 	Papaveraceae;Papaver; 	Papaveraceae;Meconopsis	Ranunculaceae;Aconitum; 	Cyperaceae;Carex; 	Orchidaceae;Coeloglossum; 	Ranunculaceae;Trollius;
P003_WH09_00059 	Saxifragaceae;Saxifraga; 	Saxifragaceae;Saxifraga	Saxifragaceae;Saxifraga; 	Saxifragaceae;Saxifraga; 	Saxifragaceae;Saxifraga; 	Saxifragaceae;Saxifraga;
P003_WH10_00026 	Brassicaceae;Arabis; 	Brassicaceae;Arabis	Brassicaceae;Draba; 	Brassicaceae;Draba; 	Brassicaceae;Draba; 	Brassicaceae;Arabis;
P003_WH11_00139 	Asteraceae;Aster; 	Asteraceae;Diplostephium	Asteraceae;Aster; 	Asteraceae;Solidago; 	Asteraceae;Aster; 	Asteraceae;Erigeron;
P003_WH12_00034 	Cyperaceae;Carex; 	Cyperaceae;Carex	Cyperaceae;Carex; 	Cyperaceae;Carex; 	Cyperaceae;Carex; 	Cyperaceae;Carex;
P004_WA02_00029 	Primulaceae;Primula; 	Primulaceae;Primula	Primulaceae;Primula; 	Primulaceae;Primula; 	Primulaceae;Primula; 	Primulaceae;Primula;
P004_WB01_00011 	Poaceae;Alopecurus; 	Poaceae;Alopecurus	Poaceae;Alopecurus; 	Poaceae;Alopecurus; 	Poaceae;Phleum; 	Poaceae;Sesleria;
P004_WB02_00108 	Ericaceae;Pieris; 	Ericaceae;Vaccinium	Ericaceae;Vaccinium; 	Ericaceae;Vaccinium; 	Ericaceae;Vaccinium; 	Ericaceae;Vaccinium;
P004_WC01_00117 	Poaceae;Hierochloe; 	Poaceae;Hierochloe	Poaceae;Hierochloe; 	Poaceae;Calamagrostis; 	Poaceae;Calamagrostis; 	Poaceae;Calamagrostis;
P004_WC02_00065 	Polygonaceae;Polygonum; 	Polygonaceae;Bistorta	Polygonaceae;Persicaria; 	Polygonaceae;Bistorta; 	Polygonaceae;Bistorta; 	Polygonaceae;Rumex;
P004_WD01_00094 	Poaceae;Festuca; 	Poaceae;Festuca	Poaceae;Festuca; 	Poaceae;Festuca; 	Poaceae;Festuca; 	Poaceae;Festuca;
P004_WD02_00045 	Asteraceae;Antennaria; 	Asteraceae;Antennaria	Asteraceae;Antennaria; 	Poaceae;Festuca; 	Asteraceae;Antennaria; 	Asteraceae;Gnaphalium;
P004_WF01_00081 	Cupressaceae;Juniperus; 	Cupressaceae;Juniperus	Juncaceae;Luzula; 	Asteraceae;Taraxacum; 	Asteraceae;Taraxacum; 	Ericaceae;Arctous;
P004_WG01_00011 	Rosaceae;Sieversia; 	Rosaceae;Fallugia	Rosaceae;Rubus; 	Rosaceae;Potentilla; 	Rosaceae;Potentilla; 	Rosaceae;Potentilla;
P004_WH01_00083 	Caryophyllaceae;Minuartia; 	Caryophyllaceae;Psammosilene	Caryophyllaceae;Minuartia; 	Caryophyllaceae;Minuartia; 	Caryophyllaceae;Minuartia; 	Rosaceae;Spiraea;
P8807_501_00027 	Ericaceae;Andromeda; 	Ericaceae;Vaccinium	Ericaceae;Vaccinium; 	Ericaceae;Vaccinium; 	Ericaceae;Vaccinium; 	Ericaceae;Vaccinium;
P8807_503_00047 	Ericaceae;Pyrola; 	Ericaceae;Pyrola	Ericaceae;Pyrola; 	Ericaceae;Pyrola; 	Ericaceae;Pyrola; 	Ericaceae;Arctous;
P8807_504_00015 	Salicaceae;Salix; 	Salicaceae;Salix	Salicaceae;Salix; 	Salicaceae;Salix; 	Salicaceae;Salix; 	Salicaceae;Salix;
P8807_505_00060 	Cyperaceae;Carex; 	Cyperaceae;Carex	Crassulaceae;Sedum; 	Cyperaceae;Kobresia; 	Cyperaceae;Carex; 	Cyperaceae;Carex;
P8807_506_00094 	Poaceae;Festuca; 	Poaceae;Festuca	Poaceae;Festuca; 	Poaceae;Festuca; 	Poaceae;Festuca; 	Poaceae;Festuca;
P8807_507_00035 	Crassulaceae;Rhodiola; 	Crassulaceae;Rhodiola	Crassulaceae;Sempervivum; 	Crassulaceae;Sedum; 	Crassulaceae;Sedum; 	Crassulaceae;Sedum;
P8807_508_00070 	Asteraceae;Hieracium; 	Asteraceae;Reichardia	Asteraceae;Hieracium; 	Asteraceae;Hieracium; 	Asteraceae;Scorzonera; 	Asteraceae;Saussurea;
P8807_509_00102 	Orobanchaceae;Pedicularis; 	Orobanchaceae;Pedicularis	Onagraceae;Epilobium; 	Orobanchaceae;Pedicularis; 	Orobanchaceae;Pedicularis; 	Orobanchaceae;Pedicularis;
P8807_510_00006 	Violaceae;Viola; 	Violaceae;Viola	Violaceae;Viola; 	Salicaceae;Salix; 	Salicaceae;Salix; 	Salicaceae;Salix;
P8807_511_00086 	Poaceae;Poa; 	Poaceae;Poa	Poaceae;Poa; 	Poaceae;Poa; 	Poaceae;Poa; 	Poaceae;Poa;
P8807_512_00075 	Cyperaceae;Carex; 	Cyperaceae;Carex	Cyperaceae;Carex; 	Cyperaceae;Carex; 	Asteraceae;Cirsium; 	Cyperaceae;Carex;
P8807_513_00096 	Juncaceae;Luzula; 	Juncaceae;Juncus	Cyperaceae;Carex; 	Juncaceae;Luzula; 	Juncaceae;Luzula; 	Juncaceae;Luzula;
P8807_514_00061 	Ericaceae;Harrimanella; 	Ericaceae;Rhododendron	Ericaceae;Harrimanella; 	Ericaceae;Rhododendron; 	Ericaceae;Phyllodoce; 	Ericaceae;Empetrum;
P8807_515_00059 	Asteraceae;Saussurea; 	Asteraceae;Saussurea	Asteraceae;Saussurea; 	Plantaginaceae;Veronica; 	Asteraceae;Cirsium; 	Poaceae;Calamagrostis;
P8807_516_00077 	Caryophyllaceae;Cerastium; 	Caryophyllaceae;Cerastium	Caryophyllaceae;Cerastium; 	Caryophyllaceae;Cerastium; 	Caryophyllaceae;Cerastium; 	Caryophyllaceae;Cerastium;
P8807_517_00034 	Ericaceae;Vaccinium; 	Ericaceae;Vaccinium	Ericaceae;Vaccinium; 	Ericaceae;Vaccinium; 	Ericaceae;Vaccinium; 	Ericaceae;Vaccinium;
P8807_518_00099 	Cyperaceae;Carex; 	Cyperaceae;Carex	Cyperaceae;Carex; 	Cyperaceae;Carex; 	Cyperaceae;Carex; 	Cyperaceae;Carex;
P8807_519_00030 	Salicaceae;Salix; 	Salicaceae;Salix	Salicaceae;Salix; 	Salicaceae;Salix; 	Salicaceae;Salix; 	Salicaceae;Salix;
P8807_520_00083 	Juncaceae;Juncus; 	Juncaceae;Juncus	Juncaceae;Juncus; 	Juncaceae;Juncus; 	Cyperaceae;Carex; 	Juncaceae;Luzula;
P8807_521_00149 	Ericaceae;Vaccinium; 	Ericaceae;Vaccinium	Ericaceae;Vaccinium; 	Ericaceae;Vaccinium; 	Ericaceae;Vaccinium; 	Ericaceae;Vaccinium;
P8807_522_00011 	Rosaceae;Dryas; 	Rosaceae;Dryas	Rosaceae;Dryas; 	Rosaceae;Dryas; 	Cyperaceae;Carex; 	Rosaceae;Spiraea;
P8807_523_00088 	Salicaceae;Salix; 	Salicaceae;Salix	Salicaceae;Salix; 	Salicaceae;Salix; 	Salicaceae;Salix; 	Salicaceae;Salix;
P8807_525_00064 	Rosaceae;Rubus; 	Rosaceae;Rubus	Rosaceae;Sieversia; 	Rosaceae;Potentilla; 	Rosaceae;Potentilla; 	Rosaceae;Potentilla;
P8807_526_00004 	Equisetaceae;Equisetum; 	Equisetaceae;Equisetum	Equisetaceae;Equisetum; 	Equisetaceae;Equisetum; 	Equisetaceae;Equisetum; 	Equisetaceae;Equisetum;
P8807_527_00106 	Fabaceae;Astragalus; 	Fabaceae;Astragalus	Fabaceae;Astragalus; 	Fabaceae;Oxytropis; 	Fabaceae;Oxytropis; 	Fabaceae;Oxytropis;
P8807_528_00050 	Diapensiaceae;Diapensia; 	Diapensiaceae;Diapensia	Ericaceae;Arctous; 	Ericaceae;Phyllodoce; 	Ericaceae;Rhododendron; 	Ericaceae;Rhododendron;
P8807_530_00050 	Cyperaceae;Carex; 	Cyperaceae;Carex	Cyperaceae;Carex; 	Cyperaceae;Carex; 	Cyperaceae;Carex; 	Cyperaceae;Carex;
WA01_00011 	Rosaceae;Potentilla; 	Rosaceae;Potentilla	Rosaceae;Potentilla; 	Rosaceae;Potentilla; 	Orobanchaceae;Pedicularis; 	Rosaceae;Potentilla;
WA02_00035 	Salicaceae;Salix; 	Salicaceae;Salix	Salicaceae;Salix; 	Salicaceae;Salix; 	Salicaceae;Salix; 	Salicaceae;Salix;
WA03_00006 	Poaceae;Calamagrostis; 	Poaceae;Calamagrostis	Poaceae;Calamagrostis; 	Poaceae;Calamagrostis; 	Poaceae;Calamagrostis; 	Poaceae;Calamagrostis;
WA04_00055 	Ericaceae;Pyrola; 	Ericaceae;Pyrola	Ericaceae;Pyrola; 	Ericaceae;Pyrola; 	Ericaceae;Pyrola; 	Ericaceae;Arctous;
WA05_00037 	Lentibulariaceae;Pinguicula; 	Lentibulariaceae;Pinguicula	Lentibulariaceae;Pinguicula; 	Plantaginaceae;Pennellianthus; 	Orobanchaceae;Pedicularis; 	Lamiaceae;Betonica;
WA06_00036 	Caryophyllaceae;Cerastium; 	Caryophyllaceae;Cerastium	Caryophyllaceae;Cerastium; 	Caryophyllaceae;Cerastium; 	Caryophyllaceae;Cerastium; 	Caryophyllaceae;Cerastium;
WA07_00061 	Saxifragaceae;Saxifraga; 	Saxifragaceae;Saxifraga	Saxifragaceae;Saxifraga; 	Saxifragaceae;Saxifraga; 	Saxifragaceae;Saxifraga; 	Saxifragaceae;Saxifraga;
WA08_00037 	Ericaceae;Phyllodoce; 	Ericaceae;Rhododendron	Ericaceae;Empetrum; 	Ericaceae;Rhododendron; 	Ericaceae;Rhododendron; 	Ericaceae;Rhododendron;
WA09_00138 	Ericaceae;Empetrum; 	Ericaceae;Rhododendron	Ericaceae;Empetrum; 	Ericaceae;Rhododendron; 	Ericaceae;Rhododendron; 	Ericaceae;Rhododendron;
WA10_00011 	Juncaceae;Luzula; 	Cupressaceae;Juniperus	Juncaceae;Luzula; 	Asteraceae;Taraxacum; 	Asteraceae;Taraxacum; 	Ericaceae;Arctous;
WA11_00134 	Cyperaceae;Carex; 	Cyperaceae;Carex	Tofieldiaceae;Tofieldia; 	Cyperaceae;Carex; 	Cyperaceae;Carex; 	Cyperaceae;Carex;
WA12_00104 	Polygonaceae;Oxyria; 	Polygonaceae;Oxyria	Polygonaceae;Rumex; 	Polygonaceae;Rumex; 	Polygonaceae;Rumex; 	Polygonaceae;Polygonum;
WB01_00085 	Cyperaceae;Carex; 	Cyperaceae;Carex	Cyperaceae;Carex; 	Cyperaceae;Carex; 	Asteraceae;Cirsium; 	Cyperaceae;Carex;
WB02_00035 	Geraniaceae;Geranium; 	Geraniaceae;Geranium	Geraniaceae;Geranium; 	Cyperaceae;Carex; 	Rosaceae;Dryas; 	Cyperaceae;Carex;
WB03_00079 	Campanulaceae;Campanula; 	Campanulaceae;Campanula	Campanulaceae;Campanula; 	Campanulaceae;Campanula; 	Campanulaceae;Campanula; 	Campanulaceae;Campanula;
WB04_00029 	Equisetaceae;Equisetum; 	Equisetaceae;Equisetum	Equisetaceae;Equisetum; 	Equisetaceae;Equisetum; 	Equisetaceae;Equisetum; 	Equisetaceae;Equisetum;
WB05_00003 	Asteraceae;Petasites; 	Asteraceae;Gynoxys	Asteraceae;Senecio; 	Asteraceae;Solidago; 	Asteraceae;Saussurea; 	Asteraceae;Saussurea;
WB06_00098 	Poaceae;Poa; 	Poaceae;Poa	Poaceae;Poa; 	Poaceae;Phleum; 	Poaceae;Poa; 	Poaceae;Sesleria;
WB07_00045 	Polygonaceae;Rumex; 	Polygonaceae;Rumex	Polygonaceae;Rumex; 	Polygonaceae;Rumex; 	Polygonaceae;Oxyria; 	Polygonaceae;Polygonum;
WB08_00046 	Primulaceae;Trientalis; 	Primulaceae;Lysimachia	Primulaceae;Primula; 	Primulaceae;Primula; 	Primulaceae;Primula; 	Primulaceae;Primula;
WB09_00097 	Saxifragaceae;Saxifraga; 	Saxifragaceae;Micranthes	Saxifragaceae;Saxifraga; 	Brassicaceae;Draba; 	Saxifragaceae;Saxifraga; 	Saxifragaceae;Saxifraga;
WB10_00046 	Rosaceae;Sibbaldia; 	Rosaceae;Sibbaldia	Rosaceae;Potentilla; 	Rosaceae;Potentilla; 	Rosaceae;Alchemilla; 	Rosaceae;Potentilla;
WB11_00029 	Asteraceae;Hieracium; 	Asteraceae;Reichardia	Asteraceae;Hieracium; 	Asteraceae;Hieracium; 	Asteraceae;Scorzonera; 	Asteraceae;Saussurea;
WB12_00088 	Asteraceae;Taraxacum; 	Asteraceae;Taraxacum	Asteraceae;Taraxacum; 	Asteraceae;Taraxacum; 	Asteraceae;Taraxacum; 	Crassulaceae;Sedum;
WC01_00095 	Cyperaceae;Carex; 	Cyperaceae;Carex	Cyperaceae;Carex; 	Cyperaceae;Carex; 	Cyperaceae;Carex; 	Cyperaceae;Carex;
WC02_00017 	Ericaceae;Arctous; 	Ericaceae;Arbutus	Ericaceae;Rhododendron; 	Ericaceae;Rhododendron; 	Ericaceae;Rhododendron; 	Ericaceae;Rhododendron;
WC03_00145 	Ericaceae;Pyrola; 	Ericaceae;Pyrola	Ericaceae;Pyrola; 	Ericaceae;Pyrola; 	Ericaceae;Pyrola; 	Ericaceae;Arctous;
WC04_00021 	Poaceae;Agrostis; 	Poaceae;Agrostis	Poaceae;Agrostis; 	Poaceae;Calamagrostis; 	Poaceae;Calamagrostis; 	Poaceae;Calamagrostis;
WC05_00049 	Cyperaceae;Carex; 	Cyperaceae;Carex	Asteraceae;Cirsium; 	Cyperaceae;Carex; 	Cyperaceae;Carex; 	Cyperaceae;Carex;
WC06_00127 	Ericaceae;Vaccinium; 	Ericaceae;Vaccinium	Ericaceae;Vaccinium; 	Ericaceae;Vaccinium; 	Ericaceae;Vaccinium; 	Ericaceae;Vaccinium;
