P001_WA03_00080 	Cyperaceae	Arecaceae	Cyperaceae	Cyperaceae	Cyperaceae	Cyperaceae
P001_WA08_00012 	Cyperaceae	Arecaceae	Cyperaceae	Cyperaceae	Cyperaceae	Cyperaceae
P001_WB03_00108 	Cyperaceae	Zingiberaceae	Cyperaceae	Asteraceae	Cyperaceae	Cyperaceae
P001_WB04_00050 	Betulaceae	Betulaceae	Betulaceae	Salicaceae	Salicaceae	Salicaceae
P001_WB07_00065 	Fabaceae	Fabaceae	Fabaceae	Fabaceae	Fabaceae	Rosaceae
P001_WB09_00102 	Asteraceae	Campanulaceae	Asteraceae	Cyperaceae	Asteraceae	Asteraceae
P001_WC06_00021 	Gentianaceae	Gentianaceae	Gentianaceae	Gentianaceae	Gentianaceae	Asteraceae
P001_WC07_00025 	Asteraceae	Asteraceae	Asteraceae	Asteraceae	Asteraceae	Asteraceae
P001_WC12_00051 	Cyperaceae	Arecaceae	Cyperaceae	Cyperaceae	Cyperaceae	Cyperaceae
P001_WD03_00067 	Poaceae	Poaceae	Poaceae	Poaceae	Poaceae	Poaceae
P001_WD09_00106 	Gentianaceae	Gentianaceae	Gentianaceae	Gentianaceae	Gentianaceae	Boraginaceae
P001_WD10_00079 	Boraginaceae	Boraginaceae	Ericaceae	Gentianaceae	Asteraceae	Gentianaceae
P001_WD12_00017 	Asteraceae	Campanulaceae	Asteraceae	Cyperaceae	Asteraceae	Asteraceae
P001_WE07_00103 	Juncaceae	Cyperaceae	Cyperaceae	Cyperaceae	Cyperaceae	Cyperaceae
P001_WE10_00045 	Asteraceae	Campanulaceae	Asteraceae	Cyperaceae	Asteraceae	Asteraceae
P001_WE12_00028 	Cyperaceae	Arecaceae	Cyperaceae	Cyperaceae	Cyperaceae	Cyperaceae
P001_WE12_00335 	Cyperaceae	Campanulaceae	Asteraceae	Cyperaceae	Asteraceae	Asteraceae
P001_WF01_00023 	Equisetaceae	Cyperaceae	Cyperaceae	Cyperaceae	Cyperaceae	Cyperaceae
P001_WF01_00062 	Equisetaceae	Equisetaceae	Equisetaceae	Equisetaceae	Equisetaceae	Poaceae
P001_WF02_00117 	Cyperaceae	Cyperaceae	Cyperaceae	Cyperaceae	Cyperaceae	Cyperaceae
P001_WF08_00095 	Orchidaceae	Orchidaceae	Juncaceae	Cyperaceae	Cyperaceae	Cyperaceae
P001_WF09_00057 	Gentianaceae	Gentianaceae	Gentianaceae	Gentianaceae	Gentianaceae	Asteraceae
P001_WF12_00086 	Geraniaceae	Geraniaceae	Rosaceae	Rosaceae	Rosaceae	Cyperaceae
P001_WG04_00030 	Cyperaceae	Arecaceae	Cyperaceae	Cyperaceae	Cyperaceae	Cyperaceae
P001_WG10_00114 	Asteraceae	Campanulaceae	Asteraceae	Cyperaceae	Asteraceae	Asteraceae
P001_WG11_00046 	Liliaceae	Liliaceae	Juncaceae	Cyperaceae	Asteraceae	Crassulaceae
P001_WG12_00034 	Poaceae	Poaceae	Poaceae	Poaceae	Poaceae	Poaceae
P001_WH03_00043 	Cyperaceae	Zingiberaceae	Cyperaceae	Asteraceae	Cyperaceae	Cyperaceae
P001_WH06_00028 	Poaceae	Poaceae	Poaceae	Poaceae	Poaceae	Poaceae
P001_WH06_00071 	Poaceae	Poaceae	Poaceae	Poaceae	Poaceae	Poaceae
P001_WH07_00122 	Asteraceae	Asteraceae	Asteraceae	Cyperaceae	Asteraceae	Asteraceae
P001_WH10_00131 	Hypericaceae	Hypericaceae	Salicaceae	Salicaceae	Salicaceae	Salicaceae
P002_WA10_00090 	Ericaceae	Ericaceae	Ericaceae	Ericaceae	Ericaceae	Ericaceae
P002_WA11_00074 	Poaceae	Poaceae	Poaceae	Poaceae	Poaceae	Poaceae
P002_WB08_00026 	Poaceae	Poaceae	Poaceae	Poaceae	Poaceae	Poaceae
P002_WB09_00097 	Salicaceae	Salicaceae	Salicaceae	Salicaceae	Salicaceae	Salicaceae
P002_WC02_00083 	Fabaceae	Fabaceae	Fabaceae	Fabaceae	Fabaceae	Rosaceae
P002_WC12_00023 	Cyperaceae	Zingiberaceae	Cyperaceae	Asteraceae	Cyperaceae	Cyperaceae
P002_WD08_00051 	Fabaceae	Fabaceae	Fabaceae	Fabaceae	Fabaceae	Rosaceae
P002_WD10_00088 	Salicaceae	Salicaceae	Salicaceae	Salicaceae	Salicaceae	Salicaceae
P002_WD12_00082 	Polygonaceae	Polygonaceae	Betulaceae	Betulaceae	Caryophyllaceae	Caryophyllaceae
P002_WE07_00101 	Rosaceae	Caryophyllaceae	Caryophyllaceae	Caryophyllaceae	Caryophyllaceae	Polygonaceae
P002_WE09_00058 	Betulaceae	Betulaceae	Betulaceae	Salicaceae	Salicaceae	Salicaceae
P002_WF05_00107 	Ericaceae	Ericaceae	Ericaceae	Ericaceae	Ericaceae	Ericaceae
P002_WF07_00095 	Caryophyllaceae	Caryophyllaceae	Caryophyllaceae	Caryophyllaceae	Caryophyllaceae	Polygonaceae
P002_WF12_00031 	Cyperaceae	Cyperaceae	Cyperaceae	Cyperaceae	Cyperaceae	Cyperaceae
P002_WG04_00095 	Rosaceae	Rosaceae	Rosaceae	Rosaceae	Cyperaceae	Asteraceae
P002_WG05_00103 	Poaceae	Poaceae	Poaceae	Poaceae	Poaceae	Poaceae
P002_WG06_00050 	Juncaceae	Juncaceae	Cyperaceae	Asteraceae	Liliaceae	Crassulaceae
P002_WG08_00030 	Cyperaceae	Zingiberaceae	Cyperaceae	Asteraceae	Cyperaceae	Cyperaceae
P002_WG09_00100 	Salicaceae	Salicaceae	Salicaceae	Salicaceae	Salicaceae	Salicaceae
P002_WG11_00005 	Salicaceae	Salicaceae	Salicaceae	Salicaceae	Salicaceae	Salicaceae
P002_WH04_00060 	Apiaceae	Apiaceae	Asteraceae	Asteraceae	Ericaceae	Ericaceae
P002_WH09_00078 	Ericaceae	Ericaceae	Ericaceae	Ericaceae	Ericaceae	Ericaceae
P002_WH10_00099 	Poaceae	Poaceae	Poaceae	Poaceae	Poaceae	Poaceae
P003_WA01_00049 	Rosaceae	Rosaceae	Rosaceae	Rosaceae	Cyperaceae	Asteraceae
P003_WA04_00086 	Crassulaceae	Crassulaceae	Cyperaceae	Asteraceae	Asteraceae	Juncaceae
P003_WA06_00102 	Poaceae	Poaceae	Poaceae	Poaceae	Poaceae	Poaceae
P003_WA07_00026 	Cyperaceae	Arecaceae	Cyperaceae	Cyperaceae	Cyperaceae	Cyperaceae
P003_WA10_00144 	Gentianaceae	Primulaceae	Asteraceae	Asteraceae	Asteraceae	Asteraceae
P003_WB04_00036 	Cyperaceae	Zingiberaceae	Cyperaceae	Asteraceae	Cyperaceae	Cyperaceae
P003_WB05_00027 	Saxifragaceae	Saxifragaceae	Betulaceae	Betulaceae	Crassulaceae	Asteraceae
P003_WB08_00129 	Asteraceae	Zingiberaceae	Cyperaceae	Asteraceae	Cyperaceae	Cyperaceae
P003_WB09_00059 	Cyperaceae	Zingiberaceae	Cyperaceae	Asteraceae	Cyperaceae	Cyperaceae
P003_WC02_00075 	Ericaceae	Ericaceae	Ericaceae	Ericaceae	Ericaceae	Ericaceae
P003_WC04_00047 	Cyperaceae	Cyperaceae	Asteraceae	Juncaceae	Liliaceae	Crassulaceae
P003_WC05_00144 	Salicaceae	Salicaceae	Salicaceae	Salicaceae	Salicaceae	Salicaceae
P003_WC08_00062 	Poaceae	Poaceae	Poaceae	Poaceae	Poaceae	Poaceae
P003_WC10_00115 	Asteraceae	Asteraceae	Asteraceae	Asteraceae	Asteraceae	Asteraceae
P003_WC11_00073 	Asteraceae	Asteraceae	Asteraceae	Ericaceae	Ericaceae	Ericaceae
P003_WD01_00093 	Ericaceae	Ericaceae	Ericaceae	Ericaceae	Ericaceae	Ericaceae
P003_WD09_00013 	Salicaceae	Salicaceae	Salicaceae	Salicaceae	Salicaceae	Salicaceae
P003_WD10_00099 	Caryophyllaceae	Caryophyllaceae	Rosaceae	Caryophyllaceae	Caryophyllaceae	Asteraceae
P003_WE03_00031 	Equisetaceae	Equisetaceae	Equisetaceae	Equisetaceae	Equisetaceae	Poaceae
P003_WE04_00060 	Poaceae	Poaceae	Poaceae	Poaceae	Poaceae	Poaceae
P003_WE07_00010 	Cyperaceae	Zingiberaceae	Cyperaceae	Asteraceae	Cyperaceae	Cyperaceae
P003_WE09_00005 	Salicaceae	Salicaceae	Salicaceae	Salicaceae	Salicaceae	Salicaceae
P003_WE11_00113 	Cyperaceae	Arecaceae	Cyperaceae	Cyperaceae	Cyperaceae	Cyperaceae
P003_WF01_00368 	Onagraceae	Arecaceae	Cyperaceae	Cyperaceae	Cyperaceae	Cyperaceae
P003_WF03_00076 	Cyperaceae	Cyperaceae	Cyperaceae	Cyperaceae	Cyperaceae	Cyperaceae
P003_WF09_00084 	Gentianaceae	Gentianaceae	Gentianaceae	Gentianaceae	Gentianaceae	Asteraceae
P003_WF12_00084 	Poaceae	Poaceae	Poaceae	Poaceae	Poaceae	Poaceae
P003_WG02_00004 	Cyperaceae	Arecaceae	Cyperaceae	Cyperaceae	Cyperaceae	Cyperaceae
P003_WG05_00076 	Asteraceae	Asteraceae	Asteraceae	Ericaceae	Ericaceae	Ericaceae
P003_WG10_00025 	Juncaceae	Cyperaceae	Equisetaceae	Cyperaceae	Cyperaceae	Cyperaceae
P003_WG11_00186 	Asteraceae	Cyperaceae	Cyperaceae	Juncaceae	Liliaceae	Rosaceae
P003_WG12_00049 	Cyperaceae	Arecaceae	Cyperaceae	Cyperaceae	Cyperaceae	Cyperaceae
P003_WH02_00099 	Orobanchaceae	Arecaceae	Cyperaceae	Cyperaceae	Cyperaceae	Cyperaceae
P003_WH12_00013 	Cyperaceae	Arecaceae	Cyperaceae	Cyperaceae	Cyperaceae	Cyperaceae
P8807_506_00058 	Poaceae	Poaceae	Poaceae	Poaceae	Poaceae	Poaceae
P8807_508_00094 	Asteraceae	Asteraceae	Asteraceae	Cyperaceae	Asteraceae	Asteraceae
P8807_511_00050 	Poaceae	Poaceae	Poaceae	Poaceae	Poaceae	Poaceae
P8807_512_00026 	Cyperaceae	Arecaceae	Cyperaceae	Cyperaceae	Cyperaceae	Cyperaceae
P8807_516_00090 	Caryophyllaceae	Caryophyllaceae	Rosaceae	Caryophyllaceae	Caryophyllaceae	Ericaceae
P8807_518_00142 	Cyperaceae	Arecaceae	Cyperaceae	Cyperaceae	Cyperaceae	Cyperaceae
P8807_523_00063 	Salicaceae	Salicaceae	Salicaceae	Salicaceae	Salicaceae	Salicaceae
P8807_526_00104 	Equisetaceae	Equisetaceae	Equisetaceae	Equisetaceae	Equisetaceae	Poaceae
P8807_527_00051 	Fabaceae	Fabaceae	Fabaceae	Fabaceae	Fabaceae	Rosaceae
P8807_528_00108 	Diapensiaceae	Diapensiaceae	Asteraceae	Asteraceae	Asteraceae	Asteraceae
P8807_530_00120 	Cyperaceae	Arecaceae	Cyperaceae	Cyperaceae	Cyperaceae	Cyperaceae
WA02_00019 	Salicaceae	Salicaceae	Salicaceae	Salicaceae	Salicaceae	Salicaceae
WA03_00105 	Poaceae	Poaceae	Poaceae	Poaceae	Poaceae	Poaceae
WA04_00075 	Ericaceae	Ericaceae	Asteraceae	Boraginaceae	Asteraceae	Asteraceae
WA11_00024 	Cyperaceae	Arecaceae	Cyperaceae	Cyperaceae	Cyperaceae	Cyperaceae
WB01_00072 	Cyperaceae	Arecaceae	Cyperaceae	Cyperaceae	Cyperaceae	Cyperaceae
WB04_00118 	Equisetaceae	Equisetaceae	Equisetaceae	Equisetaceae	Equisetaceae	Poaceae
WB10_00078 	Rosaceae	Rosaceae	Rosaceae	Rosaceae	Cyperaceae	Crassulaceae
WB12_00034 	Asteraceae	Campanulaceae	Asteraceae	Cyperaceae	Asteraceae	Asteraceae
WC04_00072 	Poaceae	Poaceae	Poaceae	Poaceae	Poaceae	Poaceae
WC05_00102 	Cyperaceae	Arecaceae	Cyperaceae	Cyperaceae	Cyperaceae	Cyperaceae
