P001_WA05_00090 	Poaceae	Poaceae	Poaceae	Poaceae	Poaceae	Poaceae	Poaceae	100%	11	k141_32338
P001_WA09_00007 	Ophioglossaceae	Ophioglossaceae	Polygonaceae	Polygonaceae	Polygonaceae	Orobanchaceae	Ophioglossaceae	100%	1	k141_83412
P001_WB08_00091 	Poaceae	Poaceae	Poaceae	Poaceae	Poaceae	Poaceae	Poaceae	100%	10	k141_7043
P001_WB10_00007 	Poaceae	Poaceae	Crassulaceae	Saxifragaceae	Saxifragaceae	Saxifragaceae	Poaceae	100%	13	k141_42019
P001_WC08_00106 	Apiaceae	Apiaceae	Apiaceae	Apiaceae	Orobanchaceae	Asteraceae	Apiaceae	100%	22	k141_57576
P001_WC11_00015 	Polygonaceae	Polygonaceae	Polygonaceae	Polygonaceae	Rubiaceae	Rubiaceae	Polygonaceae	100%	8	k141_28593
P001_WD11_00021 	Crassulaceae	Crassulaceae	Crassulaceae	Geraniaceae	Ericaceae	Poaceae	Crassulaceae	100%	10	k141_64054
P001_WE03_00109 	Ranunculaceae	Ranunculaceae	Ranunculaceae	Ranunculaceae	Ranunculaceae	Ranunculaceae	Ranunculaceae	100%	9	k141_77907
P001_WE07_00028 	Juncaceae	Juncaceae	Juncaceae	Juncaceae	Poaceae	Poaceae	Juncaceae	100%	1	k141_29320
P001_WG01_00133 	Ranunculaceae	Ranunculaceae	Cyperaceae	Ranunculaceae	Ranunculaceae	Ranunculaceae	Ranunculaceae	100%	9	k141_156086
P001_WG02_00287 	Cyperaceae	Ranunculaceae	Cyperaceae	Ranunculaceae	Ranunculaceae	Ranunculaceae	Ranunculaceae	100%	1	k141_78952
P001_WG06_00118 	Saxifragaceae	Saxifragaceae	Saxifragaceae	Saxifragaceae	Crassulaceae	Orobanchaceae	Saxifragaceae	100%	9	k141_34477
P001_WG08_00008 	Asteraceae	Asteraceae	Asteraceae	Asteraceae	Plantaginaceae	Crassulaceae	Asteraceae	100%	10	k141_82853
P001_WG10_00015 	Asteraceae	Asteraceae	Asteraceae	Asteraceae	Crassulaceae	Plantaginaceae	Asteraceae	100%	22	k141_57258
P001_WG12_00007 	Poaceae	Poaceae	Poaceae	Ericaceae	Geraniaceae	Caryophyllaceae	Poaceae	100%	5	k141_114615
P001_WH01_00096 	Celastraceae	Celastraceae	Geraniaceae	Fabaceae	Orobanchaceae	Ericaceae	Celastraceae	100%	10	k141_116122
P001_WH04_00014 	Saxifragaceae	Saxifragaceae	Saxifragaceae	Saxifragaceae	Saxifragaceae	Crassulaceae	Saxifragaceae	100%	9	k141_53499
P001_WH05_00101 	Plantaginaceae	Plantaginaceae	Plantaginaceae	Apiaceae	Asteraceae	Orobanchaceae	Plantaginaceae	100%	11	k141_4100
P001_WH10_00094 	Hypericaceae	Hypericaceae	Polygonaceae	Polygonaceae	Polygonaceae	Orobanchaceae	Hypericaceae	100%	1	k141_2706
P002_WA06_00117 	Apiaceae	Apiaceae	Plantaginaceae	Plantaginaceae	Apiaceae	Orobanchaceae	Apiaceae	80%	4	k141_5069
P002_WA12_00102 	Saxifragaceae	Saxifragaceae	Saxifragaceae	Saxifragaceae	Crassulaceae	Plantaginaceae	Saxifragaceae	100%	9	k141_69240
P002_WB01_00007 	Apiaceae	Apiaceae	Apiaceae	Orobanchaceae	Apiaceae	Plantaginaceae	Apiaceae	100%	10	k141_768
P002_WB10_00007 	Caryophyllaceae	Caryophyllaceae	Caryophyllaceae	Caryophyllaceae	Caryophyllaceae	Caryophyllaceae	Caryophyllaceae	100%	7	k141_20113
P002_WD05_00107 	Plantaginaceae	Verbenaceae	Orobanchaceae	Plantaginaceae	Plantaginaceae	Apiaceae	Plantaginaceae	46%	6	k141_20315
P002_WD12_00014 	Polygonaceae	Polygonaceae	Polygonaceae	Polygonaceae	Rubiaceae	Rubiaceae	Polygonaceae	100%	9	k141_56922
P002_WE04_00024 	Ranunculaceae	Ranunculaceae	Ranunculaceae	Ranunculaceae	Ranunculaceae	Cyperaceae	Ranunculaceae	100%	17	k141_15
P002_WE08_00008 	Poaceae	Poaceae	Poaceae	Poaceae	Poaceae	Poaceae	Poaceae	100%	12	k141_6885
P002_WF02_00016 	Plantaginaceae	Bignoniaceae	Fabaceae	Asteraceae	Plantaginaceae	Plantaginaceae	Plantaginaceae	90%	10	k141_29311
P002_WF06_00129 	Ericaceae	Ericaceae	Poaceae	Poaceae	Geraniaceae	Caryophyllaceae	Ericaceae	100%	3	k141_14791
P002_WF11_00071 	Juncaceae	Juncaceae	Juncaceae	Juncaceae	Poaceae	Poaceae	Juncaceae	100%	1	k141_32362
P002_WG02_00046 	Fabaceae	Fabaceae	Fabaceae	Orobanchaceae	Polygonaceae	Polygonaceae	Fabaceae	100%	28	k141_129190
P002_WG02_00229 	Fabaceae	Bignoniaceae	Fabaceae	Asteraceae	Plantaginaceae	Plantaginaceae	Bignoniaceae	100%	1	k141_7137
P002_WG05_00014 	Poaceae	Poaceae	Poaceae	Ericaceae	Geraniaceae	Caryophyllaceae	Poaceae	100%	5	k141_98875
P002_WG12_00086 	Ericaceae	Ericaceae	Ericaceae	Ericaceae	Ericaceae	Ericaceae	Ericaceae	100%	1	k141_52565
P002_WH01_00024 	Ranunculaceae	Ranunculaceae	Ranunculaceae	Ranunculaceae	Ranunculaceae	Cyperaceae	Ranunculaceae	100%	18	k141_15403
P002_WH02_00038 	Crassulaceae	Crassulaceae	Orobanchaceae	Apiaceae	Apiaceae	Saxifragaceae	Crassulaceae	100%	10	k141_116987
P002_WH03_00027 	Rubiaceae	Rubiaceae	Rubiaceae	Polygonaceae	Polygonaceae	Polygonaceae	Rubiaceae	100%	10	k141_28566
P002_WH05_00007 	Ranunculaceae	Ranunculaceae	Ranunculaceae	Ranunculaceae	Ranunculaceae	Cyperaceae	Ranunculaceae	100%	18	k141_260
P002_WH07_00021 	Caryophyllaceae	Caryophyllaceae	Caryophyllaceae	Caryophyllaceae	Caryophyllaceae	Caryophyllaceae	Caryophyllaceae	100%	6	k141_164689
P003_WA04_00020 	Crassulaceae	Crassulaceae	Crassulaceae	Geraniaceae	Ericaceae	Poaceae	Crassulaceae	100%	10	k141_101769
P003_WB02_00052 	Rubiaceae	Rubiaceae	Rubiaceae	Polygonaceae	Polygonaceae	Polygonaceae	Rubiaceae	100%	9	k141_81544
P003_WB06_00095 	Caryophyllaceae	Caryophyllaceae	Caryophyllaceae	Caryophyllaceae	Caryophyllaceae	Caryophyllaceae	Caryophyllaceae	100%	49	k141_2706
P003_WB07_00027 	Ericaceae	Ericaceae	Ericaceae	Ericaceae	Ericaceae	Ericaceae	Ericaceae	100%	2	k141_59463
P003_WB10_00102 	Fabaceae	Fabaceae	Fabaceae	Orobanchaceae	Polygonaceae	Polygonaceae	Fabaceae	100%	71	k141_69206
P003_WC12_00048 	Juncaceae	Juncaceae	Juncaceae	Juncaceae	Poaceae	Poaceae	Juncaceae	100%	1	k141_71495
P003_WD06_00011 	Ranunculaceae	Ranunculaceae	Ranunculaceae	Fabaceae	Ranunculaceae	Ranunculaceae	Ranunculaceae	100%	11	k141_543
P003_WD08_00021 	Caryophyllaceae	Caryophyllaceae	Caryophyllaceae	Caryophyllaceae	Caryophyllaceae	Caryophyllaceae	Caryophyllaceae	100%	6	k141_58344
P003_WD10_00008 	Caryophyllaceae	Caryophyllaceae	Caryophyllaceae	Caryophyllaceae	Caryophyllaceae	Caryophyllaceae	Caryophyllaceae	100%	9	k141_84686
P003_WE04_00019 	Poaceae	Poaceae	Poaceae	Poaceae	Poaceae	Poaceae	Poaceae	100%	7	k141_20086
P003_WE08_00079 	Plantaginaceae	Plantaginaceae	Plantaginaceae	Apiaceae	Asteraceae	Orobanchaceae	Plantaginaceae	100%	11	k141_2492
P003_WF07_00087 	Caryophyllaceae	Caryophyllaceae	Caryophyllaceae	Caryophyllaceae	Caryophyllaceae	Caryophyllaceae	Caryophyllaceae	100%	6	k141_3693
P003_WG01_00019 	Ranunculaceae	Ranunculaceae	Ranunculaceae	Ranunculaceae	Ranunculaceae	Cyperaceae	Ranunculaceae	100%	9	k141_86712
P003_WG04_00097 	Brassicaceae	Brassicaceae	Saxifragaceae	Saxifragaceae	Saxifragaceae	Orobanchaceae	Brassicaceae	100%	9	k141_144049
P003_WG09_00073 	Poaceae	Poaceae	Poaceae	Poaceae	Poaceae	Poaceae	Poaceae	100%	7	k141_39228
P003_WG10_00061 	Juncaceae	Juncaceae	Polygonaceae	Polygonaceae	Polygonaceae	Rubiaceae	Juncaceae	100%	1	k141_11395
P003_WG11_00226 	Asteraceae	Bignoniaceae	Plantaginaceae	Plantaginaceae	Orobanchaceae	Apiaceae	Bignoniaceae	100%	1	k141_112827
P003_WH01_00069 	Orobanchaceae	Plantaginaceae	Plantaginaceae	Plantaginaceae	Plantaginaceae	Apiaceae	Orobanchaceae	88%	8	k141_129725
P003_WH09_00026 	Saxifragaceae	Saxifragaceae	Saxifragaceae	Saxifragaceae	Crassulaceae	Orobanchaceae	Saxifragaceae	100%	8	k141_41903
P004_WB01_00063 	Poaceae	Poaceae	Poaceae	Poaceae	Poaceae	Poaceae	Poaceae	100%	23	k141_30287
P004_WB02_00119 	Ericaceae	Ericaceae	Ericaceae	Ericaceae	Ericaceae	Ericaceae	Ericaceae	100%	1	k141_18730
P004_WC01_00087 	Poaceae	Poaceae	Poaceae	Poaceae	Poaceae	Poaceae	Poaceae	100%	7	k141_101397
P004_WD01_00007 	Poaceae	Poaceae	Poaceae	Poaceae	Poaceae	Poaceae	Poaceae	100%	11	k141_63560
P004_WF01_00056 	Cupressaceae	Cupressaceae	Poaceae	Poaceae	Crassulaceae	Crassulaceae	Cupressaceae	100%	44	k141_9113
P004_WH01_00007 	Caryophyllaceae	Caryophyllaceae	Ericaceae	Poaceae	Poaceae	Geraniaceae	Caryophyllaceae	66%	4	k141_43659
P8807_501_00008 	Ericaceae	Ericaceae	Ericaceae	Ericaceae	Ericaceae	Ericaceae	Ericaceae	100%	2	k141_52165
P8807_509_00070 	Orobanchaceae	Orobanchaceae	Fabaceae	Polygonaceae	Polygonaceae	Polygonaceae	Orobanchaceae	83%	5	k141_33627
P8807_516_00054 	Caryophyllaceae	Caryophyllaceae	Caryophyllaceae	Caryophyllaceae	Caryophyllaceae	Caryophyllaceae	Caryophyllaceae	100%	6	k141_66953
P8807_517_00017 	Ericaceae	Ericaceae	Ericaceae	Ericaceae	Ericaceae	Ericaceae	Ericaceae	100%	4	k141_24536
P8807_521_00017 	Ericaceae	Ericaceae	Ericaceae	Ericaceae	Ericaceae	Ericaceae	Ericaceae	100%	3	k141_58074
P8807_522_00016 	Rosaceae	Moraceae	Orobanchaceae	Celastraceae	Ericaceae	Geraniaceae	Rosaceae	80%	4	k141_69163
WB02_00073 	Geraniaceae	Geraniaceae	Ericaceae	Poaceae	Poaceae	Fabaceae	Geraniaceae	100%	1	k141_13007
WB07_00019 	Polygonaceae	Polygonaceae	Polygonaceae	Polygonaceae	Rubiaceae	Rubiaceae	Polygonaceae	100%	21	k141_17442
WB12_00018 	Asteraceae	Asteraceae	Asteraceae	Asteraceae	Crassulaceae	Plantaginaceae	Asteraceae	100%	1	k141_18233
WC06_00045 	Ericaceae	Ericaceae	Ericaceae	Ericaceae	Ericaceae	Ericaceae	Ericaceae	100%	9	k141_34499
