P001_WA01_00124 	Saxifragaceae;Saxifraga	Poaceae;Gaudinopsis	Poaceae;Poa	Poaceae;Poa	Poaceae;Dupontia	Poaceae;Sesleria
P001_WA02_00052 	Orobanchaceae;Euphrasia	Orobanchaceae;Euphrasia	Brassicaceae;Arabis	Orobanchaceae;Euphrasia	Orobanchaceae;Euphrasia	Orobanchaceae;Bartsia
P001_WA03_00111 	Cyperaceae;Carex	Cyperaceae;Carex	Cyperaceae;Carex	Cyperaceae;Carex	Cyperaceae;Carex	Cyperaceae;Carex
P001_WA04_00067 	Salicaceae;Salix	Salicaceae;Salix	Salicaceae;Salix	Salicaceae;Salix	Salicaceae;Salix	Salicaceae;Salix
P001_WA05_00055 	Poaceae;Festuca	Poaceae;Festuca	Poaceae;Festuca	Poaceae;Festuca	Poaceae;Festuca	Poaceae;Festuca
P001_WA06_00114 	Cyperaceae;Carex	Cyperaceae;Carex	Cyperaceae;Carex	Cyperaceae;Carex	Cyperaceae;Carex	Cyperaceae;Carex
P001_WA07_00054 	Asteraceae;Omalotheca	Asteraceae;Helichrysum	Asteraceae;Gnaphalium	Asteraceae;Antennaria	Poaceae;Festuca	Asteraceae;Antennaria
P001_WA08_00128 	Cyperaceae;Carex	Cyperaceae;Carex	Cyperaceae;Carex	Cyperaceae;Carex	Cyperaceae;Carex	Cyperaceae;Carex
P001_WA10_00073 	Rubiaceae;Cruciata	Rubiaceae;Rubia	Rubiaceae;Galium	Rubiaceae;Galium	Caryophyllaceae;Cerastium	Boraginaceae;Myosotis
P001_WA11_00112 	Campanulaceae;Campanula	Campanulaceae;Campanula	Campanulaceae;Campanula	Campanulaceae;Campanula	Campanulaceae;Campanula	Campanulaceae;Campanula
P001_WA12_00086 	Asteraceae;Matricaria	Asteraceae;Artemisia	Asteraceae;Anthemis	Asteraceae;Achillea	Asteraceae;Anthemis	Asteraceae;Leucanthemum
P001_WB01_00025 	Brassicaceae;Arabis	Orobanchaceae;Euphrasia	Brassicaceae;Arabis	Orobanchaceae;Euphrasia	Orobanchaceae;Euphrasia	Orobanchaceae;Bartsia
P001_WB01_00198 	Brassicaceae;Arabis	Brassicaceae;Arabis	Brassicaceae;Draba	Papaveraceae;Papaver	Brassicaceae;Draba	Brassicaceae;Draba
P001_WB01_00389 	Brassicaceae;Arabis	Ranunculaceae;Ranunculus	Caryophyllaceae;Dianthus	Ranunculaceae;Ranunculus	Ranunculaceae;Ranunculus	Ranunculaceae;Ranunculus
P001_WB01_00437 	Brassicaceae;Arabis	Poaceae;Avenella	Poaceae;Deschampsia	Poaceae;Avenella	Poaceae;Hyalopoa	Poaceae;Arctagrostis
P001_WB02_00075 	Salicaceae;Salix	Salicaceae;Salix	Salicaceae;Salix	Salicaceae;Salix	Salicaceae;Salix	Salicaceae;Salix
P001_WB02_00170 	Salicaceae;Salix	Orobanchaceae;Euphrasia	Brassicaceae;Arabis	Salicaceae;Salix	Orobanchaceae;Euphrasia	Orobanchaceae;Euphrasia
P001_WB03_00016 	Cyperaceae;Eriophorum	Cyperaceae;Carex	Cyperaceae;Eriophorum	Cyperaceae;Eriophorum	Cyperaceae;Eriophorum	Cyperaceae;Eriophorum
P001_WB04_00109 	Cupressaceae;Juniperus	Betulaceae;Betula	Betulaceae;Betula	Saxifragaceae;Saxifraga	Saxifragaceae;Saxifraga	Saxifragaceae;Chrysosplenium
P001_WB05_00091 	Poaceae;Anthoxanthum	Poaceae;Anthoxanthum	Poaceae;Hierochloe	Poaceae;Hierochloe	Poaceae;Calamagrostis	Poaceae;Calamagrostis
P001_WB06_00051 	Gentianaceae;Comastoma	Gentianaceae;Swertia	Gentianaceae;Gentianella	Orobanchaceae;Euphrasia	Gentianaceae;Gentiana	Gentianaceae;Gentiana
P001_WB08_00078 	Poaceae;Bromus	Poaceae;Bromus	Poaceae;Deschampsia	Poaceae;Avenella	Poaceae;Hierochloe	Poaceae;Hierochloe
P001_WB09_00055 	Asteraceae;Leontodon	Asteraceae;Sonchus	Asteraceae;Leontodon	Cyperaceae;Carex	Asteraceae;Taraxacum	Asteraceae;Taraxacum
P001_WB10_00058 	Poaceae;Nardus	Poaceae;Nardus	Poaceae;Hyalopoa	Poaceae;Arctagrostis	Poaceae;Hierochloe	Poaceae;Hierochloe
P001_WB11_00110 	Campanulaceae;Campanula	Campanulaceae;Campanula	Campanulaceae;Campanula	Campanulaceae;Campanula	Campanulaceae;Campanula	Campanulaceae;Campanula
P001_WB12_00018 	Asteraceae;Gnaphalium	Asteraceae;Helichrysum	Asteraceae;Gnaphalium	Asteraceae;Antennaria	Poaceae;Festuca	Asteraceae;Antennaria
P001_WC02_00031 	Poaceae;Deschampsia	Poaceae;Avenella	Poaceae;Deschampsia	Poaceae;Avenella	Poaceae;Hyalopoa	Poaceae;Arctagrostis
P001_WC03_00053 	Asteraceae;Erigeron	Asteraceae;Erigeron	Asteraceae;Erigeron	Asteraceae;Erigeron	Asteraceae;Aster	Asteraceae;Aster
P001_WC06_00079 	Gentianaceae;Gentiana	Gentianaceae;Gentiana	Gentianaceae;Gentiana	Gentianaceae;Gentiana	Gentianaceae;Gentiana	Gentianaceae;Gentianella
P001_WC07_00090 	Asteraceae;Leontodon	Asteraceae;Taraxacum	Asteraceae;Leontodon	Cyperaceae;Carex	Asteraceae;Taraxacum	Asteraceae;Taraxacum
P001_WC08_00058 	Apiaceae;Bupleurum	Apiaceae;Bupleurum	Apiaceae;Bupleurum	Apiaceae;Seseli	Apiaceae;Peucedanum	Apiaceae;Ligusticum
P001_WC09_00060 	Lamiaceae;Betonica	Lamiaceae;Stenogyne	Plantaginaceae;Pennellianthus	Orobanchaceae;Pedicularis	Orobanchaceae;Pedicularis	Orobanchaceae;Bartsia
P001_WC10_00046 	Apiaceae;Carum	Apiaceae;Carum	Apiaceae;Carum	Apiaceae;Seseli	Apiaceae;Peucedanum	Apiaceae;Ligusticum
P001_WC11_00091 	Polygonaceae;Rumex	Polygonaceae;Rumex	Polygonaceae;Rumex	Polygonaceae;Rumex	Cyperaceae;Carex	Polygonaceae;Polygonum
P001_WC12_00065 	Cyperaceae;Carex	Cyperaceae;Carex	Cyperaceae;Carex	Cyperaceae;Kobresia	Cyperaceae;Carex	Cyperaceae;Carex
P001_WD01_00098 	Poaceae;Poa	Poaceae;Gaudinopsis	Poaceae;Poa	Poaceae;Phleum	Poaceae;Hyalopoa	Poaceae;Arctagrostis
P001_WD02_00049 	Saxifragaceae;Saxifraga	Saxifragaceae;Micranthes	Saxifragaceae;Saxifraga	Brassicaceae;Draba	Saxifragaceae;Saxifraga	Saxifragaceae;Chrysosplenium
P001_WD03_00043 	Poaceae;Calamagrostis	Poaceae;Gastridium	Poaceae;Calamagrostis	Poaceae;Calamagrostis	Poaceae;Calamagrostis	Poaceae;Calamagrostis
P001_WD04_00077 	Ericaceae;Cassiope	Ericaceae;Rhododendron	Ericaceae;Rhododendron	Ericaceae;Rhododendron	Ericaceae;Rhododendron	Ericaceae;Rhododendron
P001_WD05_00002 	Poaceae;Avenella	Poaceae;Avenella	Poaceae;Deschampsia	Poaceae;Avenella	Poaceae;Hyalopoa	Poaceae;Arctagrostis
P001_WD06_00079 	Campanulaceae;Campanula	Campanulaceae;Campanula	Campanulaceae;Campanula	Campanulaceae;Campanula	Campanulaceae;Campanula	Campanulaceae;Campanula
P001_WD07_00042 	Caryophyllaceae;Silene	Caryophyllaceae;Silene	Caryophyllaceae;Silene	Caryophyllaceae;Silene	Caryophyllaceae;Silene	Caryophyllaceae;Viscaria
P001_WD08_00069 	Caryophyllaceae;Cerastium	Boraginaceae;Plagiobothrys	Boraginaceae;Myosotis	Plantaginaceae;Pennellianthus	Plantaginaceae;Veronica	Plantaginaceae;Veronica
P001_WD08_00193 	Caryophyllaceae;Cerastium	Caryophyllaceae;Cerastium	Caryophyllaceae;Cerastium	Caryophyllaceae;Cerastium	Cyperaceae;Carex	Caryophyllaceae;Cerastium
P001_WD08_00211 	Caryophyllaceae;Cerastium	Caryophyllaceae;Pseudocerastium	Caryophyllaceae;Cerastium	Caryophyllaceae;Cerastium	Cyperaceae;Carex	Caryophyllaceae;Cerastium
P001_WD09_00032 	Gentianaceae;Gentiana	Gentianaceae;Gentiana	Gentianaceae;Gentiana	Gentianaceae;Comastoma	Gentianaceae;Gentianella	Gentianaceae;Gentiana
P001_WD10_00049 	Boraginaceae;Myosotis	Boraginaceae;Plagiobothrys	Boraginaceae;Myosotis	Plantaginaceae;Pennellianthus	Plantaginaceae;Veronica	Plantaginaceae;Veronica
P001_WD11_00193 	Crassulaceae;Sedum	Asteraceae;Taraxacum	Asteraceae;Taraxacum	Cyperaceae;Carex	Asteraceae;Taraxacum	Asteraceae;Taraxacum
P001_WD11_00311 	Crassulaceae;Sedum	Crassulaceae;Sempervivum	Crassulaceae;Sedum	Crassulaceae;Sempervivum	Crassulaceae;Sedum	Crassulaceae;Rhodiola
P001_WD11_00340 	Crassulaceae;Sedum	Crassulaceae;Sempervivum	Crassulaceae;Sedum	Crassulaceae;Sempervivum	Crassulaceae;Sedum	Crassulaceae;Rhodiola
P001_WD12_00065 	Asteraceae;Taraxacum	Asteraceae;Taraxacum	Asteraceae;Taraxacum	Cyperaceae;Carex	Asteraceae;Taraxacum	Asteraceae;Taraxacum
P001_WE01_00046 	Caryophyllaceae;Minuartia	Caryophyllaceae;Colobanthus	Caryophyllaceae;Minuartia	Caryophyllaceae;Minuartia	Caryophyllaceae;Minuartia	Caryophyllaceae;Minuartia
P001_WE02_00124 	Cyperaceae;Kobresia	Cyperaceae;Carex	Cyperaceae;Carex	Cyperaceae;Carex	Cyperaceae;Carex	Cyperaceae;Carex
P001_WE03_00075 	Ranunculaceae;Ranunculus	Ranunculaceae;Ranunculus	Ranunculaceae;Ranunculus	Brassicaceae;Arabis	Caryophyllaceae;Dianthus	Ranunculaceae;Ranunculus
P001_WE04_00124 	Tofieldiaceae;Tofieldia	Cyperaceae;Carex	Cyperaceae;Carex	Cyperaceae;Carex	Cyperaceae;Carex	Cyperaceae;Carex
P001_WE04_00244 	Tofieldiaceae;Tofieldia	Tofieldiaceae;Tofieldia	Ranunculaceae;Trollius	Ranunculaceae;Pulsatilla	Brassicaceae;Draba	Papaveraceae;Papaver
P001_WE05_00133 	Ericaceae;Kalmia	Ericaceae;Rhododendron	Ericaceae;Phyllodoce	Ericaceae;Arctous	Ericaceae;Rhododendron	Ericaceae;Rhododendron
P001_WE06_00081 	Poaceae;Phleum	Poaceae;Phleum	Poaceae;Avenella	Poaceae;Hyalopoa	Poaceae;Arctagrostis	Poaceae;Poa
P001_WE07_00061 	Juncaceae;Luzula	Juncaceae;Juncus	Juncaceae;Luzula	Juncaceae;Luzula	Juncaceae;Luzula	Juncaceae;Luzula
P001_WE08_00086 	Caprifoliaceae;Scabiosa	Caprifoliaceae;Pterocephalus	Caprifoliaceae;Patrinia	Plantaginaceae;Veronica	Asteraceae;Cirsium	Poaceae;Calamagrostis
P001_WE10_00091 	Asteraceae;Taraxacum	Asteraceae;Taraxacum	Asteraceae;Taraxacum	Cyperaceae;Carex	Asteraceae;Taraxacum	Asteraceae;Taraxacum
P001_WE11_00081 	Poaceae;Festuca	Poaceae;Festuca	Poaceae;Festuca	Poaceae;Festuca	Poaceae;Festuca	Poaceae;Festuca
P001_WE12_00095 	Cyperaceae;Carex	Geraniaceae;Geranium	Geraniaceae;Geranium	Salicaceae;Salix	Saxifragaceae;Saxifraga	Saxifragaceae;Saxifraga
P001_WE12_00148 	Cyperaceae;Carex	Asteraceae;Taraxacum	Asteraceae;Taraxacum	Cyperaceae;Carex	Asteraceae;Taraxacum	Asteraceae;Taraxacum
P001_WE12_00169 	Cyperaceae;Carex	Cyperaceae;Carex	Cyperaceae;Carex	Cyperaceae;Carex	Cyperaceae;Kobresia	Cyperaceae;Carex
P001_WF01_00095 	Equisetaceae;Equisetum	Equisetaceae;Equisetum	Equisetaceae;Equisetum	Equisetaceae;Equisetum	Equisetaceae;Equisetum	Equisetaceae;Equisetum
P001_WF02_00146 	Cyperaceae;Carex	Cyperaceae;Carex	Cyperaceae;Carex	Cyperaceae;Carex	Cyperaceae;Carex	Cyperaceae;Carex
P001_WF03_00044 	Caryophyllaceae;Cerastium	Caryophyllaceae;Cerastium	Caryophyllaceae;Cerastium	Caryophyllaceae;Cerastium	Cyperaceae;Carex	Caryophyllaceae;Cerastium
P001_WF04_00038 	Caryophyllaceae;Silene	Caryophyllaceae;Silene	Caryophyllaceae;Silene	Caryophyllaceae;Silene	Caryophyllaceae;Silene	Caryophyllaceae;Silene
P001_WF04_00039 	Caryophyllaceae;Silene	Caryophyllaceae;Silene	Caryophyllaceae;Silene	Caryophyllaceae;Silene	Caryophyllaceae;Silene	Caryophyllaceae;Viscaria
P001_WF05_00104 	Asteraceae;Antennaria	Asteraceae;Leontopodium	Asteraceae;Omalotheca	Asteraceae;Gnaphalium	Poaceae;Festuca	Asteraceae;Antennaria
P001_WF06_00082 	Orobanchaceae;Euphrasia	Orobanchaceae;Euphrasia	Brassicaceae;Arabis	Orobanchaceae;Euphrasia	Orobanchaceae;Euphrasia	Orobanchaceae;Bartsia
P001_WF06_00212 	Orobanchaceae;Euphrasia	Poaceae;Festuca	Poaceae;Festuca	Poaceae;Festuca	Poaceae;Festuca	Poaceae;Festuca
P001_WF07_00081 	Poaceae;Festuca	Poaceae;Festuca	Poaceae;Festuca	Poaceae;Festuca	Poaceae;Festuca	Poaceae;Festuca
P001_WF08_00063 	Orchidaceae;Coeloglossum	Orchidaceae;Dactylorhiza	Tofieldiaceae;Tofieldia	Cupressaceae;Juniperus	Saxifragaceae;Saxifraga	Betulaceae;Betula
P001_WF09_00087 	Gentianaceae;Gentiana	Gentianaceae;Gentiana	Gentianaceae;Gentiana	Gentianaceae;Gentiana	Gentianaceae;Gentiana	Gentianaceae;Gentiana
P001_WF11_00051 	Apiaceae;Seseli	Apiaceae;Angelica	Apiaceae;Peucedanum	Apiaceae;Ligusticum	Apiaceae;Carum	Apiaceae;Carum
P001_WF12_00014 	Geraniaceae;Geranium	Geraniaceae;Geranium	Geraniaceae;Geranium	Salicaceae;Salix	Saxifragaceae;Saxifraga	Saxifragaceae;Saxifraga
P001_WF12_00154 	Geraniaceae;Geranium	Hypericaceae;Hypericum	Salicaceae;Salix	Salicaceae;Salix	Salicaceae;Salix	Salicaceae;Salix
P001_WG01_00029 	Ranunculaceae;Thalictrum	Ranunculaceae;Thalictrum	Cyperaceae;Carex	Selaginellaceae;Selaginella	Ranunculaceae;Trollius	Ranunculaceae;Anemone
P001_WG02_00170 	Cyperaceae;Carex	Cyperaceae;Carex	Cyperaceae;Carex	Cyperaceae;Carex	Cyperaceae;Carex	Cyperaceae;Carex
P001_WG02_00190 	Cyperaceae;Carex	Cyperaceae;Carex	Cyperaceae;Carex	Cyperaceae;Carex	Cyperaceae;Carex	Cyperaceae;Carex
P001_WG02_00302 	Cyperaceae;Carex	Ranunculaceae;Thalictrum	Cyperaceae;Carex	Selaginellaceae;Selaginella	Ranunculaceae;Trollius	Ranunculaceae;Anemone
P001_WG03_00303 	Selaginellaceae;Selaginella	Cyperaceae;Carex	Cyperaceae;Eriophorum	Cyperaceae;Eriophorum	Cyperaceae;Eriophorum	Cyperaceae;Carex
P001_WG03_00357 	Selaginellaceae;Selaginella	Celastraceae;Parnassia	Celastraceae;Parnassia	Saxifragaceae;Saxifraga	Cupressaceae;Juniperus	Betulaceae;Betula
P001_WG03_00390 	Selaginellaceae;Selaginella	Caryophyllaceae;Cerastium	Caryophyllaceae;Cerastium	Caryophyllaceae;Cerastium	Cyperaceae;Carex	Caryophyllaceae;Cerastium
P001_WG03_00495 	Selaginellaceae;Selaginella	Ranunculaceae;Thalictrum	Cyperaceae;Carex	Selaginellaceae;Selaginella	Ranunculaceae;Trollius	Ranunculaceae;Anemone
P001_WG04_00004 	Cyperaceae;Carex	Cyperaceae;Carex	Cyperaceae;Carex	Cyperaceae;Carex	Cyperaceae;Carex	Cyperaceae;Carex
P001_WG05_00025 	Caryophyllaceae;Viscaria	Caryophyllaceae;Silene	Caryophyllaceae;Silene	Caryophyllaceae;Silene	Caryophyllaceae;Silene	Caryophyllaceae;Silene
P001_WG06_00008 	Saxifragaceae;Saxifraga	Saxifragaceae;Saxifraga	Saxifragaceae;Saxifraga	Saxifragaceae;Saxifraga	Salicaceae;Salix	Saxifragaceae;Saxifraga
P001_WG07_00072 	Gentianaceae;Gentianella	Gentianaceae;Swertia	Gentianaceae;Gentianella	Orobanchaceae;Euphrasia	Gentianaceae;Gentiana	Gentianaceae;Gentiana
P001_WG08_00056 	Asteraceae;Anthemis	Asteraceae;Tanacetum	Asteraceae;Matricaria	Asteraceae;Anthemis	Asteraceae;Achillea	Asteraceae;Leucanthemum
P001_WG10_00065 	Asteraceae;Taraxacum	Asteraceae;Taraxacum	Asteraceae;Taraxacum	Cyperaceae;Carex	Asteraceae;Taraxacum	Asteraceae;Taraxacum
P001_WG11_00078 	Liliaceae;Gagea	Liliaceae;Lloydia	Liliaceae;Fritillaria	Saxifragaceae;Saxifraga	Saxifragaceae;Chrysosplenium	Saxifragaceae;Saxifraga
P001_WG12_00114 	Poaceae;Catabrosella	Poaceae;Zingeria	Poaceae;Hyalopoa	Poaceae;Arctagrostis	Poaceae;Festuca	Poaceae;Alopecurus
P001_WH01_00056 	Celastraceae;Parnassia	Celastraceae;Parnassia	Selaginellaceae;Selaginella	Cupressaceae;Juniperus	Betulaceae;Betula	Saxifragaceae;Saxifraga
P001_WH02_00046 	Salicaceae;Salix	Salicaceae;Salix	Salicaceae;Salix	Salicaceae;Salix	Salicaceae;Salix	Salicaceae;Salix
P001_WH03_00069 	Cyperaceae;Eriophorum	Cyperaceae;Carex	Cyperaceae;Eriophorum	Cyperaceae;Eriophorum	Cyperaceae;Eriophorum	Cyperaceae;Eriophorum
P001_WH04_00043 	Saxifragaceae;Saxifraga	Saxifragaceae;Saxifraga	Saxifragaceae;Saxifraga	Salicaceae;Salix	Saxifragaceae;Saxifraga	Saxifragaceae;Saxifraga
P001_WH05_00029 	Plantaginaceae;Veronica	Plantaginaceae;Neopicrorhiza	Plantaginaceae;Veronica	Plantaginaceae;Veronica	Asteraceae;Cirsium	Fabaceae;Hedysarum
P001_WH06_00104 	Poaceae;Trisetum	Poaceae;Koeleria	Poaceae;Hierochloe	Poaceae;Hierochloe	Poaceae;Calamagrostis	Poaceae;Calamagrostis
P001_WH06_00206 	Poaceae;Trisetum	Asteraceae;Crepidiastrum	Asteraceae;Scorzonera	Plantaginaceae;Veronica	Asteraceae;Cirsium	Asteraceae;Antennaria
P001_WH07_00071 	Asteraceae;Scorzonera	Asteraceae;Crepidiastrum	Asteraceae;Scorzonera	Plantaginaceae;Veronica	Asteraceae;Cirsium	Asteraceae;Antennaria
P001_WH08_00029 	Asteraceae;Anthemis	Asteraceae;Tanacetum	Asteraceae;Anthemis	Asteraceae;Matricaria	Asteraceae;Achillea	Asteraceae;Leucanthemum
P001_WH09_00100 	Primulaceae;Primula	Primulaceae;Primula	Primulaceae;Primula	Primulaceae;Primula	Primulaceae;Primula	Primulaceae;Primula
P001_WH11_00028 	Asteraceae;Erigeron	Asteraceae;Erigeron	Asteraceae;Erigeron	Asteraceae;Erigeron	Asteraceae;Aster	Asteraceae;Aster
P001_WH12_00143 	Asteraceae;Hieracium	Asteraceae;Reichardia	Asteraceae;Hieracium	Asteraceae;Hieracium	Asteraceae;Cirsium	Asteraceae;Saussurea
P002_WA01_00119 	Poaceae;Hyalopoa	Poaceae;Scolochloa	Poaceae;Arctagrostis	Poaceae;Alopecurus	Poaceae;Festuca	Poaceae;Alopecurus
P002_WA03_00054 	Poaceae;Festuca	Poaceae;Castellia	Poaceae;Festuca	Poaceae;Festuca	Poaceae;Festuca	Poaceae;Festuca
P002_WA04_00046 	Apiaceae;Carum	Apiaceae;Carum	Apiaceae;Carum	Apiaceae;Seseli	Apiaceae;Peucedanum	Apiaceae;Ligusticum
P002_WA05_00056 	Gentianaceae;Gentiana	Gentianaceae;Gentiana	Gentianaceae;Gentiana	Gentianaceae;Comastoma	Gentianaceae;Gentianella	Gentianaceae;Gentiana
P002_WA06_00051 	Apiaceae;Peucedanum	Apiaceae;Glehnia	Apiaceae;Seseli	Apiaceae;Ligusticum	Apiaceae;Carum	Apiaceae;Carum
P002_WA07_00006 	Ericaceae;Harrimanella	Ericaceae;Rhododendron	Ericaceae;Phyllodoce	Ericaceae;Rhododendron	Ericaceae;Rhododendron	Ericaceae;Rhododendron
P002_WA08_00105 	Poaceae;Poa	Poaceae;Poa	Poaceae;Poa	Poaceae;Poa	Poaceae;Poa	Poaceae;Sesleria
P002_WA09_00039 	Rosaceae;Dryas	Rosaceae;Dryas	Rosaceae;Dryas	Cyperaceae;Carex	Rosaceae;Dryas	Rosaceae;Spiraea
P002_WA10_00039 	Ericaceae;Rhododendron	Ericaceae;Rhododendron	Ericaceae;Rhododendron	Ericaceae;Rhododendron	Ericaceae;Rhododendron	Ericaceae;Rhododendron
P002_WA11_00037 	Poaceae;Calamagrostis	Poaceae;Gastridium	Poaceae;Calamagrostis	Poaceae;Calamagrostis	Poaceae;Calamagrostis	Poaceae;Calamagrostis
P002_WA12_00030 	Saxifragaceae;Saxifraga	Saxifragaceae;Saxifraga	Ranunculaceae;Ranunculus	Saxifragaceae;Saxifraga	Salicaceae;Salix	Saxifragaceae;Saxifraga
P002_WB01_00092 	Apiaceae;Chaerophyllum	Apiaceae;Angelica	Apiaceae;Seseli	Apiaceae;Peucedanum	Apiaceae;Ligusticum	Apiaceae;Tilingia
P002_WB02_00097 	Primulaceae;Primula	Primulaceae;Primula	Primulaceae;Primula	Primulaceae;Primula	Primulaceae;Primula	Primulaceae;Primula
P002_WB03_00050 	Caryophyllaceae;Arenaria	Caryophyllaceae;Stellaria	Caryophyllaceae;Viscaria	Rosaceae;Spiraea	Caryophyllaceae;Minuartia	Caryophyllaceae;Minuartia
P002_WB04_00058 	Poaceae;Helictotrichon	Poaceae;Helictochloa	Poaceae;Arctophila	Poaceae;Dupontia	Poaceae;Sesleria	Poaceae;Poa
P002_WB05_00046 	Orobanchaceae;Pedicularis	Orobanchaceae;Pedicularis	Orobanchaceae;Pedicularis	Rosaceae;Potentilla	Orobanchaceae;Pedicularis	Orobanchaceae;Pedicularis
P002_WB06_00070 	Rosaceae;Potentilla	Rosaceae;Potentilla	Orobanchaceae;Pedicularis	Rosaceae;Potentilla	Rosaceae;Potentilla	Rosaceae;Potentilla
P002_WB07_00070 	Ericaceae;Bryanthus	Ericaceae;Rhododendron	Ericaceae;Rhododendron	Ericaceae;Rhododendron	Ericaceae;Rhododendron	Ericaceae;Rhododendron
P002_WB08_00135 	Poaceae;Poa	Poaceae;Poa	Poaceae;Poa	Poaceae;Poa	Poaceae;Poa	Poaceae;Sesleria
P002_WB09_00031 	Salicaceae;Salix	Salicaceae;Salix	Salicaceae;Salix	Salicaceae;Salix	Salicaceae;Salix	Salicaceae;Salix
P002_WB10_00116 	Caryophyllaceae;Stellaria	Caryophyllaceae;Cerastium	Caryophyllaceae;Stellaria	Caryophyllaceae;Cerastium	Cyperaceae;Carex	Caryophyllaceae;Cerastium
P002_WB11_00058 	Orobanchaceae;Pedicularis	Orobanchaceae;Pedicularis	Orobanchaceae;Pedicularis	Orobanchaceae;Pedicularis	Orobanchaceae;Pedicularis	Orobanchaceae;Pedicularis
P002_WB12_00068 	Saxifragaceae;Chrysosplenium	Saxifragaceae;Chrysosplenium	Saxifragaceae;Saxifraga	Saxifragaceae;Saxifraga	Brassicaceae;Draba	Saxifragaceae;Saxifraga
P002_WC01_00061 	Rosaceae;Potentilla	Orobanchaceae;Pedicularis	Orobanchaceae;Pedicularis	Orobanchaceae;Pedicularis	Orobanchaceae;Pedicularis	Orobanchaceae;Pedicularis
P002_WC01_00104 	Rosaceae;Potentilla	Rosaceae;Potentilla	Orobanchaceae;Pedicularis	Rosaceae;Potentilla	Rosaceae;Potentilla	Rosaceae;Potentilla
P002_WC03_00054 	Orobanchaceae;Euphrasia	Orobanchaceae;Euphrasia	Brassicaceae;Arabis	Orobanchaceae;Euphrasia	Orobanchaceae;Euphrasia	Orobanchaceae;Bartsia
P002_WC04_00053 	Asteraceae;Aster	Asteraceae;Aster	Asteraceae;Erigeron	Asteraceae;Erigeron	Asteraceae;Erigeron	Asteraceae;Aster
P002_WC05_00051 	Apiaceae;Tilingia	Apiaceae;Pterygopleurum	Apiaceae;Seseli	Apiaceae;Peucedanum	Apiaceae;Ligusticum	Apiaceae;Carum
P002_WC06_00014 	Juncaceae;Luzula	Juncaceae;Juncus	Juncaceae;Luzula	Juncaceae;Luzula	Juncaceae;Luzula	Juncaceae;Luzula
P002_WC07_00050 	Ericaceae;Rhododendron	Ericaceae;Rhododendron	Ericaceae;Rhododendron	Ericaceae;Rhododendron	Ericaceae;Rhododendron	Ericaceae;Rhododendron
P002_WC08_00081 	Brassicaceae;Cardamine	Brassicaceae;Cardamine	Brassicaceae;Cardamine	Brassicaceae;Cardamine	Brassicaceae;Draba	Brassicaceae;Draba
P002_WC10_00052 	Polygonaceae;Persicaria	Polygonaceae;Bistorta	Polygonaceae;Bistorta	Polygonaceae;Polygonum	Polygonaceae;Bistorta	Polygonaceae;Rumex
P002_WC11_00067 	Caryophyllaceae;Minuartia	Caryophyllaceae;Colobanthus	Caryophyllaceae;Minuartia	Caryophyllaceae;Minuartia	Caryophyllaceae;Minuartia	Caryophyllaceae;Minuartia
P002_WC12_00133 	Cyperaceae;Eriophorum	Cyperaceae;Carex	Cyperaceae;Eriophorum	Cyperaceae;Eriophorum	Cyperaceae;Eriophorum	Cyperaceae;Eriophorum
P002_WD01_00029 	Orobanchaceae;Pedicularis	Rosaceae;Potentilla	Orobanchaceae;Pedicularis	Rosaceae;Potentilla	Rosaceae;Potentilla	Rosaceae;Potentilla
P002_WD01_00141 	Orobanchaceae;Pedicularis	Orobanchaceae;Pedicularis	Orobanchaceae;Pedicularis	Orobanchaceae;Pedicularis	Orobanchaceae;Pedicularis	Orobanchaceae;Pedicularis
P002_WD02_00055 	Violaceae;Viola	Violaceae;Viola	Violaceae;Viola	Salicaceae;Salix	Salicaceae;Salix	Salicaceae;Salix
P002_WD03_00062 	Asteraceae;Erigeron	Asteraceae;Erigeron	Asteraceae;Erigeron	Asteraceae;Erigeron	Asteraceae;Aster	Asteraceae;Aster
P002_WD04_00029 	Rosaceae;Potentilla	Rosaceae;Potentilla	Orobanchaceae;Pedicularis	Rosaceae;Potentilla	Rosaceae;Potentilla	Rosaceae;Potentilla
P002_WD05_00030 	Plantaginaceae;Pennellianthus	Plantaginaceae;Penstemon	Lamiaceae;Betonica	Orobanchaceae;Pedicularis	Plantaginaceae;Veronica	Orobanchaceae;Bartsia
P002_WD06_00091 	Poaceae;Deschampsia	Poaceae;Agrostis	Poaceae;Agrostis	Poaceae;Hierochloe	Poaceae;Hierochloe	Poaceae;Phleum
P002_WD07_00037 	Asteraceae;Saussurea	Asteraceae;Saussurea	Plantaginaceae;Veronica	Asteraceae;Cirsium	Asteraceae;Saussurea	Poaceae;Calamagrostis
P002_WD09_00085 	Plumbaginaceae;Armeria	Plumbaginaceae;Limonium	Polygonaceae;Rumex	Polygonaceae;Polygonum	Cyperaceae;Carex	Polygonaceae;Rumex
P002_WD10_00029 	Salicaceae;Salix	Salicaceae;Salix	Salicaceae;Salix	Salicaceae;Salix	Salicaceae;Salix	Salicaceae;Salix
P002_WD11_00067 	Poaceae;Hierochloe	Poaceae;Hierochloe	Poaceae;Hierochloe	Poaceae;Deschampsia	Poaceae;Agrostis	Poaceae;Phleum
P002_WD12_00053 	Polygonaceae;Rumex	Polygonaceae;Rheum	Polygonaceae;Rumex	Polygonaceae;Rumex	Cyperaceae;Carex	Polygonaceae;Polygonum
P002_WE01_00044 	Asteraceae;Centaurea	Asteraceae;Centaurea	Poaceae;Calamagrostis	Plantaginaceae;Veronica	Asteraceae;Cirsium	Asteraceae;Antennaria
P002_WE02_00075 	Plantaginaceae;Plantago	Plantaginaceae;Plantago	Plantaginaceae;Veronica	Fabaceae;Hedysarum	Plantaginaceae;Veronica	Plantaginaceae;Veronica
P002_WE03_00065 	Ranunculaceae;Ranunculus	Ranunculaceae;Ranunculus	Caryophyllaceae;Dianthus	Ranunculaceae;Ranunculus	Brassicaceae;Arabis	Ranunculaceae;Ranunculus
P002_WE04_00096 	Ranunculaceae;Anemone	Ranunculaceae;Anemone	Ranunculaceae;Anemone	Ranunculaceae;Pulsatilla	Ranunculaceae;Trollius	Cyperaceae;Carex
P002_WE05_00097 	Campanulaceae;Campanula	Campanulaceae;Campanula	Campanulaceae;Campanula	Campanulaceae;Campanula	Campanulaceae;Campanula	Campanulaceae;Campanula
P002_WE06_00031 	Caprifoliaceae;Patrinia	Caprifoliaceae;Patrinia	Caprifoliaceae;Scabiosa	Saxifragaceae;Saxifraga	Saxifragaceae;Saxifraga	Ranunculaceae;Ranunculus
P002_WE07_00029 	Rosaceae;Spiraea	Rosaceae;Spiraea	Rosaceae;Dryas	Cyperaceae;Carex	Rosaceae;Dryas	Rosaceae;Rubus
P002_WE07_00195 	Rosaceae;Spiraea	Caryophyllaceae;Colobanthus	Caryophyllaceae;Minuartia	Caryophyllaceae;Minuartia	Caryophyllaceae;Sagina	Caryophyllaceae;Minuartia
P002_WE08_00098 	Poaceae;Alopecurus	Poaceae;Alopecurus	Poaceae;Alopecurus	Poaceae;Alopecurus	Poaceae;Hyalopoa	Poaceae;Arctagrostis
P002_WE09_00028 	Betulaceae;Betula	Betulaceae;Betula	Betulaceae;Betula	Saxifragaceae;Saxifraga	Saxifragaceae;Saxifraga	Saxifragaceae;Chrysosplenium
P002_WE10_00027 	Saxifragaceae;Saxifraga	Saxifragaceae;Saxifraga	Saxifragaceae;Saxifraga	Saxifragaceae;Saxifraga	Salicaceae;Salix	Saxifragaceae;Saxifraga
P002_WE11_00011 	Poaceae;Alopecurus	Poaceae;Alopecurus	Poaceae;Alopecurus	Poaceae;Alopecurus	Poaceae;Hyalopoa	Poaceae;Arctagrostis
P002_WE12_00098 	Poaceae;Arctophila	Poaceae;Gaudinopsis	Poaceae;Dupontia	Poaceae;Sesleria	Poaceae;Arctagrostis	Poaceae;Poa
P002_WF01_00061 	Poaceae;Calamagrostis	Asteraceae;Centaurea	Poaceae;Calamagrostis	Plantaginaceae;Veronica	Asteraceae;Cirsium	Asteraceae;Antennaria
P002_WF01_00189 	Poaceae;Calamagrostis	Poaceae;Gastridium	Poaceae;Calamagrostis	Poaceae;Calamagrostis	Poaceae;Calamagrostis	Poaceae;Calamagrostis
P002_WF02_00053 	Plantaginaceae;Veronica	Plantaginaceae;Veronica	Fabaceae;Hedysarum	Plantaginaceae;Veronica	Plantaginaceae;Veronica	Asteraceae;Cirsium
P002_WF03_00047 	Caryophyllaceae;Minuartia	Caryophyllaceae;Colobanthus	Caryophyllaceae;Minuartia	Caryophyllaceae;Minuartia	Caryophyllaceae;Minuartia	Caryophyllaceae;Minuartia
P002_WF04_00114 	Orobanchaceae;Pedicularis	Orobanchaceae;Pedicularis	Orobanchaceae;Pedicularis	Orobanchaceae;Pedicularis	Orobanchaceae;Pedicularis	Orobanchaceae;Pedicularis
P002_WF05_00001 	Ericaceae;Rhododendron	Ericaceae;Rhododendron	Ericaceae;Rhododendron	Ericaceae;Rhododendron	Ericaceae;Rhododendron	Ericaceae;Rhododendron
P002_WF06_00096 	Ericaceae;Phyllodoce	Ericaceae;Rhododendron	Ericaceae;Kalmia	Ericaceae;Arctous	Ericaceae;Rhododendron	Ericaceae;Rhododendron
P002_WF07_00021 	Caryophyllaceae;Minuartia	Caryophyllaceae;Colobanthus	Caryophyllaceae;Minuartia	Caryophyllaceae;Minuartia	Caryophyllaceae;Sagina	Caryophyllaceae;Minuartia
P002_WF08_00055 	Poaceae;Dupontia	Poaceae;Gaudinopsis	Poaceae;Dupontia	Poaceae;Sesleria	Poaceae;Arctagrostis	Poaceae;Poa
P002_WF09_00005 	Ericaceae;Pyrola	Ericaceae;Pyrola	Ericaceae;Pyrola	Ericaceae;Pyrola	Ericaceae;Pyrola	Ericaceae;Pieris
P002_WF10_00016 	Rosaceae;Potentilla	Rosaceae;Potentilla	Orobanchaceae;Pedicularis	Rosaceae;Potentilla	Rosaceae;Potentilla	Rosaceae;Potentilla
P002_WF11_00101 	Juncaceae;Luzula	Juncaceae;Juncus	Juncaceae;Luzula	Juncaceae;Luzula	Juncaceae;Luzula	Juncaceae;Luzula
P002_WF12_00127 	Cyperaceae;Carex	Cyperaceae;Carex	Cyperaceae;Carex	Cyperaceae;Carex	Cyperaceae;Carex	Cyperaceae;Carex
P002_WG02_00066 	Fabaceae;Hedysarum	Plantaginaceae;Veronica	Fabaceae;Hedysarum	Plantaginaceae;Veronica	Plantaginaceae;Veronica	Asteraceae;Cirsium
P002_WG03_00054 	Liliaceae;Fritillaria	Liliaceae;Fritillaria	Liliaceae;Gagea	Saxifragaceae;Saxifraga	Tofieldiaceae;Tofieldia	Saxifragaceae;Saxifraga
P002_WG04_00041 	Rosaceae;Alchemilla	Rosaceae;Alchemilla	Rosaceae;Sibbaldia	Rosaceae;Potentilla	Rosaceae;Potentilla	Rosaceae;Potentilla
P002_WG05_00023 	Poaceae;Calamagrostis	Poaceae;Gastridium	Poaceae;Calamagrostis	Poaceae;Calamagrostis	Poaceae;Calamagrostis	Poaceae;Calamagrostis
P002_WG06_00020 	Juncaceae;Juncus	Juncaceae;Juncus	Juncaceae;Luzula	Juncaceae;Luzula	Juncaceae;Luzula	Juncaceae;Juncus
P002_WG07_00130 	Cyperaceae;Carex	Cyperaceae;Carex	Cyperaceae;Carex	Cyperaceae;Carex	Cyperaceae;Carex	Cyperaceae;Carex
P002_WG08_00110 	Cyperaceae;Eriophorum	Cyperaceae;Carex	Cyperaceae;Eriophorum	Cyperaceae;Eriophorum	Cyperaceae;Eriophorum	Cyperaceae;Eriophorum
P002_WG09_00062 	Salicaceae;Salix	Salicaceae;Salix	Salicaceae;Salix	Salicaceae;Salix	Salicaceae;Salix	Salicaceae;Salix
P002_WG10_00050 	Saxifragaceae;Saxifraga	Saxifragaceae;Micranthes	Saxifragaceae;Saxifraga	Brassicaceae;Draba	Saxifragaceae;Saxifraga	Saxifragaceae;Chrysosplenium
P002_WG11_00037 	Salicaceae;Salix	Salicaceae;Salix	Salicaceae;Salix	Salicaceae;Salix	Salicaceae;Salix	Salicaceae;Salix
P002_WG12_00081 	Ericaceae;Vaccinium	Ericaceae;Vaccinium	Ericaceae;Vaccinium	Ericaceae;Vaccinium	Ericaceae;Vaccinium	Ericaceae;Vaccinium
P002_WH01_00057 	Ranunculaceae;Pulsatilla	Ranunculaceae;Anemone	Ranunculaceae;Anemone	Ranunculaceae;Anemone	Ranunculaceae;Trollius	Cyperaceae;Carex
P002_WH02_00112 	Crassulaceae;Sempervivum	Crassulaceae;Sempervivum	Crassulaceae;Sedum	Crassulaceae;Sedum	Crassulaceae;Sedum	Crassulaceae;Rhodiola
P002_WH03_00074 	Rubiaceae;Galium	Rubiaceae;Galium	Rubiaceae;Galium	Rubiaceae;Cruciata	Saxifragaceae;Saxifraga	Boraginaceae;Myosotis
P002_WH04_00101 	Apiaceae;Bupleurum	Apiaceae;Bupleurum	Apiaceae;Bupleurum	Apiaceae;Seseli	Apiaceae;Peucedanum	Apiaceae;Ligusticum
P002_WH05_00082 	Ranunculaceae;Anemone	Ranunculaceae;Anemone	Ranunculaceae;Anemone	Ranunculaceae;Pulsatilla	Ranunculaceae;Trollius	Cyperaceae;Carex
P002_WH06_00079 	Asteraceae;Artemisia	Asteraceae;Artemisia	Asteraceae;Achillea	Asteraceae;Matricaria	Asteraceae;Anthemis	Asteraceae;Anthemis
P002_WH07_00056 	Caryophyllaceae;Cerastium	Caryophyllaceae;Cerastium	Caryophyllaceae;Cerastium	Caryophyllaceae;Cerastium	Cyperaceae;Carex	Caryophyllaceae;Cerastium
P002_WH08_00009 	Cyperaceae;Carex	Cyperaceae;Carex	Cyperaceae;Carex	Cyperaceae;Carex	Cyperaceae;Carex	Cyperaceae;Carex
P002_WH09_00047 	Ericaceae;Rhododendron	Ericaceae;Rhododendron	Ericaceae;Rhododendron	Ericaceae;Rhododendron	Ericaceae;Rhododendron	Ericaceae;Rhododendron
P002_WH10_00025 	Poaceae;Arctagrostis	Poaceae;Arctagrostis	Poaceae;Hyalopoa	Poaceae;Alopecurus	Poaceae;Festuca	Poaceae;Alopecurus
P002_WH11_00025 	Brassicaceae;Draba	Brassicaceae;Draba	Papaveraceae;Papaver	Brassicaceae;Draba	Brassicaceae;Draba	Brassicaceae;Arabis
P002_WH12_00114 	Orobanchaceae;Pedicularis	Orobanchaceae;Pedicularis	Orobanchaceae;Pedicularis	Orobanchaceae;Pedicularis	Orobanchaceae;Pedicularis	Orobanchaceae;Pedicularis
P003_WA01_00098 	Rosaceae;Potentilla	Rosaceae;Dasiphora	Rosaceae;Sibbaldia	Rosaceae;Potentilla	Rosaceae;Potentilla	Rosaceae;Potentilla
P003_WA02_00087 	Poaceae;Poa	Poaceae;Poa	Poaceae;Poa	Poaceae;Poa	Poaceae;Poa	Poaceae;Poa
P003_WA03_00065 	Polygonaceae;Bistorta	Polygonaceae;Bistorta	Polygonaceae;Bistorta	Polygonaceae;Polygonum	Polygonaceae;Bistorta	Polygonaceae;Rumex
P003_WA04_00053 	Crassulaceae;Sedum	Crassulaceae;Sempervivum	Crassulaceae;Sempervivum	Crassulaceae;Sedum	Crassulaceae;Sedum	Crassulaceae;Rhodiola
P003_WA05_00027 	Papaveraceae;Papaver	Brassicaceae;Draba	Papaveraceae;Papaver	Brassicaceae;Draba	Brassicaceae;Draba	Brassicaceae;Arabis
P003_WA06_00078 	Poaceae;Festuca	Poaceae;Castellia	Poaceae;Festuca	Poaceae;Hyalopoa	Poaceae;Arctagrostis	Poaceae;Festuca
P003_WA07_00165 	Cyperaceae;Carex	Poaceae;Holcus	Poaceae;Festuca	Poaceae;Festuca	Poaceae;Festuca	Poaceae;Festuca
P003_WA07_00175 	Cyperaceae;Carex	Cyperaceae;Carex	Cyperaceae;Carex	Cyperaceae;Carex	Cyperaceae;Carex	Cyperaceae;Carex
P003_WA08_00067 	Asteraceae;Senecio	Asteraceae;Ligularia	Asteraceae;Petasites	Asteraceae;Solidago	Asteraceae;Cirsium	Asteraceae;Saussurea
P003_WA09_00024 	Caryophyllaceae;Cerastium	Caryophyllaceae;Cerastium	Caryophyllaceae;Cerastium	Caryophyllaceae;Cerastium	Cyperaceae;Carex	Caryophyllaceae;Cerastium
P003_WA10_00041 	Gentianaceae;Gentiana	Gentianaceae;Gentiana	Gentianaceae;Gentiana	Gentianaceae;Gentiana	Gentianaceae;Gentiana	Gentianaceae;Gentiana
P003_WA10_00168 	Gentianaceae;Gentiana	Primulaceae;Bryocarpum	Primulaceae;Soldanella	Primulaceae;Soldanella	Primulaceae;Primula	Primulaceae;Primula
P003_WA11_00057 	Primulaceae;Soldanella	Primulaceae;Bryocarpum	Primulaceae;Soldanella	Primulaceae;Primula	Primulaceae;Primula	Primulaceae;Primula
P003_WB01_00085 	Asteraceae;Solidago	Asteraceae;Senecio	Asteraceae;Petasites	Asteraceae;Senecio	Asteraceae;Cirsium	Asteraceae;Saussurea
P003_WB02_00032 	Rubiaceae;Galium	Rubiaceae;Galium	Rubiaceae;Galium	Rubiaceae;Cruciata	Boraginaceae;Myosotis	Plantaginaceae;Pennellianthus
P003_WB03_00035 	Equisetaceae;Equisetum	Equisetaceae;Equisetum	Equisetaceae;Equisetum	Equisetaceae;Equisetum	Equisetaceae;Equisetum	Equisetaceae;Equisetum
P003_WB04_00132 	Cyperaceae;Eriophorum	Cyperaceae;Carex	Cyperaceae;Eriophorum	Cyperaceae;Eriophorum	Cyperaceae;Eriophorum	Cyperaceae;Eriophorum
P003_WB05_00008 	Salicaceae;Salix	Saxifragaceae;Saxifraga	Saxifragaceae;Saxifraga	Saxifragaceae;Saxifraga	Saxifragaceae;Saxifraga	Saxifragaceae;Saxifraga
P003_WB06_00055 	Caryophyllaceae;Silene	Caryophyllaceae;Silene	Caryophyllaceae;Silene	Caryophyllaceae;Silene	Caryophyllaceae;Silene	Caryophyllaceae;Viscaria
P003_WB07_00037 	Ericaceae;Vaccinium	Ericaceae;Vaccinium	Ericaceae;Vaccinium	Ericaceae;Vaccinium	Ericaceae;Vaccinium	Ericaceae;Vaccinium
P003_WB08_00090 	Asteraceae;Antennaria	Asteraceae;Leontopodium	Asteraceae;Antennaria	Asteraceae;Gnaphalium	Poaceae;Festuca	Asteraceae;Antennaria
P003_WB08_00193 	Asteraceae;Antennaria	Cyperaceae;Carex	Cyperaceae;Eriophorum	Cyperaceae;Eriophorum	Asteraceae;Antennaria	Cyperaceae;Eriophorum
P003_WB09_00144 	Cyperaceae;Eriophorum	Cyperaceae;Carex	Cyperaceae;Eriophorum	Cyperaceae;Eriophorum	Cyperaceae;Eriophorum	Cyperaceae;Eriophorum
P003_WB11_00083 	Apiaceae;Ligusticum	Apiaceae;Seseli	Apiaceae;Seseli	Apiaceae;Peucedanum	Apiaceae;Carum	Apiaceae;Carum
P003_WC01_00081 	Polygonaceae;Bistorta	Polygonaceae;Bistorta	Polygonaceae;Polygonum	Polygonaceae;Persicaria	Polygonaceae;Bistorta	Polygonaceae;Rumex
P003_WC02_00021 	Ericaceae;Rhododendron	Ericaceae;Rhododendron	Ericaceae;Rhododendron	Ericaceae;Rhododendron	Ericaceae;Rhododendron	Ericaceae;Rhododendron
P003_WC03_00030 	Ranunculaceae;Trollius	Ranunculaceae;Trollius	Ranunculaceae;Pulsatilla	Ranunculaceae;Aconitum	Cyperaceae;Carex	Ranunculaceae;Anemone
P003_WC04_00123 	Cyperaceae;Carex	Cyperaceae;Carex	Cyperaceae;Carex	Cyperaceae;Kobresia	Cyperaceae;Carex	Cyperaceae;Carex
P003_WC05_00110 	Saxifragaceae;Saxifraga	Salicaceae;Salix	Salicaceae;Salix	Salicaceae;Salix	Salicaceae;Salix	Salicaceae;Salix
P003_WC06_00051 	Primulaceae;Primula	Primulaceae;Primula	Primulaceae;Primula	Primulaceae;Primula	Primulaceae;Trientalis	Primulaceae;Primula
P003_WC07_00147 	Juncaceae;Luzula	Brassicaceae;Cochlearia	Brassicaceae;Cochlearia	Papaveraceae;Papaver	Brassicaceae;Draba	Brassicaceae;Draba
P003_WC07_00209 	Juncaceae;Luzula	Juncaceae;Juncus	Juncaceae;Luzula	Juncaceae;Luzula	Juncaceae;Luzula	Juncaceae;Luzula
P003_WC08_00097 	Poaceae;Poa	Poaceae;Poa	Poaceae;Poa	Poaceae;Poa	Poaceae;Poa	Poaceae;Sesleria
P003_WC09_00037 	Cyperaceae;Carex	Cyperaceae;Carex	Cyperaceae;Carex	Cyperaceae;Carex	Cyperaceae;Carex	Cyperaceae;Carex
P003_WC10_00070 	Asteraceae;Leucanthemum	Asteraceae;Leucanthemum	Asteraceae;Matricaria	Asteraceae;Achillea	Asteraceae;Anthemis	Asteraceae;Anthemis
P003_WC11_00030 	Asteraceae;Achillea	Asteraceae;Artemisia	Asteraceae;Matricaria	Asteraceae;Anthemis	Asteraceae;Anthemis	Asteraceae;Leucanthemum
P003_WC12_00158 	Juncaceae;Luzula	Asteraceae;Diplostephium	Asteraceae;Aster	Asteraceae;Erigeron	Asteraceae;Erigeron	Asteraceae;Erigeron
P003_WC12_00189 	Juncaceae;Luzula	Juncaceae;Juncus	Juncaceae;Luzula	Juncaceae;Luzula	Juncaceae;Luzula	Juncaceae;Luzula
P003_WD01_00080 	Ericaceae;Rhododendron	Ericaceae;Rhododendron	Ericaceae;Rhododendron	Ericaceae;Rhododendron	Ericaceae;Rhododendron	Ericaceae;Rhododendron
P003_WD02_00046 	Brassicaceae;Draba	Brassicaceae;Draba	Papaveraceae;Papaver	Brassicaceae;Draba	Brassicaceae;Draba	Brassicaceae;Arabis
P003_WD03_00195 	Lentibulariaceae;Pinguicula	Lentibulariaceae;Pinguicula	Lentibulariaceae;Pinguicula	Lentibulariaceae;Pinguicula	Plantaginaceae;Pennellianthus	Lamiaceae;Betonica
P003_WD05_00049 	Brassicaceae;Draba	Papaveraceae;Meconopsis	Papaveraceae;Papaver	Ranunculaceae;Trollius	Cyperaceae;Carex	Cyperaceae;Carex
P003_WD06_00056 	Ranunculaceae;Ranunculus	Ranunculaceae;Ranunculus	Ranunculaceae;Ranunculus	Brassicaceae;Arabis	Caryophyllaceae;Dianthus	Ranunculaceae;Ranunculus
P003_WD07_00035 	Brassicaceae;Cochlearia	Brassicaceae;Cochlearia	Brassicaceae;Cochlearia	Papaveraceae;Papaver	Brassicaceae;Draba	Brassicaceae;Draba
P003_WD08_00109 	Caryophyllaceae;Stellaria	Caryophyllaceae;Cerastium	Caryophyllaceae;Stellaria	Caryophyllaceae;Cerastium	Cyperaceae;Carex	Caryophyllaceae;Cerastium
P003_WD09_00105 	Salicaceae;Salix	Salicaceae;Salix	Salicaceae;Salix	Salicaceae;Salix	Salicaceae;Salix	Salicaceae;Salix
P003_WD10_00068 	Caryophyllaceae;Sagina	Caryophyllaceae;Colobanthus	Caryophyllaceae;Minuartia	Rosaceae;Spiraea	Caryophyllaceae;Minuartia	Caryophyllaceae;Minuartia
P003_WD11_00070 	Primulaceae;Androsace	Primulaceae;Androsace	Primulaceae;Primula	Primulaceae;Primula	Primulaceae;Primula	Primulaceae;Trientalis
P003_WD12_00033 	Plantaginaceae;Veronica	Plantaginaceae;Neopicrorhiza	Asteraceae;Cirsium	Plantaginaceae;Veronica	Plantaginaceae;Veronica	Fabaceae;Hedysarum
P003_WD12_00198 	Plantaginaceae;Veronica	Asteraceae;Cirsium	Asteraceae;Cirsium	Asteraceae;Centaurea	Poaceae;Calamagrostis	Asteraceae;Antennaria
P003_WE01_00097 	Orobanchaceae;Pedicularis	Orobanchaceae;Pedicularis	Onagraceae;Epilobium	Orobanchaceae;Pedicularis	Orobanchaceae;Pedicularis	Orobanchaceae;Pedicularis
P003_WE02_00081 	Poaceae;Festuca	Poaceae;Festuca	Poaceae;Festuca	Poaceae;Festuca	Poaceae;Festuca	Poaceae;Festuca
P003_WE02_00114 	Poaceae;Festuca	Asteraceae;Leontopodium	Asteraceae;Antennaria	Asteraceae;Antennaria	Asteraceae;Omalotheca	Asteraceae;Gnaphalium
P003_WE03_00063 	Equisetaceae;Equisetum	Equisetaceae;Equisetum	Equisetaceae;Equisetum	Equisetaceae;Equisetum	Equisetaceae;Equisetum	Equisetaceae;Equisetum
P003_WE04_00125 	Poaceae;Agrostis	Poaceae;Agrostis	Poaceae;Agrostis	Poaceae;Agrostis	Poaceae;Calamagrostis	Poaceae;Calamagrostis
P003_WE05_00085 	Asteraceae;Taraxacum	Brassicaceae;Alliaria	Brassicaceae;Draba	Papaveraceae;Papaver	Brassicaceae;Draba	Brassicaceae;Draba
P003_WE07_00088 	Cyperaceae;Eriophorum	Cyperaceae;Carex	Cyperaceae;Eriophorum	Cyperaceae;Eriophorum	Cyperaceae;Eriophorum	Cyperaceae;Eriophorum
P003_WE08_00045 	Plantaginaceae;Veronica	Plantaginaceae;Neopicrorhiza	Plantaginaceae;Veronica	Plantaginaceae;Veronica	Asteraceae;Cirsium	Fabaceae;Hedysarum
P003_WE09_00095 	Salicaceae;Salix	Salicaceae;Salix	Salicaceae;Salix	Salicaceae;Salix	Salicaceae;Salix	Salicaceae;Salix
P003_WE10_00049 	Orobanchaceae;Pedicularis	Orobanchaceae;Pedicularis	Orobanchaceae;Pedicularis	Orobanchaceae;Pedicularis	Orobanchaceae;Pedicularis	Orobanchaceae;Pedicularis
P003_WE11_00029 	Cyperaceae;Carex	Juncaceae;Juncus	Juncaceae;Luzula	Juncaceae;Luzula	Juncaceae;Luzula	Juncaceae;Luzula
P003_WE11_00207 	Cyperaceae;Carex	Cyperaceae;Carex	Cyperaceae;Carex	Cyperaceae;Carex	Cyperaceae;Carex	Cyperaceae;Carex
P003_WE12_00069 	Caryophyllaceae;Dianthus	Caryophyllaceae;Dianthus	Ranunculaceae;Ranunculus	Rosaceae;Spiraea	Caryophyllaceae;Minuartia	Caryophyllaceae;Minuartia
P003_WE12_00154 	Caryophyllaceae;Dianthus	Ranunculaceae;Ranunculus	Ranunculaceae;Ranunculus	Ranunculaceae;Ranunculus	Brassicaceae;Arabis	Ranunculaceae;Ranunculus
P003_WF01_00200 	Onagraceae;Epilobium	Onagraceae;Epilobium	Saxifragaceae;Saxifraga	Brassicaceae;Draba	Saxifragaceae;Saxifraga	Rosaceae;Rubus
P003_WF01_00268 	Onagraceae;Epilobium	Cyperaceae;Carex	Cyperaceae;Carex	Cyperaceae;Carex	Cyperaceae;Carex	Cyperaceae;Carex
P003_WF01_00394 	Onagraceae;Epilobium	Orobanchaceae;Pedicularis	Onagraceae;Epilobium	Orobanchaceae;Pedicularis	Orobanchaceae;Pedicularis	Orobanchaceae;Pedicularis
P003_WF02_00047 	Rosaceae;Dryas	Rosaceae;Dryas	Rosaceae;Dryas	Cyperaceae;Carex	Rosaceae;Dryas	Rosaceae;Spiraea
P003_WF03_00119 	Cyperaceae;Carex	Cyperaceae;Carex	Cyperaceae;Carex	Cyperaceae;Carex	Cyperaceae;Carex	Cyperaceae;Carex
P003_WF04_00055 	Brassicaceae;Cardamine	Brassicaceae;Cardamine	Brassicaceae;Cardamine	Brassicaceae;Cardamine	Brassicaceae;Arabis	Brassicaceae;Draba
P003_WF05_00096 	Orobanchaceae;Euphrasia	Gentianaceae;Comastoma	Gentianaceae;Comastoma	Gentianaceae;Gentianella	Gentianaceae;Gentiana	Gentianaceae;Gentiana
P003_WF06_00068 	Asteraceae;Solidago	Asteraceae;Diplostephium	Asteraceae;Erigeron	Asteraceae;Erigeron	Asteraceae;Erigeron	Asteraceae;Aster
P003_WF07_00032 	Caryophyllaceae;Silene	Caryophyllaceae;Silene	Caryophyllaceae;Silene	Caryophyllaceae;Silene	Caryophyllaceae;Silene	Caryophyllaceae;Viscaria
P003_WF08_00029 	Salicaceae;Salix	Salicaceae;Salix	Salicaceae;Salix	Salicaceae;Salix	Salicaceae;Salix	Salicaceae;Salix
P003_WF09_00050 	Gentianaceae;Gentiana	Gentianaceae;Gentiana	Gentianaceae;Gentiana	Gentianaceae;Gentiana	Gentianaceae;Gentiana	Gentianaceae;Gentianella
P003_WF10_00083 	Caryophyllaceae;Minuartia	Caryophyllaceae;Colobanthus	Rosaceae;Spiraea	Caryophyllaceae;Minuartia	Caryophyllaceae;Sagina	Caryophyllaceae;Minuartia
P003_WF11_00011 	Ranunculaceae;Ranunculus	Caryophyllaceae;Dianthus	Ranunculaceae;Ranunculus	Rosaceae;Spiraea	Caryophyllaceae;Minuartia	Caryophyllaceae;Minuartia
P003_WF11_00083 	Ranunculaceae;Ranunculus	Ranunculaceae;Ranunculus	Ranunculaceae;Ranunculus	Ranunculaceae;Ranunculus	Brassicaceae;Arabis	Ranunculaceae;Ranunculus
P003_WF12_00043 	Poaceae;Festuca	Poaceae;Festuca	Poaceae;Festuca	Poaceae;Festuca	Poaceae;Festuca	Poaceae;Festuca
P003_WG01_00083 	Ranunculaceae;Aconitum	Ranunculaceae;Aconitum	Cyperaceae;Carex	Ranunculaceae;Trollius	Ranunculaceae;Pulsatilla	Ranunculaceae;Anemone
P003_WG02_00034 	Cyperaceae;Carex	Rosaceae;Dryas	Rosaceae;Dryas	Cyperaceae;Carex	Rosaceae;Dryas	Rosaceae;Spiraea
P003_WG02_00094 	Cyperaceae;Carex	Cyperaceae;Carex	Cyperaceae;Carex	Cyperaceae;Carex	Cyperaceae;Carex	Cyperaceae;Carex
P003_WG02_00238 	Cyperaceae;Carex	Ranunculaceae;Aconitum	Cyperaceae;Carex	Ranunculaceae;Trollius	Ranunculaceae;Pulsatilla	Ranunculaceae;Anemone
P003_WG03_00070 	Primulaceae;Soldanella	Primulaceae;Bryocarpum	Primulaceae;Soldanella	Primulaceae;Primula	Primulaceae;Primula	Primulaceae;Primula
P003_WG04_00059 	Brassicaceae;Cardamine	Brassicaceae;Cardamine	Brassicaceae;Cardamine	Brassicaceae;Cardamine	Brassicaceae;Draba	Brassicaceae;Draba
P003_WG05_00032 	Asteraceae;Leucanthemopsis	Asteraceae;Achillea	Asteraceae;Matricaria	Asteraceae;Achillea	Asteraceae;Anthemis	Asteraceae;Anthemis
P003_WG06_00072 	Lentibulariaceae;Pinguicula	Lentibulariaceae;Pinguicula	Lentibulariaceae;Pinguicula	Lentibulariaceae;Pinguicula	Plantaginaceae;Pennellianthus	Plantaginaceae;Veronica
P003_WG07_00038 	Orobanchaceae;Pedicularis	Orobanchaceae;Pedicularis	Orobanchaceae;Pedicularis	Rosaceae;Potentilla	Orobanchaceae;Pedicularis	Orobanchaceae;Pedicularis
P003_WG08_00138 	Brassicaceae;Draba	Brassicaceae;Draba	Papaveraceae;Papaver	Brassicaceae;Draba	Brassicaceae;Draba	Brassicaceae;Arabis
P003_WG08_00211 	Brassicaceae;Draba	Saxifragaceae;Micranthes	Saxifragaceae;Saxifraga	Saxifragaceae;Saxifraga	Saxifragaceae;Saxifraga	Asteraceae;Cirsium
P003_WG09_00100 	Poaceae;Sesleria	Poaceae;Gaudinopsis	Poaceae;Dupontia	Poaceae;Sesleria	Poaceae;Arctagrostis	Poaceae;Poa
P003_WG10_00018 	Juncaceae;Juncus	Juncaceae;Juncus	Juncaceae;Juncus	Juncaceae;Juncus	Cyperaceae;Eriophorum	Cyperaceae;Carex
P003_WG11_00076 	Asteraceae;Cirsium	Cyperaceae;Carex	Cyperaceae;Carex	Cyperaceae;Carex	Cyperaceae;Carex	Cyperaceae;Carex
P003_WG11_00256 	Asteraceae;Cirsium	Plantaginaceae;Neopicrorhiza	Asteraceae;Cirsium	Plantaginaceae;Veronica	Plantaginaceae;Veronica	Fabaceae;Hedysarum
P003_WG11_00323 	Asteraceae;Cirsium	Asteraceae;Cirsium	Asteraceae;Cirsium	Asteraceae;Centaurea	Poaceae;Calamagrostis	Asteraceae;Antennaria
P003_WG12_00078 	Cyperaceae;Carex	Cyperaceae;Carex	Cyperaceae;Carex	Cyperaceae;Carex	Cyperaceae;Carex	Cyperaceae;Carex
P003_WH01_00018 	Orobanchaceae;Pedicularis	Orobanchaceae;Pedicularis	Orobanchaceae;Pedicularis	Orobanchaceae;Pedicularis	Rosaceae;Potentilla	Orobanchaceae;Pedicularis
P003_WH02_00085 	Orobanchaceae;Bartsia	Orobanchaceae;Neobartsia	Orobanchaceae;Euphrasia	Brassicaceae;Arabis	Orobanchaceae;Euphrasia	Orobanchaceae;Euphrasia
P003_WH03_00044 	Primulaceae;Primula	Primulaceae;Primula	Primulaceae;Primula	Primulaceae;Primula	Primulaceae;Trientalis	Primulaceae;Primula
P003_WH04_00076 	Cyperaceae;Carex	Papaveraceae;Corydalis	Brassicaceae;Draba	Papaveraceae;Papaver	Ranunculaceae;Trollius	Selaginellaceae;Selaginella
P003_WH05_00113 	Campanulaceae;Campanula	Campanulaceae;Campanula	Campanulaceae;Campanula	Campanulaceae;Campanula	Campanulaceae;Campanula	Campanulaceae;Campanula
P003_WH06_00069 	Saxifragaceae;Saxifraga	Saxifragaceae;Micranthes	Brassicaceae;Draba	Saxifragaceae;Saxifraga	Saxifragaceae;Saxifraga	Asteraceae;Cirsium
P003_WH07_00057 	Ranunculaceae;Ranunculus	Saxifragaceae;Saxifraga	Ranunculaceae;Ranunculus	Saxifragaceae;Saxifraga	Salicaceae;Salix	Saxifragaceae;Saxifraga
P003_WH08_00030 	Papaveraceae;Papaver	Papaveraceae;Meconopsis	Papaveraceae;Papaver	Ranunculaceae;Trollius	Cyperaceae;Carex	Cyperaceae;Carex
P003_WH09_00061 	Saxifragaceae;Saxifraga	Saxifragaceae;Saxifraga	Saxifragaceae;Saxifraga	Saxifragaceae;Saxifraga	Salicaceae;Salix	Saxifragaceae;Saxifraga
P003_WH10_00028 	Brassicaceae;Arabis	Brassicaceae;Arabis	Brassicaceae;Draba	Papaveraceae;Papaver	Brassicaceae;Draba	Brassicaceae;Draba
P003_WH11_00142 	Asteraceae;Aster	Asteraceae;Diplostephium	Asteraceae;Aster	Asteraceae;Erigeron	Asteraceae;Erigeron	Asteraceae;Erigeron
P003_WH12_00037 	Cyperaceae;Carex	Cyperaceae;Carex	Cyperaceae;Carex	Cyperaceae;Carex	Cyperaceae;Carex	Cyperaceae;Carex
P004_WA02_00031 	Primulaceae;Primula	Primulaceae;Primula	Primulaceae;Primula	Primulaceae;Primula	Primulaceae;Trientalis	Primulaceae;Primula
P004_WB01_00009 	Poaceae;Alopecurus	Poaceae;Alopecurus	Poaceae;Alopecurus	Poaceae;Alopecurus	Poaceae;Hyalopoa	Poaceae;Arctagrostis
P004_WB02_00106 	Ericaceae;Pieris	Ericaceae;Rhododendron	Ericaceae;Rhododendron	Ericaceae;Rhododendron	Ericaceae;Rhododendron	Ericaceae;Rhododendron
P004_WC01_00119 	Poaceae;Hierochloe	Poaceae;Hierochloe	Poaceae;Hierochloe	Poaceae;Deschampsia	Poaceae;Agrostis	Poaceae;Phleum
P004_WC02_00063 	Polygonaceae;Polygonum	Polygonaceae;Bistorta	Polygonaceae;Persicaria	Polygonaceae;Bistorta	Polygonaceae;Bistorta	Polygonaceae;Rumex
P004_WD01_00092 	Poaceae;Festuca	Poaceae;Festuca	Poaceae;Festuca	Poaceae;Festuca	Poaceae;Festuca	Poaceae;Festuca
P004_WD02_00048 	Asteraceae;Antennaria	Asteraceae;Leontopodium	Asteraceae;Antennaria	Asteraceae;Antennaria	Asteraceae;Omalotheca	Asteraceae;Gnaphalium
P004_WF01_00083 	Cupressaceae;Juniperus	Cupressaceae;Juniperus	Juncaceae;Luzula	Ranunculaceae;Aconitum	Cyperaceae;Carex	Ranunculaceae;Anemone
P004_WG01_00013 	Rosaceae;Sieversia	Rosaceae;Fallugia	Rosaceae;Rubus	Rosaceae;Potentilla	Rosaceae;Potentilla	Rosaceae;Potentilla
P004_WH01_00081 	Caryophyllaceae;Minuartia	Caryophyllaceae;Colobanthus	Caryophyllaceae;Minuartia	Caryophyllaceae;Minuartia	Caryophyllaceae;Minuartia	Caryophyllaceae;Minuartia
P8807_501_00025 	Ericaceae;Andromeda	Ericaceae;Vaccinium	Ericaceae;Vaccinium	Ericaceae;Vaccinium	Ericaceae;Vaccinium	Ericaceae;Vaccinium
P8807_503_00045 	Ericaceae;Pyrola	Ericaceae;Pyrola	Ericaceae;Pyrola	Ericaceae;Pyrola	Ericaceae;Pyrola	Ericaceae;Pieris
P8807_504_00013 	Salicaceae;Salix	Salicaceae;Salix	Salicaceae;Salix	Salicaceae;Salix	Salicaceae;Salix	Salicaceae;Salix
P8807_505_00057 	Cyperaceae;Carex	Cyperaceae;Carex	Cyperaceae;Carex	Cyperaceae;Carex	Cyperaceae;Carex	Cyperaceae;Carex
P8807_506_00092 	Poaceae;Festuca	Poaceae;Festuca	Poaceae;Festuca	Poaceae;Festuca	Poaceae;Festuca	Poaceae;Festuca
P8807_507_00037 	Crassulaceae;Rhodiola	Crassulaceae;Rhodiola	Crassulaceae;Sempervivum	Crassulaceae;Sedum	Crassulaceae;Sedum	Crassulaceae;Sedum
P8807_508_00073 	Asteraceae;Hieracium	Asteraceae;Reichardia	Asteraceae;Hieracium	Asteraceae;Leontodon	Poaceae;Trisetum	Asteraceae;Scorzonera
P8807_509_00104 	Orobanchaceae;Pedicularis	Orobanchaceae;Pedicularis	Orobanchaceae;Pedicularis	Onagraceae;Epilobium	Orobanchaceae;Pedicularis	Orobanchaceae;Pedicularis
P8807_510_00008 	Violaceae;Viola	Violaceae;Viola	Violaceae;Viola	Salicaceae;Salix	Salicaceae;Salix	Salicaceae;Salix
P8807_511_00084 	Poaceae;Poa	Poaceae;Poa	Poaceae;Poa	Poaceae;Poa	Poaceae;Poa	Poaceae;Sesleria
P8807_512_00072 	Cyperaceae;Carex	Cyperaceae;Carex	Cyperaceae;Carex	Cyperaceae;Carex	Cyperaceae;Carex	Cyperaceae;Carex
P8807_513_00098 	Juncaceae;Luzula	Juncaceae;Juncus	Juncaceae;Luzula	Juncaceae;Luzula	Juncaceae;Luzula	Juncaceae;Luzula
P8807_514_00018 	Ericaceae;Harrimanella	Ericaceae;Rhododendron	Ericaceae;Harrimanella	Ericaceae;Rhododendron	Ericaceae;Rhododendron	Ericaceae;Rhododendron
P8807_515_00062 	Asteraceae;Saussurea	Asteraceae;Saussurea	Plantaginaceae;Veronica	Asteraceae;Cirsium	Asteraceae;Saussurea	Poaceae;Calamagrostis
P8807_516_00079 	Caryophyllaceae;Cerastium	Caryophyllaceae;Cerastium	Caryophyllaceae;Cerastium	Caryophyllaceae;Cerastium	Cyperaceae;Carex	Caryophyllaceae;Cerastium
P8807_517_00032 	Ericaceae;Vaccinium	Ericaceae;Vaccinium	Ericaceae;Vaccinium	Ericaceae;Vaccinium	Ericaceae;Vaccinium	Ericaceae;Vaccinium
P8807_518_00096 	Cyperaceae;Carex	Cyperaceae;Carex	Cyperaceae;Carex	Cyperaceae;Carex	Cyperaceae;Carex	Cyperaceae;Carex
P8807_519_00028 	Salicaceae;Salix	Salicaceae;Salix	Salicaceae;Salix	Salicaceae;Salix	Salicaceae;Salix	Salicaceae;Salix
P8807_520_00085 	Juncaceae;Juncus	Cyperaceae;Hypolytrum	Juncaceae;Juncus	Juncaceae;Juncus	Selaginellaceae;Selaginella	Cyperaceae;Carex
P8807_521_00151 	Ericaceae;Vaccinium	Ericaceae;Vaccinium	Ericaceae;Vaccinium	Ericaceae;Vaccinium	Ericaceae;Vaccinium	Ericaceae;Vaccinium
P8807_522_00013 	Rosaceae;Dryas	Rosaceae;Dryas	Rosaceae;Dryas	Cyperaceae;Carex	Rosaceae;Dryas	Rosaceae;Spiraea
P8807_523_00090 	Salicaceae;Salix	Salicaceae;Salix	Salicaceae;Salix	Salicaceae;Salix	Salicaceae;Salix	Salicaceae;Salix
P8807_524_00086 	Orobanchaceae;Pedicularis	Orobanchaceae;Pedicularis	Rosaceae;Potentilla	Orobanchaceae;Pedicularis	Orobanchaceae;Pedicularis	Orobanchaceae;Pedicularis
P8807_525_00066 	Rosaceae;Rubus	Rosaceae;Rubus	Rosaceae;Sieversia	Rosaceae;Potentilla	Rosaceae;Potentilla	Rosaceae;Potentilla
P8807_526_00002 	Equisetaceae;Equisetum	Equisetaceae;Equisetum	Equisetaceae;Equisetum	Equisetaceae;Equisetum	Equisetaceae;Equisetum	Equisetaceae;Equisetum
P8807_528_00048 	Diapensiaceae;Diapensia	Diapensiaceae;Diapensia	Ericaceae;Rhododendron	Ericaceae;Rhododendron	Ericaceae;Rhododendron	Ericaceae;Rhododendron
P8807_529_00099 	Cyperaceae;Carex	Caryophyllaceae;Cerastium	Caryophyllaceae;Cerastium	Caryophyllaceae;Cerastium	Cyperaceae;Carex	Caryophyllaceae;Cerastium
P8807_530_00047 	Cyperaceae;Carex	Cyperaceae;Carex	Cyperaceae;Carex	Cyperaceae;Carex	Cyperaceae;Carex	Cyperaceae;Carex
WA01_00013 	Rosaceae;Potentilla	Rosaceae;Potentilla	Orobanchaceae;Pedicularis	Rosaceae;Potentilla	Rosaceae;Potentilla	Rosaceae;Potentilla
WA02_00033 	Salicaceae;Salix	Salicaceae;Salix	Salicaceae;Salix	Salicaceae;Salix	Salicaceae;Salix	Salicaceae;Salix
WA03_00004 	Poaceae;Calamagrostis	Poaceae;Gastridium	Poaceae;Calamagrostis	Poaceae;Calamagrostis	Poaceae;Calamagrostis	Poaceae;Calamagrostis
WA04_00053 	Ericaceae;Pyrola	Ericaceae;Pyrola	Ericaceae;Pyrola	Ericaceae;Pyrola	Ericaceae;Pyrola	Ericaceae;Pieris
WA05_00035 	Lentibulariaceae;Pinguicula	Lentibulariaceae;Pinguicula	Lentibulariaceae;Pinguicula	Lentibulariaceae;Pinguicula	Plantaginaceae;Pennellianthus	Lamiaceae;Betonica
WA06_00038 	Caryophyllaceae;Cerastium	Caryophyllaceae;Cerastium	Caryophyllaceae;Cerastium	Caryophyllaceae;Cerastium	Cyperaceae;Carex	Caryophyllaceae;Cerastium
WA07_00063 	Saxifragaceae;Saxifraga	Saxifragaceae;Saxifraga	Saxifragaceae;Saxifraga	Salicaceae;Salix	Saxifragaceae;Saxifraga	Saxifragaceae;Saxifraga
WA08_00035 	Ericaceae;Phyllodoce	Ericaceae;Rhododendron	Ericaceae;Empetrum	Ericaceae;Rhododendron	Ericaceae;Rhododendron	Ericaceae;Rhododendron
WA09_00136 	Ericaceae;Empetrum	Ericaceae;Rhododendron	Ericaceae;Empetrum	Ericaceae;Rhododendron	Ericaceae;Rhododendron	Ericaceae;Rhododendron
WA10_00009 	Juncaceae;Luzula	Cupressaceae;Juniperus	Juncaceae;Luzula	Ranunculaceae;Aconitum	Cyperaceae;Carex	Ranunculaceae;Anemone
WA11_00132 	Polygonaceae;Oxyria	Cyperaceae;Carex	Cyperaceae;Carex	Cyperaceae;Carex	Cyperaceae;Carex	Cyperaceae;Carex
WA12_00106 	Cyperaceae;Carex	Polygonaceae;Rheum	Polygonaceae;Rumex	Polygonaceae;Rumex	Polygonaceae;Rumex	Polygonaceae;Bistorta
WB01_00083 	Cyperaceae;Carex	Cyperaceae;Carex	Cyperaceae;Carex	Cyperaceae;Carex	Cyperaceae;Carex	Cyperaceae;Carex
WB03_00081 	Campanulaceae;Campanula	Campanulaceae;Campanula	Campanulaceae;Campanula	Campanulaceae;Campanula	Campanulaceae;Campanula	Campanulaceae;Campanula
WB04_00027 	Equisetaceae;Equisetum	Equisetaceae;Equisetum	Equisetaceae;Equisetum	Equisetaceae;Equisetum	Equisetaceae;Equisetum	Equisetaceae;Equisetum
WB05_00005 	Asteraceae;Petasites	Asteraceae;Gynoxys	Asteraceae;Senecio	Asteraceae;Solidago	Asteraceae;Cirsium	Asteraceae;Saussurea
WB06_00095 	Poaceae;Poa	Poaceae;Gaudinopsis	Poaceae;Poa	Poaceae;Phleum	Poaceae;Hyalopoa	Poaceae;Arctagrostis
WB07_00047 	Polygonaceae;Rumex	Polygonaceae;Rumex	Polygonaceae;Rumex	Polygonaceae;Rumex	Cyperaceae;Carex	Polygonaceae;Polygonum
WB08_00049 	Primulaceae;Trientalis	Primulaceae;Lysimachia	Primulaceae;Primula	Primulaceae;Primula	Primulaceae;Primula	Primulaceae;Primula
WB09_00095 	Saxifragaceae;Saxifraga	Saxifragaceae;Heuchera	Brassicaceae;Draba	Saxifragaceae;Saxifraga	Saxifragaceae;Saxifraga	Saxifragaceae;Saxifraga
WB10_00048 	Rosaceae;Sibbaldia	Rosaceae;Sibbaldia	Rosaceae;Potentilla	Rosaceae;Potentilla	Rosaceae;Alchemilla	Rosaceae;Potentilla
WB11_00032 	Asteraceae;Hieracium	Asteraceae;Reichardia	Asteraceae;Hieracium	Asteraceae;Leontodon	Poaceae;Trisetum	Asteraceae;Scorzonera
WB12_00085 	Asteraceae;Taraxacum	Asteraceae;Taraxacum	Asteraceae;Taraxacum	Cyperaceae;Carex	Asteraceae;Taraxacum	Asteraceae;Taraxacum
WC01_00092 	Cyperaceae;Carex	Cyperaceae;Carex	Cyperaceae;Carex	Cyperaceae;Carex	Cyperaceae;Carex	Cyperaceae;Carex
WC02_00019 	Ericaceae;Arctous	Ericaceae;Arbutus	Ericaceae;Phyllodoce	Ericaceae;Kalmia	Ericaceae;Rhododendron	Ericaceae;Rhododendron
WC03_00147 	Ericaceae;Pyrola	Ericaceae;Pyrola	Ericaceae;Pyrola	Ericaceae;Pyrola	Ericaceae;Pyrola	Ericaceae;Pieris
WC04_00019 	Poaceae;Agrostis	Poaceae;Agrostis	Poaceae;Deschampsia	Poaceae;Hierochloe	Poaceae;Hierochloe	Poaceae;Phleum
WC05_00047 	Cyperaceae;Carex	Cyperaceae;Carex	Cyperaceae;Carex	Cyperaceae;Carex	Cyperaceae;Carex	Cyperaceae;Carex
WC06_00129 	Ericaceae;Vaccinium	Ericaceae;Vaccinium	Ericaceae;Vaccinium	Ericaceae;Vaccinium	Ericaceae;Vaccinium	Ericaceae;Vaccinium
