P001_WA04_00025 	Salicaceae	Salicaceae	Salicaceae	Salicaceae	Salicaceae	Violaceae
P001_WA04_00094 	Salicaceae	Salicaceae	Salicaceae	Saxifragaceae	Salicaceae	Salicaceae
P001_WA07_00100 	Asteraceae	Asteraceae	Asteraceae	Asteraceae	Asteraceae	Asteraceae
P001_WA07_00115 	Asteraceae	Apiaceae	Apiaceae	Orobanchaceae	Crassulaceae	Primulaceae
P001_WB01_00093 	Brassicaceae	Brassicaceae	Rosaceae	Rosaceae	Rosaceae	Rosaceae
P001_WB01_00098 	Brassicaceae	Salicaceae	Salicaceae	Salicaceae	Salicaceae	Salicaceae
P001_WB01_00266 	Brassicaceae	Salicaceae	Salicaceae	Violaceae	Rosaceae	Saxifragaceae
P001_WB01_00339 	Brassicaceae	Poaceae	Salicaceae	Poaceae	Poaceae	Poaceae
P001_WB01_00349 	Brassicaceae	Orobanchaceae	Orobanchaceae	Ranunculaceae	Saxifragaceae	Primulaceae
P001_WB02_00098 	Salicaceae	Salicaceae	Salicaceae	Saxifragaceae	Salicaceae	Salicaceae
P001_WB02_00164 	Salicaceae	Salicaceae	Salicaceae	Salicaceae	Salicaceae	Violaceae
P001_WB02_00226 	Salicaceae	Poaceae	Salicaceae	Poaceae	Poaceae	Poaceae
P001_WB03_00145 	Cyperaceae	Cyperaceae	Cyperaceae	Selaginellaceae	Cyperaceae	Cyperaceae
P001_WB03_00148 	Cyperaceae	Cyperaceae	Cyperaceae	Cyperaceae	Cyperaceae	Cyperaceae
P001_WB04_00001 	Cupressaceae	Betulaceae	Cupressaceae	Betulaceae	Saxifragaceae	Saxifragaceae
P001_WB04_00002 	Cupressaceae	Betulaceae	Asteraceae	Crassulaceae	Orobanchaceae	Orobanchaceae
P001_WB04_00118 	Cupressaceae	Betulaceae	Betulaceae	Rosaceae	Cyperaceae	Cyperaceae
P001_WB04_00131 	Cupressaceae	Betulaceae	Cupressaceae	Betulaceae	Salicaceae	Salicaceae
P001_WC03_00074 	Asteraceae	Asteraceae	Juncaceae	Asteraceae	Campanulaceae	Campanulaceae
P001_WC03_00087 	Asteraceae	Asteraceae	Asteraceae	Asteraceae	Asteraceae	Asteraceae
P001_WC06_00106 	Gentianaceae	Gentianaceae	Gentianaceae	Gentianaceae	Brassicaceae	Brassicaceae
P001_WC06_00107 	Gentianaceae	Gentianaceae	Gentianaceae	Gentianaceae	Salicaceae	Salicaceae
P001_WD02_00001 	Saxifragaceae	Saxifragaceae	Saxifragaceae	Ranunculaceae	Fabaceae	Fabaceae
P001_WD02_00002 	Saxifragaceae	Saxifragaceae	Saxifragaceae	Saxifragaceae	Poaceae	Poaceae
P001_WD02_00118 	Saxifragaceae	Saxifragaceae	Rosaceae	Rosaceae	Asteraceae	Asteraceae
P001_WD04_00051 	Ericaceae	Ericaceae	Ericaceae	Ericaceae	Poaceae	Poaceae
P001_WD04_00096 	Ericaceae	Ericaceae	Ericaceae	Ericaceae	Campanulaceae	Campanulaceae
P001_WD04_00126 	Ericaceae	Ericaceae	Rosaceae	Rosaceae	Asteraceae	Asteraceae
P001_WD08_00001 	Caryophyllaceae	Caryophyllaceae	Selaginellaceae	Caryophyllaceae	Asteraceae	Asteraceae
P001_WD08_00018 	Caryophyllaceae	Theaceae	Asteraceae	Apiaceae	Betulaceae	Betulaceae
P001_WD09_00047 	Gentianaceae	Gentianaceae	Gentianaceae	Gentianaceae	Ericaceae	Ericaceae
P001_WD09_00048 	Gentianaceae	Gentianaceae	Gentianaceae	Gentianaceae	Gentianaceae	Gentianaceae
P001_WD11_00029 	Crassulaceae	Crassulaceae	Crassulaceae	Crassulaceae	Asteraceae	Asteraceae
P001_WD11_00248 	Crassulaceae	Asteraceae	Asteraceae	Poaceae	Apiaceae	Apiaceae
P001_WE04_00029 	Tofieldiaceae	Tofieldiaceae	Crassulaceae	Ranunculaceae	Apiaceae	Apiaceae
P001_WE04_00138 	Tofieldiaceae	Tofieldiaceae	Rosaceae	Rosaceae	Polygonaceae	Polygonaceae
P001_WF01_00002 	Equisetaceae	Celastraceae	Selaginellaceae	Violaceae	Saxifragaceae	Saxifragaceae
P001_WF01_00046 	Equisetaceae	Equisetaceae	Equisetaceae	Equisetaceae	Poaceae	Poaceae
P001_WF01_00137 	Equisetaceae	Equisetaceae	Equisetaceae	Equisetaceae	Ericaceae	Ericaceae
P001_WF06_00134 	Orobanchaceae	Orobanchaceae	Orobanchaceae	Ranunculaceae	Campanulaceae	Campanulaceae
P001_WF06_00151 	Orobanchaceae	Poaceae	Poaceae	Asteraceae	Caryophyllaceae	Caryophyllaceae
P001_WF09_00001 	Gentianaceae	Gentianaceae	Gentianaceae	Gentianaceae	Gentianaceae	Gentianaceae
P001_WF09_00002 	Gentianaceae	Gentianaceae	Gentianaceae	Gentianaceae	Boraginaceae	Boraginaceae
P001_WG03_00076 	Selaginellaceae	Ranunculaceae	Crassulaceae	Cyperaceae	Caryophyllaceae	Caryophyllaceae
P001_WG03_00086 	Selaginellaceae	Caryophyllaceae	Caryophyllaceae	Caryophyllaceae	Cyperaceae	Cyperaceae
P001_WG03_00187 	Selaginellaceae	Celastraceae	Selaginellaceae	Violaceae	Ranunculaceae	Ranunculaceae
P001_WG03_00271 	Selaginellaceae	Cyperaceae	Cyperaceae	Cyperaceae	Tofieldiaceae	Tofieldiaceae
P001_WG03_00274 	Selaginellaceae	Cyperaceae	Cyperaceae	Cyperaceae	Ericaceae	Ericaceae
P001_WG03_00353 	Selaginellaceae	Equisetaceae	Selaginellaceae	Equisetaceae	Poaceae	Poaceae
P001_WG08_00001 	Asteraceae	Asteraceae	Asteraceae	Poaceae	Asteraceae	Asteraceae
P001_WG08_00124 	Asteraceae	Asteraceae	Asteraceae	Asteraceae	Asteraceae	Asteraceae
P001_WH02_00128 	Salicaceae	Salicaceae	Salicaceae	Salicaceae	Equisetaceae	Equisetaceae
P001_WH02_00141 	Salicaceae	Salicaceae	Saxifragaceae	Salicaceae	Cyperaceae	Cyperaceae
P001_WH03_00011 	Cyperaceae	Cyperaceae	Cyperaceae	Cyperaceae	Caryophyllaceae	Caryophyllaceae
P001_WH03_00014 	Cyperaceae	Cyperaceae	Cyperaceae	Cyperaceae	Caryophyllaceae	Caryophyllaceae
P001_WH04_00022 	Saxifragaceae	Saxifragaceae	Saxifragaceae	Saxifragaceae	Asteraceae	Asteraceae
P001_WH04_00108 	Saxifragaceae	Saxifragaceae	Saxifragaceae	Ranunculaceae	Orobanchaceae	Orobanchaceae
P002_WA12_00110 	Saxifragaceae	Saxifragaceae	Saxifragaceae	Saxifragaceae	Saxifragaceae	Saxifragaceae
P002_WA12_00125 	Saxifragaceae	Saxifragaceae	Ranunculaceae	Saxifragaceae	Gentianaceae	Gentianaceae
P002_WB06_00054 	Rosaceae	Rosaceae	Rosaceae	Rosaceae	Liliaceae	Liliaceae
P002_WB06_00097 	Rosaceae	Rosaceae	Rosaceae	Orobanchaceae	Poaceae	Poaceae
P002_WC01_00047 	Rosaceae	Orobanchaceae	Orobanchaceae	Orobanchaceae	Asteraceae	Asteraceae
P002_WC01_00059 	Rosaceae	Rosaceae	Rosaceae	Rosaceae	Asteraceae	Asteraceae
P002_WC01_00169 	Rosaceae	Rosaceae	Orobanchaceae	Rosaceae	Primulaceae	Primulaceae
P002_WC11_00001 	Caryophyllaceae	Caryophyllaceae	Ranunculaceae	Polygonaceae	Asteraceae	Asteraceae
P002_WC11_00002 	Caryophyllaceae	Gisekiaceae	Caryophyllaceae	Caryophyllaceae	Poaceae	Poaceae
P002_WC12_00120 	Cyperaceae	Cyperaceae	Asteraceae	Cyperaceae	Fabaceae	Fabaceae
P002_WC12_00123 	Cyperaceae	Cyperaceae	Cyperaceae	Cyperaceae	Poaceae	Poaceae
P002_WD01_00102 	Orobanchaceae	Rosaceae	Rosaceae	Rosaceae	Apiaceae	Apiaceae
P002_WD01_00139 	Orobanchaceae	Rosaceae	Orobanchaceae	Rosaceae	Gentianaceae	Gentianaceae
P002_WD01_00225 	Orobanchaceae	Orobanchaceae	Orobanchaceae	Orobanchaceae	Apiaceae	Apiaceae
P002_WD02_00116 	Violaceae	Violaceae	Violaceae	Salicaceae	Ericaceae	Ericaceae
P002_WD02_00117 	Violaceae	Violaceae	Violaceae	Brassicaceae	Poaceae	Poaceae
P002_WD04_00101 	Rosaceae	Rosaceae	Rosaceae	Rosaceae	Rosaceae	Rosaceae
P002_WD04_00102 	Rosaceae	Rosaceae	Rosaceae	Orobanchaceae	Ericaceae	Ericaceae
P002_WD12_00020 	Polygonaceae	Polygonaceae	Polygonaceae	Polygonaceae	Caryophyllaceae	Caryophyllaceae
P002_WD12_00021 	Polygonaceae	Polygonaceae	Polygonaceae	Polygonaceae	Poaceae	Poaceae
P002_WE07_00112 	Rosaceae	Rosaceae	Rosaceae	Rosaceae	Ericaceae	Ericaceae
P002_WE07_00113 	Rosaceae	Caryophyllaceae	Caryophyllaceae	Caryophyllaceae	Poaceae	Poaceae
P002_WE07_00221 	Rosaceae	Rosaceae	Rosaceae	Rosaceae	Salicaceae	Salicaceae
P002_WE09_00114 	Betulaceae	Betulaceae	Cupressaceae	Rosaceae	Orobanchaceae	Orobanchaceae
P002_WE09_00128 	Betulaceae	Betulaceae	Cupressaceae	Betulaceae	Saxifragaceae	Saxifragaceae
P002_WF04_00016 	Orobanchaceae	Orobanchaceae	Orobanchaceae	Orobanchaceae	Apiaceae	Apiaceae
P002_WF04_00017 	Orobanchaceae	Orobanchaceae	Plantaginaceae	Rosaceae	Juncaceae	Juncaceae
P002_WF06_00017 	Ericaceae	Ericaceae	Ericaceae	Ericaceae	Ericaceae	Ericaceae
P002_WF06_00120 	Ericaceae	Ericaceae	Ericaceae	Ericaceae	Brassicaceae	Brassicaceae
P002_WF10_00071 	Rosaceae	Rosaceae	Rosaceae	Rosaceae	Caryophyllaceae	Caryophyllaceae
P002_WF10_00096 	Rosaceae	Rosaceae	Rosaceae	Orobanchaceae	Cyperaceae	Cyperaceae
P002_WG04_00013 	Rosaceae	Rosaceae	Rosaceae	Rosaceae	Asteraceae	Asteraceae
P002_WG04_00024 	Rosaceae	Rosaceae	Rosaceae	Rosaceae	Rosaceae	Rosaceae
P002_WG08_00057 	Cyperaceae	Cyperaceae	Cyperaceae	Asteraceae	Plantaginaceae	Plantaginaceae
P002_WG08_00060 	Cyperaceae	Cyperaceae	Cyperaceae	Cyperaceae	Poaceae	Poaceae
P002_WH01_00032 	Ranunculaceae	Ranunculaceae	Crassulaceae	Ranunculaceae	Poaceae	Poaceae
P002_WH01_00033 	Ranunculaceae	Ranunculaceae	Crassulaceae	Caryophyllaceae	Polygonaceae	Polygonaceae
P002_WH02_00045 	Crassulaceae	Crassulaceae	Crassulaceae	Crassulaceae	Asteraceae	Asteraceae
P002_WH02_00080 	Crassulaceae	Ranunculaceae	Caryophyllaceae	Salicaceae	Plantaginaceae	Plantaginaceae
P002_WH05_00001 	Ranunculaceae	Ranunculaceae	Ranunculaceae	Ranunculaceae	Ranunculaceae	Ranunculaceae
P002_WH05_00002 	Ranunculaceae	Ranunculaceae	Ranunculaceae	Cyperaceae	Campanulaceae	Campanulaceae
P003_WA10_00101 	Gentianaceae	Gentianaceae	Gentianaceae	Gentianaceae	Plantaginaceae	Plantaginaceae
P003_WA10_00102 	Gentianaceae	Gentianaceae	Gentianaceae	Gentianaceae	Caryophyllaceae	Caryophyllaceae
P003_WA10_00116 	Gentianaceae	Primulaceae	Hypericaceae	Saxifragaceae	Orobanchaceae	Orobanchaceae
P003_WA10_00218 	Gentianaceae	Poaceae	Poaceae	Poaceae	Ericaceae	Ericaceae
P003_WB03_00055 	Equisetaceae	Equisetaceae	Equisetaceae	Equisetaceae	Poaceae	Poaceae
P003_WB03_00088 	Equisetaceae	Equisetaceae	Equisetaceae	Equisetaceae	Ericaceae	Ericaceae
P003_WB04_00008 	Cyperaceae	Cyperaceae	Cyperaceae	Asteraceae	Rosaceae	Rosaceae
P003_WB04_00011 	Cyperaceae	Cyperaceae	Cyperaceae	Cyperaceae	Juncaceae	Juncaceae
P003_WB08_00085 	Asteraceae	Asteraceae	Asteraceae	Asteraceae	Cyperaceae	Cyperaceae
P003_WB08_00149 	Asteraceae	Cyperaceae	Asteraceae	Cyperaceae	Poaceae	Poaceae
P003_WB08_00152 	Asteraceae	Cyperaceae	Cyperaceae	Asteraceae	Fabaceae	Fabaceae
P003_WB09_00128 	Cyperaceae	Cyperaceae	Cyperaceae	Selaginellaceae	Liliaceae	Liliaceae
P003_WB09_00131 	Cyperaceae	Cyperaceae	Cyperaceae	Cyperaceae	Rosaceae	Rosaceae
P003_WB09_00136 	Cyperaceae	Gentianaceae	Gentianaceae	Gentianaceae	Poaceae	Poaceae
P003_WC12_00020 	Juncaceae	Asteraceae	Juncaceae	Asteraceae	Saxifragaceae	Saxifragaceae
P003_WC12_00245 	Juncaceae	Asteraceae	Asteraceae	Asteraceae	Salicaceae	Salicaceae
P003_WD06_00001 	Ranunculaceae	Ranunculaceae	Caryophyllaceae	Crassulaceae	Crassulaceae	Crassulaceae
P003_WD06_00002 	Ranunculaceae	Ranunculaceae	Cyperaceae	Cyperaceae	Rubiaceae	Rubiaceae
P003_WE02_00194 	Poaceae	Asteraceae	Salicaceae	Hypericaceae	Cyperaceae	Cyperaceae
P003_WE02_00224 	Poaceae	Asteraceae	Plantaginaceae	Cupressaceae	Ericaceae	Ericaceae
P003_WE03_00018 	Equisetaceae	Equisetaceae	Equisetaceae	Equisetaceae	Poaceae	Poaceae
P003_WE03_00125 	Equisetaceae	Equisetaceae	Equisetaceae	Equisetaceae	Brassicaceae	Brassicaceae
P003_WE07_00027 	Cyperaceae	Cyperaceae	Cyperaceae	Selaginellaceae	Orobanchaceae	Orobanchaceae
P003_WE07_00030 	Cyperaceae	Cyperaceae	Cyperaceae	Cyperaceae	Rosaceae	Rosaceae
P003_WE12_00001 	Caryophyllaceae	Caryophyllaceae	Ranunculaceae	Rosaceae	Papaveraceae	Papaveraceae
P003_WE12_00037 	Caryophyllaceae	Ranunculaceae	Crassulaceae	Salicaceae	Poaceae	Poaceae
P003_WF06_00001 	Asteraceae	Asteraceae	Juncaceae	Asteraceae	Gentianaceae	Gentianaceae
P003_WF06_00037 	Asteraceae	Asteraceae	Asteraceae	Asteraceae	Primulaceae	Primulaceae
P003_WG06_00021 	Lentibulariaceae	Lentibulariaceae	Lentibulariaceae	Salicaceae	Cyperaceae	Cyperaceae
P003_WG06_00044 	Lentibulariaceae	Lentibulariaceae	Plantaginaceae	Poaceae	Salicaceae	Salicaceae
P003_WG11_00206 	Asteraceae	Plantaginaceae	Fabaceae	Plantaginaceae	Cyperaceae	Cyperaceae
P003_WG11_00380 	Asteraceae	Poaceae	Poaceae	Asteraceae	Fabaceae	Fabaceae
P003_WH07_00024 	Ranunculaceae	Saxifragaceae	Saxifragaceae	Saxifragaceae	Apiaceae	Apiaceae
P003_WH07_00129 	Ranunculaceae	Saxifragaceae	Saxifragaceae	Saxifragaceae	Crassulaceae	Crassulaceae
P004_WD02_00019 	Asteraceae	Asteraceae	Poaceae	Asteraceae	Saxifragaceae	Saxifragaceae
P004_WD02_00099 	Asteraceae	Asteraceae	Asteraceae	Asteraceae	Primulaceae	Primulaceae
P8807_504_00001 	Salicaceae	Salicaceae	Salicaceae	Salicaceae	Cyperaceae	Cyperaceae
P8807_504_00115 	Salicaceae	Salicaceae	Salicaceae	Salicaceae	Asteraceae	Asteraceae
P8807_525_00005 	Rosaceae	Rosaceae	Rosaceae	Rosaceae	Ranunculaceae	Ranunculaceae
P8807_525_00027 	Rosaceae	Rosaceae	Rosaceae	Rosaceae	Brassicaceae	Brassicaceae
P8807_526_00029 	Equisetaceae	Equisetaceae	Equisetaceae	Equisetaceae	Caryophyllaceae	Caryophyllaceae
P8807_526_00118 	Equisetaceae	Equisetaceae	Equisetaceae	Equisetaceae	Salicaceae	Salicaceae
WA01_00046 	Rosaceae	Rosaceae	Rosaceae	Rosaceae	Caryophyllaceae	Caryophyllaceae
WA01_00068 	Rosaceae	Rosaceae	Rosaceae	Rosaceae	Primulaceae	Primulaceae
WB04_00064 	Equisetaceae	Equisetaceae	Equisetaceae	Equisetaceae	Poaceae	Poaceae
WB04_00105 	Equisetaceae	Equisetaceae	Equisetaceae	Equisetaceae	Asteraceae	Asteraceae
WB08_00018 	Primulaceae	Primulaceae	Rosaceae	Rosaceae	Salicaceae	Salicaceae
WB08_00119 	Primulaceae	Primulaceae	Gentianaceae	Primulaceae	Orobanchaceae	Orobanchaceae
