P001_WA01_00047 	Saxifragaceae;Saxifraga	Poaceae;Alopecurus	Poaceae;Poa	Poaceae;Trisetum	Poaceae;Poa	Poaceae;Arctagrostis
P001_WA01_00050 	Saxifragaceae;Saxifraga	Poaceae;Catapodium	Poaceae;Festuca	Poaceae;Sesleria	Poaceae;Poa	Poaceae;Hyalopoa
P001_WA02_00009 	Orobanchaceae;Euphrasia	Orobanchaceae;Euphrasia	Brassicaceae;Arabis	Salicaceae;Salix	Orobanchaceae;Euphrasia	Orobanchaceae;Euphrasia
P001_WA02_00010 	Orobanchaceae;Euphrasia	Orobanchaceae;Euphrasia	Brassicaceae;Arabis	Salicaceae;Salix	Orobanchaceae;Euphrasia	Orobanchaceae;Euphrasia
P001_WA03_00101 	Cyperaceae;Carex	Cyperaceae;Carex	Cyperaceae;Carex	Cyperaceae;Carex	Cyperaceae;Carex	Cyperaceae;Carex
P001_WA03_00102 	Cyperaceae;Carex	Cyperaceae;Carex	Cyperaceae;Carex	Cyperaceae;Carex	Cyperaceae;Carex	Polygonaceae;Oxyria
P001_WA04_00118 	Salicaceae;Salix	Salicaceae;Salix	Salicaceae;Salix	Salicaceae;Salix	Salicaceae;Salix	Salicaceae;Salix
P001_WA04_00120 	Salicaceae;Salix	Salicaceae;Salix	Salicaceae;Salix	Salicaceae;Salix	Salicaceae;Salix	Salicaceae;Salix
P001_WA04_00121 	Salicaceae;Salix	Salicaceae;Salix	Salicaceae;Salix	Salicaceae;Salix	Salicaceae;Salix	Salicaceae;Salix
P001_WA04_00123 	Salicaceae;Salix	Salicaceae;Salix	Salicaceae;Salix	Salicaceae;Salix	Salicaceae;Salix	Salicaceae;Salix
P001_WA05_00031 	Poaceae;Festuca	Poaceae;Lygeum	Poaceae;Sesleria	Poaceae;Festuca	Poaceae;Poa	Poaceae;Poa
P001_WA05_00032 	Poaceae;Festuca	Poaceae;Festuca	Poaceae;Festuca	Poaceae;Festuca	Poaceae;Festuca	Poaceae;Festuca
P001_WA06_00068 	Cyperaceae;Carex	Cyperaceae;Carex	Cyperaceae;Carex	Cyperaceae;Carex	Cyperaceae;Carex	Cyperaceae;Carex
P001_WA06_00069 	Cyperaceae;Carex	Cyperaceae;Carex	Cyperaceae;Carex	Cyperaceae;Carex	Polygonaceae;Oxyria	Asteraceae;Cirsium
P001_WA07_00022 	Asteraceae;Omalotheca	Asteraceae;Anaphalis	Asteraceae;Antennaria	Asteraceae;Antennaria	Poaceae;Festuca	Asteraceae;Antennaria
P001_WA07_00025 	Asteraceae;Omalotheca	Asteraceae;Gamochaeta	Asteraceae;Gnaphalium	Asteraceae;Antennaria	Poaceae;Festuca	Asteraceae;Antennaria
P001_WA08_00104 	Cyperaceae;Carex	Cyperaceae;Carex	Cyperaceae;Carex	Cyperaceae;Carex	Cyperaceae;Carex	Cyperaceae;Carex
P001_WA08_00106 	Cyperaceae;Carex	Cyperaceae;Carex	Cyperaceae;Carex	Cyperaceae;Carex	Cyperaceae;Carex	Cyperaceae;Carex
P001_WA10_00030 	Rubiaceae;Cruciata	Rubiaceae;Galium	Rubiaceae;Galium	Rubiaceae;Galium	Plantaginaceae;Pennellianthus	Caryophyllaceae;Cerastium
P001_WA10_00031 	Rubiaceae;Cruciata	Rubiaceae;Paederia	Brassicaceae;Draba	Papaveraceae;Papaver	Gentianaceae;Gentiana	Gentianaceae;Gentiana
P001_WA11_00075 	Campanulaceae;Campanula	Campanulaceae;Campanula	Campanulaceae;Campanula	Campanulaceae;Campanula	Asteraceae;Gnaphalium	Campanulaceae;Campanula
P001_WA11_00077 	Campanulaceae;Campanula	Campanulaceae;Campanula	Campanulaceae;Campanula	Campanulaceae;Campanula	Campanulaceae;Campanula	Campanulaceae;Campanula
P001_WA12_00054 	Asteraceae;Matricaria	Asteraceae;Tanacetum	Asteraceae;Anthemis	Asteraceae;Anthemis	Asteraceae;Leucanthemum	Asteraceae;Achillea
P001_WA12_00055 	Asteraceae;Matricaria	Asteraceae;Leucanthemella	Asteraceae;Anthemis	Asteraceae;Anthemis	Asteraceae;Artemisia	Asteraceae;Achillea
P001_WB01_00106 	Brassicaceae;Arabis	Poaceae;Lygeum	Poaceae;Sesleria	Poaceae;Festuca	Poaceae;Poa	Poaceae;Poa
P001_WB01_00108 	Brassicaceae;Arabis	Poaceae;Avenella	Poaceae;Deschampsia	Poaceae;Avenella	Poaceae;Trisetum	Poaceae;Poa
P001_WB01_00138 	Brassicaceae;Arabis	Orobanchaceae;Euphrasia	Brassicaceae;Arabis	Salicaceae;Salix	Orobanchaceae;Euphrasia	Orobanchaceae;Euphrasia
P001_WB01_00139 	Brassicaceae;Arabis	Orobanchaceae;Euphrasia	Brassicaceae;Arabis	Salicaceae;Salix	Orobanchaceae;Euphrasia	Orobanchaceae;Euphrasia
P001_WB01_00168 	Brassicaceae;Arabis	Ranunculaceae;Ranunculus	Ranunculaceae;Ranunculus	Caryophyllaceae;Dianthus	Ranunculaceae;Ranunculus	Ranunculaceae;Ranunculus
P001_WB01_00169 	Brassicaceae;Arabis	Ranunculaceae;Ranunculus	Ranunculaceae;Ranunculus	Ranunculaceae;Ranunculus	Caryophyllaceae;Dianthus	Ranunculaceae;Ranunculus
P001_WB01_00291 	Brassicaceae;Arabis	Brassicaceae;Arabis	Brassicaceae;Draba	Brassicaceae;Draba	Brassicaceae;Draba	Brassicaceae;Arabis
P001_WB01_00292 	Brassicaceae;Arabis	Brassicaceae;Arabis	Asteraceae;Taraxacum	Brassicaceae;Arabis	Brassicaceae;Draba	Brassicaceae;Draba
P001_WB02_00124 	Salicaceae;Salix	Salicaceae;Salix	Salicaceae;Salix	Salicaceae;Salix	Salicaceae;Salix	Salicaceae;Salix
P001_WB02_00126 	Salicaceae;Salix	Salicaceae;Salix	Salicaceae;Salix	Salicaceae;Salix	Salicaceae;Salix	Salicaceae;Salix
P001_WB02_00235 	Salicaceae;Salix	Orobanchaceae;Euphrasia	Brassicaceae;Arabis	Salicaceae;Salix	Orobanchaceae;Euphrasia	Orobanchaceae;Euphrasia
P001_WB02_00236 	Salicaceae;Salix	Orobanchaceae;Euphrasia	Brassicaceae;Arabis	Salicaceae;Salix	Orobanchaceae;Euphrasia	Orobanchaceae;Euphrasia
P001_WB03_00039 	Cyperaceae;Eriophorum	Cyperaceae;Carex	Cyperaceae;Eriophorum	Cyperaceae;Eriophorum	Asteraceae;Antennaria	Cyperaceae;Eriophorum
P001_WB03_00040 	Cyperaceae;Eriophorum	Cyperaceae;Carex	Cyperaceae;Eriophorum	Cyperaceae;Eriophorum	Cyperaceae;Eriophorum	Cyperaceae;Eriophorum
P001_WB04_00036 	Cupressaceae;Juniperus	Betulaceae;Betula	Betulaceae;Betula	Ranunculaceae;Ranunculus	Cyperaceae;Carex	Rosaceae;Dryas
P001_WB04_00038 	Cupressaceae;Juniperus	Betulaceae;Betula	Betulaceae;Betula	Onagraceae;Epilobium	Salicaceae;Salix	Saxifragaceae;Saxifraga
P001_WB05_00069 	Poaceae;Anthoxanthum	Poaceae;Avena	Poaceae;Trisetum	Poaceae;Sesleria	Poaceae;Poa	Poaceae;Calamagrostis
P001_WB05_00070 	Poaceae;Anthoxanthum	Poaceae;Hierochloe	Poaceae;Hierochloe	Poaceae;Hierochloe	Poaceae;Arctagrostis	Poaceae;Calamagrostis
P001_WB06_00104 	Gentianaceae;Comastoma	Gentianaceae;Swertia	Gentianaceae;Gentianella	Gentianaceae;Gentiana	Gentianaceae;Gentiana	Gentianaceae;Gentiana
P001_WB06_00105 	Gentianaceae;Comastoma	Gentianaceae;Swertia	Gentianaceae;Gentianella	Gentianaceae;Gentiana	Gentianaceae;Gentiana	Gentianaceae;Gentiana
P001_WB08_00028 	Poaceae;Bromus	Poaceae;Avena	Poaceae;Bromus	Poaceae;Trisetum	Poaceae;Hierochloe	Poaceae;Hierochloe
P001_WB08_00030 	Poaceae;Bromus	Poaceae;Bromus	Poaceae;Poa	Poaceae;Phleum	Poaceae;Trisetum	Poaceae;Poa
P001_WB09_00088 	Asteraceae;Leontodon	Asteraceae;Sonchus	Asteraceae;Leontodon	Asteraceae;Taraxacum	Asteraceae;Taraxacum	Asteraceae;Taraxacum
P001_WB09_00090 	Asteraceae;Leontodon	Menyanthaceae;Nymphoides	Asteraceae;Hieracium	Asteraceae;Saussurea	Asteraceae;Hieracium	Asteraceae;Taraxacum
P001_WB10_00080 	Poaceae;Nardus	Poaceae;Nardus	Poaceae;Calamagrostis	Poaceae;Calamagrostis	Poaceae;Calamagrostis	Poaceae;Calamagrostis
P001_WB10_00081 	Poaceae;Nardus	Poaceae;Nardus	Poaceae;Bromus	Poaceae;Trisetum	Poaceae;Hierochloe	Poaceae;Hierochloe
P001_WB11_00022 	Campanulaceae;Campanula	Campanulaceae;Campanula	Asteraceae;Gnaphalium	Campanulaceae;Campanula	Campanulaceae;Campanula	Campanulaceae;Campanula
P001_WB11_00025 	Campanulaceae;Campanula	Campanulaceae;Campanula	Campanulaceae;Campanula	Campanulaceae;Campanula	Campanulaceae;Campanula	Campanulaceae;Campanula
P001_WB12_00075 	Asteraceae;Gnaphalium	Campanulaceae;Campanula	Asteraceae;Gnaphalium	Campanulaceae;Campanula	Campanulaceae;Campanula	Campanulaceae;Campanula
P001_WB12_00109 	Asteraceae;Gnaphalium	Asteraceae;Anaphalis	Asteraceae;Antennaria	Asteraceae;Antennaria	Poaceae;Festuca	Asteraceae;Antennaria
P001_WB12_00112 	Asteraceae;Gnaphalium	Asteraceae;Anaphalis	Asteraceae;Omalotheca	Asteraceae;Antennaria	Poaceae;Festuca	Asteraceae;Antennaria
P001_WC02_00098 	Poaceae;Deschampsia	Poaceae;Lygeum	Poaceae;Sesleria	Poaceae;Festuca	Poaceae;Poa	Poaceae;Poa
P001_WC02_00100 	Poaceae;Deschampsia	Poaceae;Avenella	Poaceae;Deschampsia	Poaceae;Avenella	Poaceae;Trisetum	Poaceae;Poa
P001_WC03_00003 	Asteraceae;Erigeron	Asteraceae;Erigeron	Asteraceae;Erigeron	Asteraceae;Erigeron	Asteraceae;Solidago	Asteraceae;Aster
P001_WC03_00004 	Asteraceae;Erigeron	Asteraceae;Conyza	Asteraceae;Erigeron	Asteraceae;Erigeron	Asteraceae;Solidago	Asteraceae;Aster
P001_WC06_00033 	Gentianaceae;Gentiana	Gentianaceae;Gentiana	Gentianaceae;Gentiana	Gentianaceae;Gentiana	Gentianaceae;Comastoma	Gentianaceae;Gentianella
P001_WC06_00034 	Gentianaceae;Gentiana	Gentianaceae;Gentiana	Gentianaceae;Gentiana	Gentianaceae;Gentiana	Gentianaceae;Gentiana	Gentianaceae;Gentianella
P001_WC07_00012 	Asteraceae;Leontodon	Asteraceae;Sonchus	Asteraceae;Taraxacum	Asteraceae;Taraxacum	Asteraceae;Taraxacum	Asteraceae;Taraxacum
P001_WC07_00014 	Asteraceae;Leontodon	Asteraceae;Taraxacum	Asteraceae;Hieracium	Asteraceae;Saussurea	Asteraceae;Hieracium	Asteraceae;Taraxacum
P001_WC08_00014 	Apiaceae;Bupleurum	Apiaceae;Bupleurum	Apiaceae;Bupleurum	Apiaceae;Chaerophyllum	Apiaceae;Seseli	Apiaceae;Tilingia
P001_WC08_00016 	Apiaceae;Bupleurum	Apiaceae;Bupleurum	Saxifragaceae;Saxifraga	Saxifragaceae;Saxifraga	Tofieldiaceae;Tofieldia	Lentibulariaceae;Pinguicula
P001_WC09_00013 	Lamiaceae;Betonica	Lamiaceae;Phlomis	Plantaginaceae;Pennellianthus	Plantaginaceae;Veronica	Fabaceae;Hedysarum	Lentibulariaceae;Pinguicula
P001_WC09_00014 	Lamiaceae;Betonica	Lamiaceae;Stenogyne	Onagraceae;Epilobium	Orobanchaceae;Bartsia	Orobanchaceae;Pedicularis	Orobanchaceae;Pedicularis
P001_WC10_00088 	Apiaceae;Carum	Apiaceae;Carum	Apiaceae;Carum	Apiaceae;Peucedanum	Apiaceae;Tilingia	Apiaceae;Ligusticum
P001_WC10_00089 	Apiaceae;Carum	Apiaceae;Carum	Apiaceae;Carum	Crassulaceae;Sedum	Apiaceae;Peucedanum	Apiaceae;Ligusticum
P001_WC11_00065 	Polygonaceae;Rumex	Polygonaceae;Rumex	Polygonaceae;Rumex	Polygonaceae;Rumex	Polygonaceae;Polygonum	Cyperaceae;Carex
P001_WC11_00067 	Polygonaceae;Rumex	Polygonaceae;Rumex	Polygonaceae;Rumex	Polygonaceae;Rumex	Cyperaceae;Carex	Polygonaceae;Polygonum
P001_WC12_00025 	Cyperaceae;Carex	Cyperaceae;Carex	Cyperaceae;Carex	Cyperaceae;Carex	Cyperaceae;Carex	Cyperaceae;Carex
P001_WC12_00139 	Cyperaceae;Carex	Cyperaceae;Carex	Crassulaceae;Sedum	Cyperaceae;Kobresia	Cyperaceae;Carex	Cyperaceae;Carex
P001_WD01_00006 	Poaceae;Poa	Poaceae;Alopecurus	Poaceae;Poa	Poaceae;Trisetum	Poaceae;Poa	Poaceae;Arctagrostis
P001_WD01_00009 	Poaceae;Poa	Poaceae;Lygeum	Poaceae;Sesleria	Poaceae;Festuca	Poaceae;Poa	Poaceae;Poa
P001_WD02_00094 	Saxifragaceae;Saxifraga	Saxifragaceae;Bergenia	Saxifragaceae;Saxifraga	Brassicaceae;Draba	Saxifragaceae;Saxifraga	Saxifragaceae;Saxifraga
P001_WD02_00095 	Saxifragaceae;Saxifraga	Saxifragaceae;Micranthes	Saxifragaceae;Saxifraga	Brassicaceae;Draba	Saxifragaceae;Saxifraga	Saxifragaceae;Saxifraga
P001_WD03_00077 	Poaceae;Calamagrostis	Poaceae;Calamagrostis	Poaceae;Calamagrostis	Poaceae;Calamagrostis	Poaceae;Anthoxanthum	Poaceae;Trisetum
P001_WD03_00079 	Poaceae;Calamagrostis	Poaceae;Agrostis	Poaceae;Calamagrostis	Poaceae;Calamagrostis	Poaceae;Calamagrostis	Poaceae;Calamagrostis
P001_WD05_00090 	Poaceae;Avenella	Poaceae;Lygeum	Poaceae;Sesleria	Poaceae;Festuca	Poaceae;Poa	Poaceae;Poa
P001_WD05_00092 	Poaceae;Avenella	Poaceae;Avenella	Poaceae;Deschampsia	Poaceae;Avenella	Poaceae;Trisetum	Poaceae;Poa
P001_WD06_00056 	Campanulaceae;Campanula	Campanulaceae;Campanula	Campanulaceae;Campanula	Campanulaceae;Campanula	Asteraceae;Gnaphalium	Campanulaceae;Campanula
P001_WD06_00057 	Campanulaceae;Campanula	Campanulaceae;Campanula	Campanulaceae;Campanula	Campanulaceae;Campanula	Campanulaceae;Campanula	Campanulaceae;Campanula
P001_WD07_00002 	Caryophyllaceae;Silene	Caryophyllaceae;Silene	Caryophyllaceae;Silene	Caryophyllaceae;Silene	Caryophyllaceae;Silene	Caryophyllaceae;Viscaria
P001_WD07_00003 	Caryophyllaceae;Silene	Caryophyllaceae;Silene	Caryophyllaceae;Silene	Caryophyllaceae;Silene	Caryophyllaceae;Viscaria	Caryophyllaceae;Silene
P001_WD08_00116 	Caryophyllaceae;Cerastium	Caryophyllaceae;Cerastium	Caryophyllaceae;Stellaria	Caryophyllaceae;Stellaria	Cyperaceae;Carex	Caryophyllaceae;Cerastium
P001_WD08_00117 	Caryophyllaceae;Cerastium	Caryophyllaceae;Cerastium	Caryophyllaceae;Cerastium	Caryophyllaceae;Cerastium	Cyperaceae;Carex	Caryophyllaceae;Cerastium
P001_WD08_00151 	Caryophyllaceae;Cerastium	Boraginaceae;Borago	Boraginaceae;Myosotis	Plantaginaceae;Veronica	Gentianaceae;Gentiana	Gentianaceae;Gentiana
P001_WD08_00152 	Caryophyllaceae;Cerastium	Boraginaceae;Plagiobothrys	Boraginaceae;Myosotis	Plantaginaceae;Pennellianthus	Asteraceae;Saussurea	Asteraceae;Saussurea
P001_WD09_00095 	Gentianaceae;Gentiana	Gentianaceae;Gentiana	Gentianaceae;Gentiana	Gentianaceae;Gentiana	Gentianaceae;Gentiana	Gentianaceae;Gentiana
P001_WD09_00096 	Gentianaceae;Gentiana	Gentianaceae;Gentiana	Gentianaceae;Gentiana	Gentianaceae;Gentiana	Gentianaceae;Gentiana	Gentianaceae;Gentianella
P001_WD10_00088 	Boraginaceae;Myosotis	Boraginaceae;Borago	Boraginaceae;Myosotis	Plantaginaceae;Veronica	Gentianaceae;Gentiana	Gentianaceae;Gentiana
P001_WD10_00089 	Boraginaceae;Myosotis	Boraginaceae;Plagiobothrys	Caryophyllaceae;Cerastium	Plantaginaceae;Pennellianthus	Asteraceae;Solidago	Asteraceae;Saussurea
P001_WD11_00038 	Crassulaceae;Sedum	Cyperaceae;Carex	Crassulaceae;Sedum	Cyperaceae;Kobresia	Cyperaceae;Carex	Cyperaceae;Carex
P001_WD11_00075 	Crassulaceae;Sedum	Crassulaceae;Rosularia	Crassulaceae;Sempervivum	Crassulaceae;Sedum	Crassulaceae;Rhodiola	Rosaceae;Dryas
P001_WD11_00077 	Crassulaceae;Sedum	Crassulaceae;Rosularia	Crassulaceae;Sempervivum	Caryophyllaceae;Cerastium	Boraginaceae;Myosotis	Saxifragaceae;Saxifraga
P001_WD11_00125 	Crassulaceae;Sedum	Asteraceae;Taraxacum	Asteraceae;Hieracium	Asteraceae;Saussurea	Asteraceae;Hieracium	Asteraceae;Taraxacum
P001_WD11_00214 	Crassulaceae;Sedum	Apiaceae;Angelica	Apiaceae;Seseli	Apiaceae;Peucedanum	Apiaceae;Ligusticum	Apiaceae;Carum
P001_WD11_00275 	Crassulaceae;Sedum	Asteraceae;Taraxacum	Asteraceae;Taraxacum	Asteraceae;Taraxacum	Asteraceae;Taraxacum	Asteraceae;Taraxacum
P001_WD12_00030 	Asteraceae;Taraxacum	Asteraceae;Taraxacum	Asteraceae;Hieracium	Asteraceae;Saussurea	Asteraceae;Hieracium	Asteraceae;Taraxacum
P001_WD12_00031 	Asteraceae;Taraxacum	Asteraceae;Sonchus	Asteraceae;Taraxacum	Asteraceae;Taraxacum	Asteraceae;Taraxacum	Asteraceae;Taraxacum
P001_WE01_00084 	Caryophyllaceae;Minuartia	Caryophyllaceae;Dianthus	Caryophyllaceae;Minuartia	Caryophyllaceae;Minuartia	Caryophyllaceae;Dianthus	Ranunculaceae;Ranunculus
P001_WE01_00085 	Caryophyllaceae;Minuartia	Caryophyllaceae;Dianthus	Caryophyllaceae;Minuartia	Caryophyllaceae;Minuartia	Cyperaceae;Carex	Caryophyllaceae;Cerastium
P001_WE02_00064 	Cyperaceae;Kobresia	Cyperaceae;Carex	Cyperaceae;Carex	Cyperaceae;Carex	Cyperaceae;Carex	Cyperaceae;Carex
P001_WE02_00065 	Cyperaceae;Kobresia	Cyperaceae;Carex	Cyperaceae;Carex	Cyperaceae;Carex	Cyperaceae;Carex	Cyperaceae;Carex
P001_WE03_00029 	Ranunculaceae;Ranunculus	Ranunculaceae;Ranunculus	Ranunculaceae;Ranunculus	Brassicaceae;Arabis	Ranunculaceae;Ranunculus	Ranunculaceae;Ranunculus
P001_WE03_00031 	Ranunculaceae;Ranunculus	Ranunculaceae;Ranunculus	Ranunculaceae;Ranunculus	Ranunculaceae;Ranunculus	Caryophyllaceae;Dianthus	Ranunculaceae;Ranunculus
P001_WE04_00083 	Tofieldiaceae;Tofieldia	Cyperaceae;Carex	Cyperaceae;Carex	Cyperaceae;Carex	Cyperaceae;Carex	Cyperaceae;Carex
P001_WE04_00084 	Tofieldiaceae;Tofieldia	Cyperaceae;Carex	Cyperaceae;Carex	Cyperaceae;Carex	Cyperaceae;Carex	Cyperaceae;Carex
P001_WE04_00181 	Tofieldiaceae;Tofieldia	Tofieldiaceae;Tofieldia	Orchidaceae;Coeloglossum	Ranunculaceae;Ranunculus	Apiaceae;Bupleurum	Saxifragaceae;Saxifraga
P001_WE04_00182 	Tofieldiaceae;Tofieldia	Tofieldiaceae;Tofieldia	Liliaceae;Gagea	Liliaceae;Fritillaria	Orchidaceae;Coeloglossum	Poaceae;Avenella
P001_WE05_00053 	Ericaceae;Kalmia	Ericaceae;Rhododendron	Ericaceae;Rhododendron	Ericaceae;Phyllodoce	Ericaceae;Rhododendron	Ericaceae;Rhododendron
P001_WE05_00055 	Ericaceae;Kalmia	Ericaceae;Rhododendron	Ericaceae;Rhododendron	Ericaceae;Rhododendron	Ericaceae;Rhododendron	Ericaceae;Rhododendron
P001_WE06_00044 	Poaceae;Phleum	Poaceae;Phleum	Poaceae;Arctophila	Poaceae;Dupontia	Poaceae;Arctagrostis	Poaceae;Poa
P001_WE06_00046 	Poaceae;Phleum	Poaceae;Lygeum	Poaceae;Sesleria	Poaceae;Festuca	Poaceae;Poa	Poaceae;Poa
P001_WE07_00116 	Juncaceae;Luzula	Juncaceae;Juncus	Juncaceae;Luzula	Juncaceae;Luzula	Juncaceae;Luzula	Cyperaceae;Carex
P001_WE07_00118 	Juncaceae;Luzula	Juncaceae;Juncus	Juncaceae;Luzula	Juncaceae;Luzula	Juncaceae;Luzula	Juncaceae;Luzula
P001_WE08_00035 	Caprifoliaceae;Scabiosa	Caprifoliaceae;Scabiosa	Caprifoliaceae;Patrinia	Asteraceae;Solidago	Asteraceae;Senecio	Asteraceae;Petasites
P001_WE08_00036 	Caprifoliaceae;Scabiosa	Caprifoliaceae;Dipsacus	Caprifoliaceae;Patrinia	Lamiaceae;Betonica	Plantaginaceae;Pennellianthus	Betulaceae;Betula
P001_WE10_00057 	Asteraceae;Taraxacum	Asteraceae;Taraxacum	Asteraceae;Hieracium	Asteraceae;Saussurea	Asteraceae;Hieracium	Asteraceae;Taraxacum
P001_WE10_00058 	Asteraceae;Taraxacum	Asteraceae;Sonchus	Asteraceae;Taraxacum	Asteraceae;Taraxacum	Asteraceae;Taraxacum	Asteraceae;Taraxacum
P001_WE11_00055 	Poaceae;Festuca	Poaceae;Lygeum	Poaceae;Sesleria	Poaceae;Festuca	Poaceae;Poa	Poaceae;Poa
P001_WE11_00057 	Poaceae;Festuca	Poaceae;Festuca	Poaceae;Festuca	Poaceae;Festuca	Poaceae;Festuca	Poaceae;Festuca
P001_WE12_00208 	Cyperaceae;Carex	Cyperaceae;Carex	Cyperaceae;Carex	Cyperaceae;Carex	Cyperaceae;Carex	Cyperaceae;Carex
P001_WE12_00209 	Cyperaceae;Carex	Cyperaceae;Carex	Cyperaceae;Carex	Cyperaceae;Carex	Cyperaceae;Carex	Cyperaceae;Carex
P001_WE12_00240 	Cyperaceae;Carex	Asteraceae;Taraxacum	Asteraceae;Hieracium	Asteraceae;Saussurea	Asteraceae;Hieracium	Asteraceae;Taraxacum
P001_WE12_00241 	Cyperaceae;Carex	Asteraceae;Sonchus	Asteraceae;Leontodon	Asteraceae;Taraxacum	Asteraceae;Taraxacum	Asteraceae;Taraxacum
P001_WE12_00296 	Cyperaceae;Carex	Geraniaceae;Geranium	Geraniaceae;Geranium	Geraniaceae;Geranium	Plantaginaceae;Pennellianthus	Ranunculaceae;Ranunculus
P001_WF01_00015 	Equisetaceae;Equisetum	Cyperaceae;Carex	Selaginellaceae;Selaginella	Cyperaceae;Carex	Cyperaceae;Carex	Cyperaceae;Carex
P001_WF01_00050 	Equisetaceae;Equisetum	Equisetaceae;Equisetum	Equisetaceae;Equisetum	Equisetaceae;Equisetum	Equisetaceae;Equisetum	Equisetaceae;Equisetum
P001_WF01_00052 	Equisetaceae;Equisetum	Equisetaceae;Equisetum	Equisetaceae;Equisetum	Equisetaceae;Equisetum	Equisetaceae;Equisetum	Equisetaceae;Equisetum
P001_WF02_00032 	Cyperaceae;Carex	Cyperaceae;Carex	Cyperaceae;Carex	Cyperaceae;Carex	Cyperaceae;Carex	Cyperaceae;Carex
P001_WF02_00033 	Cyperaceae;Carex	Cyperaceae;Carex	Cyperaceae;Carex	Cyperaceae;Carex	Polygonaceae;Oxyria	Asteraceae;Cirsium
P001_WF03_00083 	Caryophyllaceae;Cerastium	Caryophyllaceae;Cerastium	Caryophyllaceae;Cerastium	Caryophyllaceae;Cerastium	Cyperaceae;Carex	Caryophyllaceae;Cerastium
P001_WF03_00085 	Caryophyllaceae;Cerastium	Caryophyllaceae;Cerastium	Caryophyllaceae;Cerastium	Caryophyllaceae;Cerastium	Cyperaceae;Carex	Caryophyllaceae;Cerastium
P001_WF04_00013 	Caryophyllaceae;Silene	Caryophyllaceae;Silene	Caryophyllaceae;Silene	Caryophyllaceae;Silene	Caryophyllaceae;Viscaria	Caryophyllaceae;Silene
P001_WF04_00014 	Caryophyllaceae;Silene	Caryophyllaceae;Silene	Caryophyllaceae;Viscaria	Caryophyllaceae;Silene	Caryophyllaceae;Silene	Caryophyllaceae;Silene
P001_WF05_00060 	Asteraceae;Antennaria	Asteraceae;Antennaria	Asteraceae;Antennaria	Poaceae;Festuca	Asteraceae;Antennaria	Asteraceae;Omalotheca
P001_WF05_00061 	Asteraceae;Antennaria	Asteraceae;Anaphalis	Asteraceae;Antennaria	Asteraceae;Antennaria	Poaceae;Festuca	Asteraceae;Antennaria
P001_WF06_00043 	Orobanchaceae;Euphrasia	Orobanchaceae;Euphrasia	Brassicaceae;Arabis	Salicaceae;Salix	Orobanchaceae;Euphrasia	Orobanchaceae;Euphrasia
P001_WF06_00044 	Orobanchaceae;Euphrasia	Orobanchaceae;Euphrasia	Brassicaceae;Arabis	Salicaceae;Salix	Orobanchaceae;Euphrasia	Orobanchaceae;Euphrasia
P001_WF06_00187 	Orobanchaceae;Euphrasia	Poaceae;Lygeum	Poaceae;Sesleria	Poaceae;Festuca	Poaceae;Poa	Poaceae;Poa
P001_WF06_00189 	Orobanchaceae;Euphrasia	Poaceae;Festuca	Poaceae;Festuca	Poaceae;Festuca	Asteraceae;Cirsium	Poaceae;Festuca
P001_WF07_00057 	Poaceae;Festuca	Poaceae;Festuca	Poaceae;Hyalopoa	Poaceae;Festuca	Poaceae;Sesleria	Poaceae;Poa
P001_WF07_00058 	Poaceae;Festuca	Poaceae;Festuca	Poaceae;Festuca	Poaceae;Festuca	Asteraceae;Cirsium	Poaceae;Festuca
P001_WF08_00104 	Orchidaceae;Coeloglossum	Orchidaceae;Dactylorhiza	Tofieldiaceae;Tofieldia	Saxifragaceae;Saxifraga	Saxifragaceae;Saxifraga	Ranunculaceae;Ranunculus
P001_WF08_00105 	Orchidaceae;Coeloglossum	Orchidaceae;Dactylorhiza	Tofieldiaceae;Tofieldia	Liliaceae;Fritillaria	Poaceae;Nardus	Poaceae;Helictotrichon
P001_WF09_00047 	Gentianaceae;Gentiana	Gentianaceae;Gentiana	Gentianaceae;Gentiana	Gentianaceae;Gentiana	Gentianaceae;Gentiana	Gentianaceae;Gentianella
P001_WF09_00048 	Gentianaceae;Gentiana	Gentianaceae;Gentiana	Gentianaceae;Gentiana	Gentianaceae;Gentiana	Gentianaceae;Gentiana	Gentianaceae;Gentianella
P001_WF11_00011 	Apiaceae;Seseli	Apiaceae;Angelica	Crassulaceae;Sedum	Apiaceae;Peucedanum	Apiaceae;Ligusticum	Apiaceae;Carum
P001_WF11_00012 	Apiaceae;Seseli	Apiaceae;Glehnia	Apiaceae;Peucedanum	Apiaceae;Ligusticum	Apiaceae;Carum	Apiaceae;Tilingia
P001_WF12_00049 	Geraniaceae;Geranium	Geraniaceae;Geranium	Geraniaceae;Geranium	Geraniaceae;Geranium	Papaveraceae;Papaver	Saxifragaceae;Saxifraga
P001_WF12_00050 	Geraniaceae;Geranium	Geraniaceae;Geranium	Geraniaceae;Geranium	Cyperaceae;Carex	Plantaginaceae;Pennellianthus	Lentibulariaceae;Pinguicula
P001_WF12_00109 	Geraniaceae;Geranium	Geraniaceae;Geranium	Geraniaceae;Geranium	Geraniaceae;Geranium	Geraniaceae;Geranium	Saxifragaceae;Saxifraga
P001_WG01_00079 	Ranunculaceae;Thalictrum	Ranunculaceae;Aconitum	Ranunculaceae;Pulsatilla	Ranunculaceae;Trollius	Ranunculaceae;Aconitum	Cyperaceae;Carex
P001_WG01_00080 	Ranunculaceae;Thalictrum	Ranunculaceae;Thalictrum	Cyperaceae;Carex	Selaginellaceae;Selaginella	Ranunculaceae;Trollius	Cyperaceae;Carex
P001_WG02_00123 	Cyperaceae;Carex	Ranunculaceae;Aconitum	Ranunculaceae;Pulsatilla	Ranunculaceae;Trollius	Ranunculaceae;Aconitum	Cyperaceae;Carex
P001_WG02_00124 	Cyperaceae;Carex	Ranunculaceae;Thalictrum	Cyperaceae;Carex	Selaginellaceae;Selaginella	Ranunculaceae;Trollius	Cyperaceae;Carex
P001_WG02_00271 	Cyperaceae;Carex	Cyperaceae;Carex	Cyperaceae;Carex	Cyperaceae;Carex	Cyperaceae;Carex	Cyperaceae;Carex
P001_WG02_00273 	Cyperaceae;Carex	Cyperaceae;Carex	Cyperaceae;Carex	Cyperaceae;Carex	Cyperaceae;Carex	Cyperaceae;Carex
P001_WG02_00293 	Cyperaceae;Carex	Cyperaceae;Carex	Cyperaceae;Carex	Cyperaceae;Carex	Polygonaceae;Oxyria	Asteraceae;Cirsium
P001_WG03_00084 	Selaginellaceae;Selaginella	Ranunculaceae;Thalictrum	Cyperaceae;Carex	Selaginellaceae;Selaginella	Ranunculaceae;Trollius	Cyperaceae;Carex
P001_WG03_00142 	Selaginellaceae;Selaginella	Cyperaceae;Carex	Equisetaceae;Equisetum	Cyperaceae;Carex	Cyperaceae;Carex	Cyperaceae;Carex
P001_WG03_00143 	Selaginellaceae;Selaginella	Cyperaceae;Carex	Selaginellaceae;Selaginella	Cyperaceae;Carex	Cyperaceae;Carex	Cyperaceae;Carex
P001_WG03_00207 	Selaginellaceae;Selaginella	Caryophyllaceae;Cerastium	Caryophyllaceae;Cerastium	Caryophyllaceae;Cerastium	Cyperaceae;Carex	Caryophyllaceae;Cerastium
P001_WG03_00208 	Selaginellaceae;Selaginella	Caryophyllaceae;Cerastium	Caryophyllaceae;Cerastium	Caryophyllaceae;Cerastium	Cyperaceae;Carex	Caryophyllaceae;Cerastium
P001_WG03_00240 	Selaginellaceae;Selaginella	Celastraceae;Parnassia	Celastraceae;Parnassia	Betulaceae;Betula	Saxifragaceae;Saxifraga	Saxifragaceae;Saxifraga
P001_WG04_00103 	Cyperaceae;Carex	Cyperaceae;Carex	Cyperaceae;Carex	Cyperaceae;Carex	Cyperaceae;Carex	Cyperaceae;Carex
P001_WG04_00105 	Cyperaceae;Carex	Cyperaceae;Carex	Cyperaceae;Carex	Cyperaceae;Carex	Cyperaceae;Carex	Cyperaceae;Carex
P001_WG05_00071 	Caryophyllaceae;Viscaria	Caryophyllaceae;Silene	Caryophyllaceae;Silene	Caryophyllaceae;Silene	Caryophyllaceae;Silene	Caryophyllaceae;Silene
P001_WG05_00072 	Caryophyllaceae;Viscaria	Caryophyllaceae;Silene	Caryophyllaceae;Silene	Caryophyllaceae;Silene	Caryophyllaceae;Silene	Caryophyllaceae;Silene
P001_WG06_00093 	Saxifragaceae;Saxifraga	Saxifragaceae;Saxifraga	Saxifragaceae;Saxifraga	Saxifragaceae;Saxifraga	Saxifragaceae;Saxifraga	Salicaceae;Salix
P001_WG06_00095 	Saxifragaceae;Saxifraga	Saxifragaceae;Bergenia	Saxifragaceae;Saxifraga	Saxifragaceae;Saxifraga	Salicaceae;Salix	Saxifragaceae;Saxifraga
P001_WG07_00010 	Gentianaceae;Gentianella	Gentianaceae;Swertia	Gentianaceae;Gentianella	Gentianaceae;Gentiana	Gentianaceae;Gentiana	Gentianaceae;Gentiana
P001_WG07_00011 	Gentianaceae;Gentianella	Gentianaceae;Swertia	Gentianaceae;Gentianella	Gentianaceae;Gentiana	Gentianaceae;Gentiana	Gentianaceae;Gentiana
P001_WG08_00086 	Asteraceae;Anthemis	Asteraceae;Leucanthemella	Asteraceae;Anthemis	Asteraceae;Artemisia	Asteraceae;Achillea	Asteraceae;Matricaria
P001_WG08_00087 	Asteraceae;Anthemis	Asteraceae;Tanacetum	Asteraceae;Anthemis	Asteraceae;Anthemis	Asteraceae;Leucanthemum	Asteraceae;Achillea
P001_WG10_00099 	Asteraceae;Taraxacum	Asteraceae;Taraxacum	Asteraceae;Taraxacum	Asteraceae;Leontodon	Asteraceae;Taraxacum	Asteraceae;Taraxacum
P001_WG10_00100 	Asteraceae;Taraxacum	Asteraceae;Taraxacum	Asteraceae;Hieracium	Asteraceae;Saussurea	Asteraceae;Hieracium	Asteraceae;Taraxacum
P001_WG11_00037 	Liliaceae;Gagea	Liliaceae;Gagea	Caryophyllaceae;Cerastium	Boraginaceae;Myosotis	Liliaceae;Fritillaria	Fabaceae;Astragalus
P001_WG11_00113 	Liliaceae;Gagea	Liliaceae;Gagea	Liliaceae;Fritillaria	Tofieldiaceae;Tofieldia	Brassicaceae;Draba	Papaveraceae;Papaver
P001_WG12_00044 	Poaceae;Catabrosella	Poaceae;Catapodium	Poaceae;Hyalopoa	Poaceae;Festuca	Poaceae;Sesleria	Poaceae;Poa
P001_WG12_00045 	Poaceae;Catabrosella	Poaceae;Gaudinopsis	Poaceae;Arctophila	Poaceae;Dupontia	Poaceae;Arctagrostis	Poaceae;Poa
P001_WH02_00089 	Salicaceae;Salix	Salicaceae;Salix	Salicaceae;Salix	Salicaceae;Salix	Salicaceae;Salix	Salicaceae;Salix
P001_WH02_00091 	Salicaceae;Salix	Salicaceae;Salix	Salicaceae;Salix	Salicaceae;Salix	Salicaceae;Salix	Salicaceae;Salix
P001_WH02_00092 	Salicaceae;Salix	Salicaceae;Salix	Salicaceae;Salix	Salicaceae;Salix	Salicaceae;Salix	Salicaceae;Salix
P001_WH02_00094 	Salicaceae;Salix	Salicaceae;Salix	Salicaceae;Salix	Salicaceae;Salix	Salicaceae;Salix	Salicaceae;Salix
P001_WH03_00119 	Cyperaceae;Eriophorum	Cyperaceae;Carex	Cyperaceae;Eriophorum	Cyperaceae;Eriophorum	Asteraceae;Antennaria	Cyperaceae;Eriophorum
P001_WH03_00121 	Cyperaceae;Eriophorum	Cyperaceae;Carex	Cyperaceae;Eriophorum	Cyperaceae;Eriophorum	Cyperaceae;Eriophorum	Cyperaceae;Eriophorum
P001_WH04_00083 	Saxifragaceae;Saxifraga	Saxifragaceae;Saxifraga	Salicaceae;Salix	Salicaceae;Salix	Salicaceae;Salix	Salicaceae;Salix
P001_WH04_00085 	Saxifragaceae;Saxifraga	Saxifragaceae;Saxifraga	Salicaceae;Salix	Saxifragaceae;Saxifraga	Saxifragaceae;Saxifraga	Saxifragaceae;Saxifraga
P001_WH05_00071 	Plantaginaceae;Veronica	Plantaginaceae;Veronica	Plantaginaceae;Veronica	Plantaginaceae;Veronica	Asteraceae;Cirsium	Fabaceae;Hedysarum
P001_WH05_00072 	Plantaginaceae;Veronica	Plantaginaceae;Neopicrorhiza	Plantaginaceae;Veronica	Plantaginaceae;Veronica	Asteraceae;Cirsium	Fabaceae;Hedysarum
P001_WH06_00081 	Poaceae;Trisetum	Poaceae;Avena	Poaceae;Trisetum	Poaceae;Sesleria	Poaceae;Poa	Poaceae;Calamagrostis
P001_WH06_00083 	Poaceae;Trisetum	Poaceae;Alopecurus	Poaceae;Poa	Poaceae;Trisetum	Poaceae;Poa	Poaceae;Arctagrostis
P001_WH07_00106 	Asteraceae;Scorzonera	Asteraceae;Stebbinsia	Asteraceae;Leontodon	Asteraceae;Taraxacum	Asteraceae;Taraxacum	Asteraceae;Taraxacum
P001_WH07_00107 	Asteraceae;Scorzonera	Asteraceae;Taraxacum	Asteraceae;Hieracium	Asteraceae;Saussurea	Asteraceae;Hieracium	Asteraceae;Taraxacum
P001_WH08_00058 	Asteraceae;Anthemis	Asteraceae;Leucanthemella	Asteraceae;Anthemis	Asteraceae;Matricaria	Asteraceae;Artemisia	Asteraceae;Achillea
P001_WH08_00059 	Asteraceae;Anthemis	Asteraceae;Tanacetum	Asteraceae;Anthemis	Asteraceae;Anthemis	Asteraceae;Leucanthemum	Asteraceae;Achillea
P001_WH09_00051 	Primulaceae;Primula	Primulaceae;Primula	Primulaceae;Primula	Primulaceae;Primula	Primulaceae;Primula	Primulaceae;Primula
P001_WH09_00052 	Primulaceae;Primula	Primulaceae;Primula	Primulaceae;Primula	Primulaceae;Primula	Primulaceae;Primula	Primulaceae;Primula
P001_WH10_00064 	Hypericaceae;Hypericum	Heteromyidae;Dipodomys	Violaceae;Viola	Violaceae;Viola	Cyperaceae;Carex	Rosaceae;Dryas
P001_WH10_00067 	Hypericaceae;Hypericum	Hypericaceae;Hypericum	Ranunculaceae;Pulsatilla	Ranunculaceae;Trollius	Ranunculaceae;Aconitum	Cyperaceae;Carex
P001_WH11_00072 	Asteraceae;Erigeron	Asteraceae;Conyza	Asteraceae;Erigeron	Asteraceae;Erigeron	Asteraceae;Solidago	Asteraceae;Aster
P001_WH11_00073 	Asteraceae;Erigeron	Asteraceae;Erigeron	Asteraceae;Erigeron	Asteraceae;Erigeron	Asteraceae;Solidago	Asteraceae;Aster
P001_WH12_00044 	Asteraceae;Hieracium	Asteraceae;Taraxacum	Asteraceae;Hieracium	Asteraceae;Saussurea	Asteraceae;Hieracium	Asteraceae;Taraxacum
P001_WH12_00045 	Asteraceae;Hieracium	Asteraceae;Sonchus	Asteraceae;Hieracium	Asteraceae;Hieracium	Asteraceae;Hieracium	Asteraceae;Taraxacum
P001_WH12_00088 	Asteraceae;Hieracium	Asteraceae;Sonchus	Asteraceae;Hieracium	Asteraceae;Hieracium	Asteraceae;Hieracium	Asteraceae;Taraxacum
P001_WH12_00089 	Asteraceae;Hieracium	Asteraceae;Taraxacum	Asteraceae;Hieracium	Asteraceae;Saussurea	Asteraceae;Hieracium	Asteraceae;Taraxacum
P002_WA01_00065 	Poaceae;Hyalopoa	Poaceae;Zingeria	Poaceae;Festuca	Poaceae;Sesleria	Poaceae;Poa	Saxifragaceae;Saxifraga
P002_WA01_00067 	Poaceae;Hyalopoa	Poaceae;Phippsia	Poaceae;Arctophila	Poaceae;Dupontia	Poaceae;Arctagrostis	Poaceae;Poa
P002_WA02_00019 	Fabaceae;Trifolium	Fabaceae;Medicago	Fabaceae;Trifolium	Fabaceae;Hedysarum	Fabaceae;Astragalus	Fabaceae;Astragalus
P002_WA02_00021 	Fabaceae;Trifolium	Fabaceae;Trifolium	Fabaceae;Trifolium	Fabaceae;Astragalus	Fabaceae;Astragalus	Fabaceae;Hedysarum
P002_WA03_00027 	Poaceae;Festuca	Poaceae;Lygeum	Poaceae;Sesleria	Poaceae;Festuca	Poaceae;Poa	Poaceae;Poa
P002_WA03_00029 	Poaceae;Festuca	Poaceae;Festuca	Poaceae;Festuca	Cyperaceae;Carex	Poaceae;Festuca	Poaceae;Festuca
P002_WA04_00088 	Apiaceae;Carum	Apiaceae;Carum	Apiaceae;Carum	Apiaceae;Peucedanum	Apiaceae;Tilingia	Apiaceae;Ligusticum
P002_WA04_00089 	Apiaceae;Carum	Apiaceae;Carum	Apiaceae;Carum	Crassulaceae;Sedum	Apiaceae;Peucedanum	Apiaceae;Ligusticum
P002_WA05_00085 	Gentianaceae;Gentiana	Gentianaceae;Gentiana	Gentianaceae;Gentiana	Gentianaceae;Gentiana	Gentianaceae;Gentiana	Gentianaceae;Gentiana
P002_WA05_00086 	Gentianaceae;Gentiana	Gentianaceae;Gentiana	Gentianaceae;Gentiana	Gentianaceae;Gentiana	Gentianaceae;Gentiana	Gentianaceae;Gentiana
P002_WA06_00095 	Apiaceae;Peucedanum	Apiaceae;Glehnia	Apiaceae;Peucedanum	Apiaceae;Ligusticum	Apiaceae;Carum	Apiaceae;Tilingia
P002_WA06_00096 	Apiaceae;Peucedanum	Apiaceae;Angelica	Apiaceae;Seseli	Apiaceae;Ligusticum	Crassulaceae;Sedum	Apiaceae;Carum
P002_WA07_00063 	Ericaceae;Harrimanella	Ericaceae;Vaccinium	Ericaceae;Harrimanella	Ericaceae;Vaccinium	Ericaceae;Vaccinium	Ericaceae;Vaccinium
P002_WA07_00065 	Ericaceae;Harrimanella	Ericaceae;Rhododendron	Ericaceae;Harrimanella	Ericaceae;Rhododendron	Ericaceae;Rhododendron	Ericaceae;Andromeda
P002_WA08_00048 	Poaceae;Poa	Poaceae;Lygeum	Poaceae;Sesleria	Poaceae;Festuca	Poaceae;Poa	Poaceae;Poa
P002_WA08_00049 	Poaceae;Poa	Poaceae;Poa	Poaceae;Poa	Poaceae;Poa	Poaceae;Poa	Poaceae;Poa
P002_WA09_00084 	Rosaceae;Dryas	Rosaceae;Dryas	Rosaceae;Dryas	Rosaceae;Dryas	Fabaceae;Trifolium	Saxifragaceae;Saxifraga
P002_WA09_00085 	Rosaceae;Dryas	Rosaceae;Dryas	Rosaceae;Dryas	Cyperaceae;Carex	Rosaceae;Dryas	Rosaceae;Rubus
P002_WA10_00060 	Ericaceae;Rhododendron	Ericaceae;Rhododendron	Ericaceae;Rhododendron	Ericaceae;Rhododendron	Ericaceae;Rhododendron	Ericaceae;Rhododendron
P002_WA10_00061 	Ericaceae;Rhododendron	Ericaceae;Rhododendron	Ericaceae;Rhododendron	Ericaceae;Rhododendron	Ericaceae;Rhododendron	Ericaceae;Rhododendron
P002_WB01_00046 	Apiaceae;Chaerophyllum	Apiaceae;Ferula	Apiaceae;Tilingia	Apiaceae;Seseli	Apiaceae;Peucedanum	Apiaceae;Ligusticum
P002_WB01_00047 	Apiaceae;Chaerophyllum	Apiaceae;Peucedanum	Apiaceae;Tilingia	Apiaceae;Carum	Apiaceae;Peucedanum	Apiaceae;Ligusticum
P002_WB02_00059 	Primulaceae;Primula	Primulaceae;Primula	Primulaceae;Primula	Primulaceae;Primula	Primulaceae;Primula	Primulaceae;Primula
P002_WB02_00060 	Primulaceae;Primula	Primulaceae;Primula	Primulaceae;Primula	Primulaceae;Primula	Primulaceae;Primula	Primulaceae;Primula
P002_WB03_00011 	Caryophyllaceae;Arenaria	Caryophyllaceae;Dianthus	Caryophyllaceae;Dianthus	Ranunculaceae;Ranunculus	Cyperaceae;Carex	Caryophyllaceae;Cerastium
P002_WB03_00012 	Caryophyllaceae;Arenaria	Caryophyllaceae;Dianthus	Caryophyllaceae;Minuartia	Caryophyllaceae;Minuartia	Caryophyllaceae;Dianthus	Ranunculaceae;Ranunculus
P002_WB04_00033 	Poaceae;Helictotrichon	Poaceae;Lygeum	Poaceae;Sesleria	Poaceae;Festuca	Poaceae;Poa	Poaceae;Poa
P002_WB04_00035 	Poaceae;Helictotrichon	Poaceae;Helictochloa	Poaceae;Dupontia	Poaceae;Arctagrostis	Poaceae;Festuca	Cyperaceae;Carex
P002_WB05_00110 	Orobanchaceae;Pedicularis	Orobanchaceae;Castilleja	Orobanchaceae;Pedicularis	Onagraceae;Epilobium	Orobanchaceae;Pedicularis	Orobanchaceae;Pedicularis
P002_WB05_00111 	Orobanchaceae;Pedicularis	Orobanchaceae;Pedicularis	Orobanchaceae;Pedicularis	Orobanchaceae;Pedicularis	Orobanchaceae;Pedicularis	Orobanchaceae;Pedicularis
P002_WB08_00036 	Poaceae;Poa	Poaceae;Lygeum	Poaceae;Sesleria	Poaceae;Festuca	Poaceae;Poa	Poaceae;Poa
P002_WB08_00037 	Poaceae;Poa	Poaceae;Poa	Poaceae;Poa	Poaceae;Poa	Poaceae;Poa	Poaceae;Poa
P002_WB09_00106 	Salicaceae;Salix	Salicaceae;Salix	Salicaceae;Salix	Salicaceae;Salix	Salicaceae;Salix	Salicaceae;Salix
P002_WB09_00108 	Salicaceae;Salix	Salicaceae;Salix	Salicaceae;Salix	Salicaceae;Salix	Salicaceae;Salix	Salicaceae;Salix
P002_WB10_00059 	Caryophyllaceae;Stellaria	Caryophyllaceae;Pseudostellaria	Caryophyllaceae;Stellaria	Caryophyllaceae;Cerastium	Cyperaceae;Carex	Caryophyllaceae;Cerastium
P002_WB10_00061 	Caryophyllaceae;Stellaria	Caryophyllaceae;Pseudostellaria	Caryophyllaceae;Stellaria	Caryophyllaceae;Cerastium	Cyperaceae;Carex	Caryophyllaceae;Cerastium
P002_WB11_00012 	Orobanchaceae;Pedicularis	Orobanchaceae;Pedicularis	Orobanchaceae;Pedicularis	Orobanchaceae;Pedicularis	Orobanchaceae;Pedicularis	Orobanchaceae;Pedicularis
P002_WB11_00014 	Orobanchaceae;Pedicularis	Orobanchaceae;Castilleja	Orobanchaceae;Pedicularis	Onagraceae;Epilobium	Orobanchaceae;Pedicularis	Orobanchaceae;Pedicularis
P002_WB12_00025 	Saxifragaceae;Chrysosplenium	Saxifragaceae;Chrysosplenium	Saxifragaceae;Saxifraga	Salicaceae;Salix	Saxifragaceae;Saxifraga	Saxifragaceae;Saxifraga
P002_WB12_00028 	Saxifragaceae;Chrysosplenium	Saxifragaceae;Chrysosplenium	Brassicaceae;Draba	Saxifragaceae;Saxifraga	Saxifragaceae;Saxifraga	Saxifragaceae;Saxifraga
P002_WC01_00005 	Rosaceae;Potentilla	Orobanchaceae;Pedicularis	Orobanchaceae;Pedicularis	Orobanchaceae;Pedicularis	Orobanchaceae;Pedicularis	Orobanchaceae;Pedicularis
P002_WC01_00007 	Rosaceae;Potentilla	Orobanchaceae;Castilleja	Orobanchaceae;Pedicularis	Onagraceae;Epilobium	Orobanchaceae;Pedicularis	Orobanchaceae;Pedicularis
P002_WC01_00144 	Rosaceae;Potentilla	Rosaceae;Potentilla	Orobanchaceae;Pedicularis	Rosaceae;Potentilla	Rosaceae;Potentilla	Rosaceae;Potentilla
P002_WC03_00092 	Orobanchaceae;Euphrasia	Orobanchaceae;Euphrasia	Brassicaceae;Arabis	Salicaceae;Salix	Orobanchaceae;Euphrasia	Orobanchaceae;Euphrasia
P002_WC03_00093 	Orobanchaceae;Euphrasia	Orobanchaceae;Euphrasia	Brassicaceae;Arabis	Salicaceae;Salix	Orobanchaceae;Euphrasia	Orobanchaceae;Euphrasia
P002_WC04_00022 	Asteraceae;Aster	Asteraceae;Pityopsis	Juncaceae;Luzula	Asteraceae;Solidago	Asteraceae;Aster	Asteraceae;Taraxacum
P002_WC04_00023 	Asteraceae;Aster	Asteraceae;Aster	Juncaceae;Luzula	Asteraceae;Solidago	Asteraceae;Aster	Asteraceae;Erigeron
P002_WC05_00094 	Apiaceae;Tilingia	Apiaceae;Ostericum	Apiaceae;Chaerophyllum	Apiaceae;Seseli	Apiaceae;Peucedanum	Apiaceae;Ligusticum
P002_WC05_00095 	Apiaceae;Tilingia	Apiaceae;Peucedanum	Apiaceae;Chaerophyllum	Apiaceae;Carum	Apiaceae;Peucedanum	Apiaceae;Ligusticum
P002_WC06_00099 	Juncaceae;Luzula	Juncaceae;Juncus	Juncaceae;Luzula	Juncaceae;Luzula	Juncaceae;Luzula	Cyperaceae;Carex
P002_WC06_00102 	Juncaceae;Luzula	Juncaceae;Juncus	Juncaceae;Luzula	Juncaceae;Luzula	Juncaceae;Luzula	Juncaceae;Luzula
P002_WC07_00061 	Ericaceae;Rhododendron	Ericaceae;Rhododendron	Ericaceae;Rhododendron	Ericaceae;Rhododendron	Ericaceae;Rhododendron	Ericaceae;Rhododendron
P002_WC07_00062 	Ericaceae;Rhododendron	Ericaceae;Rhododendron	Ericaceae;Rhododendron	Ericaceae;Rhododendron	Ericaceae;Rhododendron	Ericaceae;Rhododendron
P002_WC08_00041 	Brassicaceae;Cardamine	Brassicaceae;Cardamine	Brassicaceae;Cardamine	Brassicaceae;Cardamine	Asteraceae;Taraxacum	Brassicaceae;Arabis
P002_WC08_00042 	Brassicaceae;Cardamine	Brassicaceae;Arabidopsis	Brassicaceae;Cardamine	Brassicaceae;Draba	Brassicaceae;Draba	Brassicaceae;Arabis
P002_WC09_00041 	Fabaceae;Astragalus	Fabaceae;Astragalus	Fabaceae;Astragalus	Fabaceae;Oxytropis	Fabaceae;Oxytropis	Fabaceae;Oxytropis
P002_WC09_00043 	Fabaceae;Astragalus	Fabaceae;Astragalus	Fabaceae;Astragalus	Fabaceae;Hedysarum	Fabaceae;Trifolium	Fabaceae;Trifolium
P002_WC10_00015 	Polygonaceae;Persicaria	Polygonaceae;Bistorta	Polygonaceae;Bistorta	Polygonaceae;Bistorta	Polygonaceae;Polygonum	Orobanchaceae;Pedicularis
P002_WC10_00074 	Polygonaceae;Persicaria	Polygonaceae;Bistorta	Polygonaceae;Polygonum	Polygonaceae;Bistorta	Polygonaceae;Rumex	Cyperaceae;Carex
P002_WC11_00104 	Caryophyllaceae;Minuartia	Caryophyllaceae;Dianthus	Caryophyllaceae;Minuartia	Caryophyllaceae;Minuartia	Caryophyllaceae;Dianthus	Ranunculaceae;Ranunculus
P002_WC11_00106 	Caryophyllaceae;Minuartia	Caryophyllaceae;Pseudostellaria	Caryophyllaceae;Minuartia	Caryophyllaceae;Minuartia	Cyperaceae;Carex	Caryophyllaceae;Cerastium
P002_WC12_00099 	Cyperaceae;Eriophorum	Cyperaceae;Carex	Cyperaceae;Eriophorum	Cyperaceae;Eriophorum	Cyperaceae;Eriophorum	Cyperaceae;Eriophorum
P002_WC12_00101 	Cyperaceae;Eriophorum	Cyperaceae;Carex	Cyperaceae;Eriophorum	Cyperaceae;Eriophorum	Asteraceae;Antennaria	Cyperaceae;Eriophorum
P002_WD01_00069 	Orobanchaceae;Pedicularis	Rosaceae;Potentilla	Orobanchaceae;Pedicularis	Rosaceae;Potentilla	Rosaceae;Potentilla	Rosaceae;Potentilla
P002_WD01_00148 	Orobanchaceae;Pedicularis	Orobanchaceae;Pedicularis	Orobanchaceae;Pedicularis	Orobanchaceae;Pedicularis	Orobanchaceae;Pedicularis	Orobanchaceae;Pedicularis
P002_WD01_00150 	Orobanchaceae;Pedicularis	Orobanchaceae;Castilleja	Orobanchaceae;Pedicularis	Onagraceae;Epilobium	Orobanchaceae;Pedicularis	Orobanchaceae;Pedicularis
P002_WD02_00013 	Violaceae;Viola	Violaceae;Viola	Salicaceae;Salix	Salicaceae;Salix	Salicaceae;Salix	Salicaceae;Salix
P002_WD02_00014 	Violaceae;Viola	Violaceae;Viola	Ranunculaceae;Pulsatilla	Ranunculaceae;Trollius	Ranunculaceae;Aconitum	Cyperaceae;Carex
P002_WD03_00091 	Asteraceae;Erigeron	Asteraceae;Erigeron	Asteraceae;Erigeron	Asteraceae;Erigeron	Asteraceae;Solidago	Asteraceae;Aster
P002_WD03_00092 	Asteraceae;Erigeron	Asteraceae;Conyza	Asteraceae;Erigeron	Asteraceae;Erigeron	Asteraceae;Solidago	Asteraceae;Aster
P002_WD05_00074 	Plantaginaceae;Pennellianthus	Oleaceae;Hesperelaea	Onagraceae;Epilobium	Orobanchaceae;Bartsia	Orobanchaceae;Pedicularis	Orobanchaceae;Pedicularis
P002_WD05_00075 	Plantaginaceae;Pennellianthus	Scrophulariaceae;Buddleja	Plantaginaceae;Veronica	Plantaginaceae;Veronica	Plantaginaceae;Veronica	Asteraceae;Cirsium
P002_WD06_00034 	Poaceae;Deschampsia	Poaceae;Agrostis	Poaceae;Agrostis	Poaceae;Calamagrostis	Poaceae;Calamagrostis	Poaceae;Calamagrostis
P002_WD06_00037 	Poaceae;Deschampsia	Poaceae;Agrostis	Poaceae;Agrostis	Poaceae;Calamagrostis	Poaceae;Calamagrostis	Poaceae;Calamagrostis
P002_WD07_00005 	Asteraceae;Saussurea	Asteraceae;Taraxacum	Asteraceae;Hieracium	Asteraceae;Saussurea	Asteraceae;Hieracium	Asteraceae;Taraxacum
P002_WD07_00007 	Asteraceae;Saussurea	Asteraceae;Saussurea	Asteraceae;Saussurea	Plantaginaceae;Veronica	Asteraceae;Cirsium	Asteraceae;Taraxacum
P002_WD09_00047 	Plumbaginaceae;Armeria	Plumbaginaceae;Limonium	Cyperaceae;Carex	Polygonaceae;Rumex	Polygonaceae;Rumex	Polygonaceae;Polygonum
P002_WD09_00048 	Plumbaginaceae;Armeria	Plumbaginaceae;Limonium	Caryophyllaceae;Cerastium	Boraginaceae;Myosotis	Plantaginaceae;Veronica	Asteraceae;Cirsium
P002_WD10_00098 	Salicaceae;Salix	Salicaceae;Salix	Salicaceae;Salix	Salicaceae;Salix	Salicaceae;Salix	Salicaceae;Salix
P002_WD10_00100 	Salicaceae;Salix	Salicaceae;Salix	Salicaceae;Salix	Salicaceae;Salix	Salicaceae;Salix	Salicaceae;Salix
P002_WD11_00029 	Poaceae;Hierochloe	Poaceae;Avena	Poaceae;Bromus	Poaceae;Trisetum	Poaceae;Hierochloe	Poaceae;Hierochloe
P002_WD11_00031 	Poaceae;Hierochloe	Poaceae;Hierochloe	Poaceae;Hierochloe	Poaceae;Arctophila	Poaceae;Dupontia	Poaceae;Arctagrostis
P002_WD12_00095 	Polygonaceae;Rumex	Polygonaceae;Rheum	Polygonaceae;Rumex	Polygonaceae;Rumex	Polygonaceae;Polygonum	Cyperaceae;Carex
P002_WD12_00098 	Polygonaceae;Rumex	Polygonaceae;Rumex	Polygonaceae;Rumex	Polygonaceae;Rumex	Cyperaceae;Carex	Polygonaceae;Polygonum
P002_WE01_00074 	Asteraceae;Centaurea	Asteraceae;Carthamus	Poaceae;Calamagrostis	Asteraceae;Cirsium	Asteraceae;Saussurea	Asteraceae;Petasites
P002_WE01_00075 	Asteraceae;Centaurea	Asteraceae;Taraxacum	Asteraceae;Hieracium	Asteraceae;Saussurea	Asteraceae;Hieracium	Asteraceae;Taraxacum
P002_WE02_00034 	Plantaginaceae;Plantago	Plantaginaceae;Plantago	Plantaginaceae;Veronica	Fabaceae;Hedysarum	Lamiaceae;Betonica	Plantaginaceae;Veronica
P002_WE02_00035 	Plantaginaceae;Plantago	Plantaginaceae;Plantago	Plantaginaceae;Veronica	Caryophyllaceae;Cerastium	Boraginaceae;Myosotis	Fabaceae;Hedysarum
P002_WE03_00022 	Ranunculaceae;Ranunculus	Ranunculaceae;Ranunculus	Caryophyllaceae;Dianthus	Ranunculaceae;Ranunculus	Brassicaceae;Arabis	Ranunculaceae;Ranunculus
P002_WE03_00023 	Ranunculaceae;Ranunculus	Ranunculaceae;Ranunculus	Ranunculaceae;Ranunculus	Caryophyllaceae;Dianthus	Ranunculaceae;Ranunculus	Cyperaceae;Carex
P002_WE04_00078 	Ranunculaceae;Anemone	Ranunculaceae;Anemone	Ranunculaceae;Anemone	Ranunculaceae;Trollius	Ranunculaceae;Aconitum	Cyperaceae;Carex
P002_WE04_00079 	Ranunculaceae;Anemone	Ranunculaceae;Anemone	Ranunculaceae;Anemone	Ranunculaceae;Pulsatilla	Ranunculaceae;Aconitum	Cyperaceae;Carex
P002_WE05_00043 	Campanulaceae;Campanula	Campanulaceae;Campanula	Campanulaceae;Campanula	Campanulaceae;Campanula	Asteraceae;Gnaphalium	Campanulaceae;Campanula
P002_WE05_00045 	Campanulaceae;Campanula	Campanulaceae;Campanula	Campanulaceae;Campanula	Campanulaceae;Campanula	Campanulaceae;Campanula	Campanulaceae;Campanula
P002_WE06_00072 	Caprifoliaceae;Patrinia	Caprifoliaceae;Kolkwitzia	Asteraceae;Hieracium	Asteraceae;Saussurea	Asteraceae;Hieracium	Asteraceae;Taraxacum
P002_WE06_00073 	Caprifoliaceae;Patrinia	Caprifoliaceae;Patrinia	Caprifoliaceae;Scabiosa	Asteraceae;Saussurea	Asteraceae;Saussurea	Plantaginaceae;Pennellianthus
P002_WE07_00136 	Rosaceae;Spiraea	Rosaceae;Spiraea	Rosaceae;Dryas	Rosaceae;Dryas	Cyperaceae;Carex	Rosaceae;Dryas
P002_WE07_00159 	Rosaceae;Spiraea	Caryophyllaceae;Colobanthus	Caryophyllaceae;Minuartia	Caryophyllaceae;Sagina	Caryophyllaceae;Silene	Caryophyllaceae;Minuartia
P002_WE07_00161 	Rosaceae;Spiraea	Caryophyllaceae;Colobanthus	Caryophyllaceae;Minuartia	Caryophyllaceae;Sagina	Caryophyllaceae;Minuartia	Ranunculaceae;Ranunculus
P002_WE08_00073 	Poaceae;Alopecurus	Poaceae;Alopecurus	Poaceae;Hyalopoa	Poaceae;Festuca	Poaceae;Sesleria	Poaceae;Poa
P002_WE08_00075 	Poaceae;Alopecurus	Poaceae;Alopecurus	Poaceae;Alopecurus	Poaceae;Alopecurus	Poaceae;Dupontia	Poaceae;Arctagrostis
P002_WE09_00081 	Betulaceae;Betula	Betulaceae;Betula	Cupressaceae;Juniperus	Rosaceae;Dryas	Cyperaceae;Carex	Rosaceae;Dryas
P002_WE09_00084 	Betulaceae;Betula	Betulaceae;Betula	Betulaceae;Betula	Onagraceae;Epilobium	Salicaceae;Salix	Saxifragaceae;Saxifraga
P002_WE10_00065 	Saxifragaceae;Saxifraga	Saxifragaceae;Saxifraga	Saxifragaceae;Saxifraga	Saxifragaceae;Saxifraga	Saxifragaceae;Saxifraga	Salicaceae;Salix
P002_WE10_00066 	Saxifragaceae;Saxifraga	Saxifragaceae;Bergenia	Saxifragaceae;Saxifraga	Saxifragaceae;Saxifraga	Salicaceae;Salix	Saxifragaceae;Saxifraga
P002_WF01_00028 	Poaceae;Calamagrostis	Asteraceae;Taraxacum	Asteraceae;Hieracium	Asteraceae;Saussurea	Asteraceae;Hieracium	Asteraceae;Taraxacum
P002_WF01_00029 	Poaceae;Calamagrostis	Asteraceae;Carthamus	Poaceae;Calamagrostis	Asteraceae;Cirsium	Asteraceae;Saussurea	Asteraceae;Petasites
P002_WF01_00140 	Poaceae;Calamagrostis	Poaceae;Calamagrostis	Poaceae;Calamagrostis	Poaceae;Calamagrostis	Poaceae;Calamagrostis	Poaceae;Agrostis
P002_WF01_00142 	Poaceae;Calamagrostis	Poaceae;Agrostis	Poaceae;Calamagrostis	Poaceae;Calamagrostis	Poaceae;Calamagrostis	Poaceae;Calamagrostis
P002_WF02_00097 	Plantaginaceae;Veronica	Plantaginaceae;Veronica	Plantaginaceae;Plantago	Caryophyllaceae;Cerastium	Boraginaceae;Myosotis	Fabaceae;Hedysarum
P002_WF02_00098 	Plantaginaceae;Veronica	Plantaginaceae;Veronica	Fabaceae;Hedysarum	Plantaginaceae;Veronica	Plantaginaceae;Veronica	Asteraceae;Cirsium
P002_WF03_00084 	Caryophyllaceae;Minuartia	Caryophyllaceae;Dianthus	Caryophyllaceae;Minuartia	Caryophyllaceae;Minuartia	Caryophyllaceae;Dianthus	Ranunculaceae;Ranunculus
P002_WF03_00085 	Caryophyllaceae;Minuartia	Caryophyllaceae;Dianthus	Caryophyllaceae;Minuartia	Caryophyllaceae;Minuartia	Cyperaceae;Carex	Caryophyllaceae;Cerastium
P002_WF04_00091 	Orobanchaceae;Pedicularis	Orobanchaceae;Castilleja	Orobanchaceae;Pedicularis	Onagraceae;Epilobium	Orobanchaceae;Pedicularis	Orobanchaceae;Pedicularis
P002_WF04_00092 	Orobanchaceae;Pedicularis	Orobanchaceae;Pedicularis	Orobanchaceae;Pedicularis	Orobanchaceae;Pedicularis	Orobanchaceae;Pedicularis	Orobanchaceae;Pedicularis
P002_WF05_00036 	Ericaceae;Rhododendron	Ericaceae;Rhododendron	Ericaceae;Rhododendron	Ericaceae;Rhododendron	Ericaceae;Rhododendron	Ericaceae;Rhododendron
P002_WF05_00037 	Ericaceae;Rhododendron	Ericaceae;Rhododendron	Ericaceae;Rhododendron	Ericaceae;Rhododendron	Ericaceae;Rhododendron	Ericaceae;Rhododendron
P002_WF06_00035 	Ericaceae;Phyllodoce	Ericaceae;Rhododendron	Ericaceae;Kalmia	Ericaceae;Rhododendron	Ericaceae;Rhododendron	Ericaceae;Rhododendron
P002_WF06_00036 	Ericaceae;Phyllodoce	Ericaceae;Rhododendron	Ericaceae;Rhododendron	Ericaceae;Rhododendron	Ericaceae;Rhododendron	Ericaceae;Rhododendron
P002_WF07_00011 	Caryophyllaceae;Minuartia	Caryophyllaceae;Colobanthus	Caryophyllaceae;Minuartia	Caryophyllaceae;Sagina	Caryophyllaceae;Silene	Caryophyllaceae;Minuartia
P002_WF07_00013 	Caryophyllaceae;Minuartia	Caryophyllaceae;Colobanthus	Caryophyllaceae;Minuartia	Caryophyllaceae;Sagina	Caryophyllaceae;Minuartia	Ranunculaceae;Ranunculus
P002_WF09_00077 	Ericaceae;Pyrola	Ericaceae;Orthilia	Ericaceae;Pyrola	Ericaceae;Pyrola	Ericaceae;Pyrola	Ericaceae;Arctous
P002_WF09_00079 	Ericaceae;Pyrola	Ericaceae;Orthilia	Ericaceae;Pyrola	Ericaceae;Pyrola	Ericaceae;Pyrola	Ericaceae;Arctous
P002_WF11_00031 	Juncaceae;Luzula	Juncaceae;Juncus	Juncaceae;Luzula	Juncaceae;Luzula	Juncaceae;Luzula	Juncaceae;Luzula
P002_WF11_00034 	Juncaceae;Luzula	Juncaceae;Juncus	Juncaceae;Luzula	Juncaceae;Luzula	Juncaceae;Luzula	Cyperaceae;Carex
P002_WF12_00090 	Cyperaceae;Carex	Cyperaceae;Carex	Cyperaceae;Carex	Cyperaceae;Carex	Cyperaceae;Carex	Cyperaceae;Carex
P002_WF12_00091 	Cyperaceae;Carex	Cyperaceae;Carex	Cyperaceae;Carex	Cyperaceae;Carex	Cyperaceae;Carex	Cyperaceae;Carex
P002_WG02_00140 	Fabaceae;Hedysarum	Plantaginaceae;Veronica	Fabaceae;Hedysarum	Plantaginaceae;Veronica	Plantaginaceae;Veronica	Asteraceae;Cirsium
P002_WG02_00141 	Fabaceae;Hedysarum	Plantaginaceae;Veronica	Fabaceae;Hedysarum	Plantaginaceae;Veronica	Plantaginaceae;Veronica	Asteraceae;Cirsium
P002_WG02_00184 	Fabaceae;Hedysarum	Fabaceae;Hedysarum	Fabaceae;Hedysarum	Fabaceae;Astragalus	Fabaceae;Astragalus	Fabaceae;Trifolium
P002_WG02_00185 	Fabaceae;Hedysarum	Fabaceae;Hedysarum	Fabaceae;Hedysarum	Fabaceae;Astragalus	Fabaceae;Astragalus	Fabaceae;Trifolium
P002_WG03_00010 	Liliaceae;Fritillaria	Liliaceae;Fritillaria	Liliaceae;Gagea	Tofieldiaceae;Tofieldia	Orchidaceae;Coeloglossum	Rosaceae;Spiraea
P002_WG03_00011 	Liliaceae;Fritillaria	Liliaceae;Fritillaria	Liliaceae;Gagea	Ranunculaceae;Anemone	Ranunculaceae;Anemone	Lentibulariaceae;Pinguicula
P002_WG05_00091 	Poaceae;Calamagrostis	Poaceae;Agrostis	Poaceae;Calamagrostis	Poaceae;Calamagrostis	Poaceae;Calamagrostis	Poaceae;Calamagrostis
P002_WG05_00093 	Poaceae;Calamagrostis	Poaceae;Calamagrostis	Poaceae;Calamagrostis	Poaceae;Calamagrostis	Poaceae;Anthoxanthum	Poaceae;Trisetum
P002_WG06_00060 	Juncaceae;Juncus	Juncaceae;Juncus	Juncaceae;Juncus	Juncaceae;Luzula	Juncaceae;Luzula	Cyperaceae;Eriophorum
P002_WG06_00061 	Juncaceae;Juncus	Juncaceae;Juncus	Juncaceae;Juncus	Juncaceae;Juncus	Poaceae;Festuca	Asteraceae;Cirsium
P002_WG07_00118 	Cyperaceae;Carex	Cyperaceae;Carex	Asteraceae;Cirsium	Cyperaceae;Carex	Cyperaceae;Carex	Cyperaceae;Carex
P002_WG07_00119 	Cyperaceae;Carex	Cyperaceae;Carex	Cyperaceae;Carex	Cyperaceae;Carex	Cyperaceae;Carex	Cyperaceae;Carex
P002_WG08_00085 	Cyperaceae;Eriophorum	Cyperaceae;Carex	Cyperaceae;Eriophorum	Cyperaceae;Eriophorum	Cyperaceae;Eriophorum	Cyperaceae;Eriophorum
P002_WG08_00087 	Cyperaceae;Eriophorum	Cyperaceae;Carex	Cyperaceae;Eriophorum	Cyperaceae;Eriophorum	Asteraceae;Antennaria	Cyperaceae;Eriophorum
P002_WG09_00109 	Salicaceae;Salix	Salicaceae;Salix	Salicaceae;Salix	Salicaceae;Salix	Salicaceae;Salix	Salicaceae;Salix
P002_WG09_00111 	Salicaceae;Salix	Salicaceae;Salix	Salicaceae;Salix	Salicaceae;Salix	Salicaceae;Salix	Salicaceae;Salix
P002_WG10_00092 	Saxifragaceae;Saxifraga	Saxifragaceae;Bergenia	Saxifragaceae;Saxifraga	Brassicaceae;Draba	Saxifragaceae;Saxifraga	Saxifragaceae;Saxifraga
P002_WG10_00093 	Saxifragaceae;Saxifraga	Saxifragaceae;Micranthes	Saxifragaceae;Saxifraga	Brassicaceae;Draba	Saxifragaceae;Saxifraga	Saxifragaceae;Saxifraga
P002_WG11_00015 	Salicaceae;Salix	Salicaceae;Salix	Salicaceae;Salix	Salicaceae;Salix	Salicaceae;Salix	Salicaceae;Salix
P002_WG11_00017 	Salicaceae;Salix	Salicaceae;Salix	Salicaceae;Salix	Salicaceae;Salix	Salicaceae;Salix	Salicaceae;Salix
P002_WG12_00052 	Ericaceae;Vaccinium	Ericaceae;Vaccinium	Ericaceae;Vaccinium	Ericaceae;Vaccinium	Ericaceae;Pieris	Ericaceae;Harrimanella
P002_WG12_00054 	Ericaceae;Vaccinium	Ericaceae;Vaccinium	Ericaceae;Vaccinium	Ericaceae;Vaccinium	Ericaceae;Vaccinium	Ericaceae;Vaccinium
P002_WH01_00078 	Ranunculaceae;Pulsatilla	Ranunculaceae;Anemoclema	Ranunculaceae;Anemone	Ranunculaceae;Anemone	Ranunculaceae;Aconitum	Cyperaceae;Carex
P002_WH01_00079 	Ranunculaceae;Pulsatilla	Ranunculaceae;Aconitum	Ranunculaceae;Pulsatilla	Ranunculaceae;Trollius	Ranunculaceae;Aconitum	Cyperaceae;Carex
P002_WH02_00063 	Crassulaceae;Sempervivum	Crassulaceae;Rosularia	Crassulaceae;Sedum	Caryophyllaceae;Cerastium	Boraginaceae;Myosotis	Gentianaceae;Gentiana
P002_WH02_00065 	Crassulaceae;Sempervivum	Crassulaceae;Sempervivum	Crassulaceae;Sedum	Crassulaceae;Rhodiola	Crassulaceae;Sedum	Rosaceae;Dryas
P002_WH04_00047 	Apiaceae;Bupleurum	Apiaceae;Bupleurum	Apiaceae;Chaerophyllum	Apiaceae;Tilingia	Apiaceae;Carum	Apiaceae;Ligusticum
P002_WH04_00049 	Apiaceae;Bupleurum	Apiaceae;Bupleurum	Apiaceae;Bupleurum	Apiaceae;Tilingia	Poaceae;Festuca	Asteraceae;Antennaria
P002_WH05_00063 	Ranunculaceae;Anemone	Ranunculaceae;Anemone	Ranunculaceae;Anemone	Ranunculaceae;Trollius	Ranunculaceae;Aconitum	Cyperaceae;Carex
P002_WH05_00064 	Ranunculaceae;Anemone	Ranunculaceae;Anemone	Ranunculaceae;Anemone	Ranunculaceae;Pulsatilla	Ranunculaceae;Aconitum	Cyperaceae;Carex
P002_WH06_00047 	Asteraceae;Artemisia	Asteraceae;Artemisia	Asteraceae;Hieracium	Asteraceae;Saussurea	Asteraceae;Hieracium	Asteraceae;Taraxacum
P002_WH06_00048 	Asteraceae;Artemisia	Asteraceae;Artemisia	Asteraceae;Anthemis	Asteraceae;Anthemis	Asteraceae;Achillea	Asteraceae;Matricaria
P002_WH07_00096 	Caryophyllaceae;Cerastium	Caryophyllaceae;Cerastium	Caryophyllaceae;Cerastium	Caryophyllaceae;Cerastium	Cyperaceae;Carex	Caryophyllaceae;Cerastium
P002_WH07_00098 	Caryophyllaceae;Cerastium	Caryophyllaceae;Cerastium	Caryophyllaceae;Cerastium	Caryophyllaceae;Cerastium	Cyperaceae;Carex	Caryophyllaceae;Cerastium
P002_WH08_00026 	Cyperaceae;Carex	Cyperaceae;Carex	Cyperaceae;Carex	Cyperaceae;Carex	Cyperaceae;Carex	Selaginellaceae;Selaginella
P002_WH08_00027 	Cyperaceae;Carex	Cyperaceae;Carex	Cyperaceae;Carex	Cyperaceae;Carex	Cyperaceae;Carex	Cyperaceae;Carex
P002_WH09_00018 	Ericaceae;Rhododendron	Ericaceae;Rhododendron	Ericaceae;Rhododendron	Ericaceae;Rhododendron	Ericaceae;Rhododendron	Ericaceae;Rhododendron
P002_WH09_00019 	Ericaceae;Rhododendron	Ericaceae;Rhododendron	Ericaceae;Rhododendron	Ericaceae;Rhododendron	Ericaceae;Rhododendron	Ericaceae;Rhododendron
P002_WH10_00107 	Poaceae;Arctagrostis	Poaceae;Lygeum	Poaceae;Sesleria	Poaceae;Festuca	Poaceae;Poa	Poaceae;Poa
P002_WH10_00108 	Poaceae;Arctagrostis	Poaceae;Gaudinopsis	Poaceae;Dupontia	Poaceae;Arctagrostis	Poaceae;Calamagrostis	Poaceae;Poa
P002_WH11_00053 	Brassicaceae;Draba	Brassicaceae;Draba	Brassicaceae;Draba	Papaveraceae;Papaver	Brassicaceae;Draba	Brassicaceae;Arabis
P002_WH11_00054 	Brassicaceae;Draba	Brassicaceae;Brassica	Brassicaceae;Draba	Brassicaceae;Draba	Brassicaceae;Arabis	Asteraceae;Taraxacum
P002_WH12_00070 	Orobanchaceae;Pedicularis	Orobanchaceae;Pedicularis	Orobanchaceae;Pedicularis	Orobanchaceae;Pedicularis	Orobanchaceae;Pedicularis	Orobanchaceae;Pedicularis
P002_WH12_00072 	Orobanchaceae;Pedicularis	Orobanchaceae;Castilleja	Orobanchaceae;Pedicularis	Onagraceae;Epilobium	Orobanchaceae;Pedicularis	Orobanchaceae;Pedicularis
P003_WA05_00087 	Papaveraceae;Papaver	Brassicaceae;Draba	Brassicaceae;Draba	Brassicaceae;Draba	Brassicaceae;Draba	Brassicaceae;Arabis
P003_WA05_00088 	Papaveraceae;Papaver	Brassicaceae;Aphragmus	Brassicaceae;Draba	Brassicaceae;Draba	Brassicaceae;Draba	Brassicaceae;Arabis
P003_WA06_00030 	Poaceae;Festuca	Poaceae;Catapodium	Poaceae;Sesleria	Poaceae;Poa	Saxifragaceae;Saxifraga	Poaceae;Hyalopoa
P003_WA06_00032 	Poaceae;Festuca	Poaceae;Festuca	Cyperaceae;Carex	Poaceae;Festuca	Poaceae;Festuca	Poaceae;Festuca
P003_WA07_00160 	Cyperaceae;Carex	Poaceae;Lygeum	Poaceae;Sesleria	Poaceae;Festuca	Poaceae;Poa	Poaceae;Poa
P003_WA07_00162 	Cyperaceae;Carex	Poaceae;Festuca	Cyperaceae;Carex	Poaceae;Festuca	Poaceae;Festuca	Poaceae;Festuca
P003_WA07_00168 	Cyperaceae;Carex	Cyperaceae;Carex	Cyperaceae;Carex	Cyperaceae;Carex	Cyperaceae;Carex	Cyperaceae;Carex
P003_WA07_00169 	Cyperaceae;Carex	Cyperaceae;Carex	Cyperaceae;Carex	Cyperaceae;Carex	Cyperaceae;Carex	Cyperaceae;Carex
P003_WA08_00095 	Asteraceae;Senecio	Asteraceae;Ligularia	Asteraceae;Petasites	Asteraceae;Solidago	Asteraceae;Centaurea	Poaceae;Calamagrostis
P003_WA08_00096 	Asteraceae;Senecio	Asteraceae;Ligularia	Asteraceae;Petasites	Asteraceae;Saussurea	Asteraceae;Hieracium	Asteraceae;Taraxacum
P003_WA09_00064 	Caryophyllaceae;Cerastium	Caryophyllaceae;Cerastium	Caryophyllaceae;Cerastium	Caryophyllaceae;Cerastium	Cyperaceae;Carex	Caryophyllaceae;Cerastium
P003_WA09_00066 	Caryophyllaceae;Cerastium	Caryophyllaceae;Cerastium	Caryophyllaceae;Cerastium	Caryophyllaceae;Cerastium	Cyperaceae;Carex	Caryophyllaceae;Cerastium
P003_WA10_00011 	Gentianaceae;Gentiana	Primulaceae;Primula	Primulaceae;Soldanella	Primulaceae;Soldanella	Primulaceae;Primula	Primulaceae;Primula
P003_WA10_00083 	Gentianaceae;Gentiana	Gentianaceae;Gentiana	Gentianaceae;Gentiana	Gentianaceae;Gentiana	Gentianaceae;Comastoma	Gentianaceae;Gentianella
P003_WA10_00084 	Gentianaceae;Gentiana	Gentianaceae;Gentiana	Gentianaceae;Gentiana	Gentianaceae;Gentiana	Gentianaceae;Gentiana	Gentianaceae;Gentianella
P003_WA10_00095 	Gentianaceae;Gentiana	Primulaceae;Primula	Primulaceae;Soldanella	Primulaceae;Soldanella	Primulaceae;Primula	Primulaceae;Primula
P003_WA11_00015 	Primulaceae;Soldanella	Primulaceae;Primula	Primulaceae;Soldanella	Primulaceae;Soldanella	Primulaceae;Primula	Primulaceae;Primula
P003_WA11_00017 	Primulaceae;Soldanella	Primulaceae;Primula	Primulaceae;Soldanella	Primulaceae;Soldanella	Primulaceae;Primula	Primulaceae;Primula
P003_WB01_00054 	Asteraceae;Solidago	Asteraceae;Ligularia	Asteraceae;Senecio	Asteraceae;Petasites	Asteraceae;Hieracium	Asteraceae;Taraxacum
P003_WB01_00055 	Asteraceae;Solidago	Asteraceae;Senecio	Asteraceae;Senecio	Asteraceae;Petasites	Poaceae;Calamagrostis	Asteraceae;Saussurea
P003_WB03_00093 	Equisetaceae;Equisetum	Equisetaceae;Equisetum	Equisetaceae;Equisetum	Equisetaceae;Equisetum	Equisetaceae;Equisetum	Equisetaceae;Equisetum
P003_WB03_00094 	Equisetaceae;Equisetum	Equisetaceae;Equisetum	Equisetaceae;Equisetum	Equisetaceae;Equisetum	Equisetaceae;Equisetum	Equisetaceae;Equisetum
P003_WB04_00097 	Cyperaceae;Eriophorum	Cyperaceae;Carex	Cyperaceae;Eriophorum	Cyperaceae;Eriophorum	Cyperaceae;Eriophorum	Cyperaceae;Eriophorum
P003_WB04_00099 	Cyperaceae;Eriophorum	Cyperaceae;Carex	Cyperaceae;Eriophorum	Cyperaceae;Eriophorum	Asteraceae;Antennaria	Cyperaceae;Eriophorum
P003_WB05_00059 	Salicaceae;Salix	Saxifragaceae;Saxifraga	Salicaceae;Salix	Saxifragaceae;Saxifraga	Saxifragaceae;Saxifraga	Saxifragaceae;Saxifraga
P003_WB05_00060 	Salicaceae;Salix	Saxifragaceae;Saxifraga	Saxifragaceae;Saxifraga	Saxifragaceae;Saxifraga	Saxifragaceae;Saxifraga	Saxifragaceae;Saxifraga
P003_WB06_00022 	Caryophyllaceae;Silene	Caryophyllaceae;Silene	Caryophyllaceae;Silene	Caryophyllaceae;Silene	Caryophyllaceae;Viscaria	Caryophyllaceae;Silene
P003_WB06_00023 	Caryophyllaceae;Silene	Caryophyllaceae;Silene	Caryophyllaceae;Silene	Caryophyllaceae;Silene	Caryophyllaceae;Silene	Caryophyllaceae;Viscaria
P003_WB07_00085 	Ericaceae;Vaccinium	Ericaceae;Vaccinium	Ericaceae;Vaccinium	Ericaceae;Vaccinium	Ericaceae;Vaccinium	Ericaceae;Vaccinium
P003_WB07_00087 	Ericaceae;Vaccinium	Ericaceae;Vaccinium	Ericaceae;Vaccinium	Ericaceae;Vaccinium	Ericaceae;Pieris	Ericaceae;Harrimanella
P003_WB08_00166 	Asteraceae;Antennaria	Cyperaceae;Carex	Cyperaceae;Carex	Cyperaceae;Carex	Cyperaceae;Carex	Cyperaceae;Eriophorum
P003_WB08_00172 	Asteraceae;Antennaria	Asteraceae;Antennaria	Poaceae;Festuca	Asteraceae;Antennaria	Asteraceae;Antennaria	Asteraceae;Omalotheca
P003_WB08_00173 	Asteraceae;Antennaria	Asteraceae;Anaphalis	Asteraceae;Antennaria	Asteraceae;Antennaria	Poaceae;Festuca	Asteraceae;Antennaria
P003_WB09_00084 	Cyperaceae;Eriophorum	Cyperaceae;Carex	Cyperaceae;Eriophorum	Cyperaceae;Eriophorum	Cyperaceae;Eriophorum	Cyperaceae;Eriophorum
P003_WB09_00086 	Cyperaceae;Eriophorum	Cyperaceae;Carex	Cyperaceae;Eriophorum	Cyperaceae;Eriophorum	Asteraceae;Antennaria	Cyperaceae;Eriophorum
P003_WB10_00055 	Fabaceae;Hedysarum	Fabaceae;Hedysarum	Fabaceae;Astragalus	Fabaceae;Trifolium	Fabaceae;Astragalus	Fabaceae;Trifolium
P003_WB10_00057 	Fabaceae;Hedysarum	Fabaceae;Hedysarum	Fabaceae;Hedysarum	Fabaceae;Astragalus	Fabaceae;Astragalus	Fabaceae;Trifolium
P003_WB11_00041 	Apiaceae;Ligusticum	Apiaceae;Glehnia	Apiaceae;Peucedanum	Apiaceae;Ligusticum	Apiaceae;Carum	Apiaceae;Tilingia
P003_WB11_00042 	Apiaceae;Ligusticum	Apiaceae;Angelica	Apiaceae;Seseli	Apiaceae;Peucedanum	Crassulaceae;Sedum	Apiaceae;Carum
P003_WC01_00049 	Polygonaceae;Bistorta	Polygonaceae;Bistorta	Polygonaceae;Polygonum	Polygonaceae;Persicaria	Polygonaceae;Bistorta	Polygonaceae;Rumex
P003_WC01_00050 	Polygonaceae;Bistorta	Polygonaceae;Bistorta	Polygonaceae;Polygonum	Polygonaceae;Rumex	Cyperaceae;Carex	Polygonaceae;Rumex
P003_WC02_00103 	Ericaceae;Rhododendron	Ericaceae;Rhododendron	Ericaceae;Rhododendron	Ericaceae;Rhododendron	Ericaceae;Rhododendron	Ericaceae;Rhododendron
P003_WC02_00104 	Ericaceae;Rhododendron	Ericaceae;Rhododendron	Ericaceae;Rhododendron	Ericaceae;Rhododendron	Ericaceae;Rhododendron	Ericaceae;Rhododendron
P003_WC03_00074 	Ranunculaceae;Trollius	Ranunculaceae;Aconitum	Ranunculaceae;Pulsatilla	Ranunculaceae;Trollius	Ranunculaceae;Aconitum	Cyperaceae;Carex
P003_WC03_00075 	Ranunculaceae;Trollius	Ranunculaceae;Trollius	Ranunculaceae;Aconitum	Cyperaceae;Carex	Selaginellaceae;Selaginella	Ranunculaceae;Pulsatilla
P003_WC04_00006 	Cyperaceae;Carex	Cyperaceae;Carex	Cyperaceae;Carex	Cyperaceae;Carex	Cyperaceae;Carex	Cyperaceae;Carex
P003_WC04_00103 	Cyperaceae;Carex	Cyperaceae;Carex	Cyperaceae;Carex	Cyperaceae;Carex	Cyperaceae;Carex	Cyperaceae;Carex
P003_WC05_00046 	Saxifragaceae;Saxifraga	Salicaceae;Salix	Salicaceae;Salix	Salicaceae;Salix	Salicaceae;Salix	Salicaceae;Salix
P003_WC05_00048 	Saxifragaceae;Saxifraga	Salicaceae;Salix	Salicaceae;Salix	Salicaceae;Salix	Salicaceae;Salix	Salicaceae;Salix
P003_WC05_00049 	Saxifragaceae;Saxifraga	Salicaceae;Salix	Salicaceae;Salix	Salicaceae;Salix	Salicaceae;Salix	Salicaceae;Salix
P003_WC05_00051 	Saxifragaceae;Saxifraga	Salicaceae;Salix	Salicaceae;Salix	Salicaceae;Salix	Salicaceae;Salix	Salicaceae;Salix
P003_WC06_00091 	Primulaceae;Primula	Primulaceae;Primula	Primulaceae;Primula	Primulaceae;Primula	Primulaceae;Primula	Primulaceae;Soldanella
P003_WC06_00093 	Primulaceae;Primula	Primulaceae;Primula	Primulaceae;Primula	Primulaceae;Primula	Primulaceae;Trientalis	Primulaceae;Primula
P003_WC07_00099 	Juncaceae;Luzula	Juncaceae;Juncus	Juncaceae;Luzula	Cyperaceae;Carex	Juncaceae;Luzula	Juncaceae;Luzula
P003_WC07_00101 	Juncaceae;Luzula	Juncaceae;Juncus	Juncaceae;Luzula	Juncaceae;Luzula	Juncaceae;Luzula	Juncaceae;Luzula
P003_WC07_00193 	Juncaceae;Luzula	Brassicaceae;Cochlearia	Brassicaceae;Cochlearia	Asteraceae;Taraxacum	Saxifragaceae;Saxifraga	Saxifragaceae;Saxifraga
P003_WC07_00194 	Juncaceae;Luzula	Brassicaceae;Cochlearia	Brassicaceae;Cochlearia	Asteraceae;Taraxacum	Brassicaceae;Arabis	Brassicaceae;Draba
P003_WC08_00071 	Poaceae;Poa	Poaceae;Lygeum	Poaceae;Sesleria	Poaceae;Festuca	Poaceae;Poa	Poaceae;Poa
P003_WC08_00072 	Poaceae;Poa	Poaceae;Poa	Poaceae;Poa	Poaceae;Poa	Poaceae;Poa	Poaceae;Poa
P003_WC09_00070 	Cyperaceae;Carex	Cyperaceae;Carex	Cyperaceae;Carex	Cyperaceae;Carex	Cyperaceae;Carex	Cyperaceae;Carex
P003_WC09_00072 	Cyperaceae;Carex	Cyperaceae;Carex	Cyperaceae;Carex	Cyperaceae;Carex	Cyperaceae;Carex	Selaginellaceae;Selaginella
P003_WC10_00101 	Asteraceae;Leucanthemum	Asteraceae;Leucanthemum	Asteraceae;Matricaria	Asteraceae;Anthemis	Asteraceae;Artemisia	Asteraceae;Achillea
P003_WC10_00102 	Asteraceae;Leucanthemum	Asteraceae;Leucanthemum	Asteraceae;Matricaria	Asteraceae;Anthemis	Asteraceae;Anthemis	Asteraceae;Artemisia
P003_WC11_00061 	Asteraceae;Achillea	Asteraceae;Achillea	Asteraceae;Anthemis	Asteraceae;Anthemis	Asteraceae;Artemisia	Asteraceae;Matricaria
P003_WC11_00062 	Asteraceae;Achillea	Asteraceae;Tanacetum	Asteraceae;Matricaria	Asteraceae;Anthemis	Asteraceae;Anthemis	Asteraceae;Leucanthemum
P003_WC12_00074 	Juncaceae;Luzula	Asteraceae;Pityopsis	Juncaceae;Luzula	Asteraceae;Solidago	Asteraceae;Aster	Asteraceae;Taraxacum
P003_WC12_00076 	Juncaceae;Luzula	Asteraceae;Linochilus	Asteraceae;Solidago	Asteraceae;Aster	Asteraceae;Aster	Asteraceae;Erigeron
P003_WC12_00092 	Juncaceae;Luzula	Juncaceae;Juncus	Juncaceae;Luzula	Cyperaceae;Carex	Juncaceae;Luzula	Juncaceae;Luzula
P003_WC12_00094 	Juncaceae;Luzula	Juncaceae;Juncus	Juncaceae;Luzula	Juncaceae;Luzula	Juncaceae;Luzula	Juncaceae;Luzula
P003_WD01_00061 	Ericaceae;Rhododendron	Ericaceae;Rhododendron	Ericaceae;Rhododendron	Ericaceae;Rhododendron	Ericaceae;Rhododendron	Ericaceae;Rhododendron
P003_WD01_00062 	Ericaceae;Rhododendron	Ericaceae;Rhododendron	Ericaceae;Rhododendron	Ericaceae;Rhododendron	Ericaceae;Rhododendron	Ericaceae;Rhododendron
P003_WD02_00088 	Brassicaceae;Draba	Brassicaceae;Brassica	Brassicaceae;Draba	Brassicaceae;Draba	Brassicaceae;Arabis	Asteraceae;Taraxacum
P003_WD02_00089 	Brassicaceae;Draba	Brassicaceae;Draba	Brassicaceae;Draba	Brassicaceae;Draba	Papaveraceae;Papaver	Brassicaceae;Arabis
P003_WD03_00025 	Lentibulariaceae;Pinguicula	Lentibulariaceae;Pinguicula	Plantaginaceae;Veronica	Rosaceae;Dryas	Rosaceae;Dryas	Rosaceae;Dryas
P003_WD03_00026 	Lentibulariaceae;Pinguicula	Lentibulariaceae;Pinguicula	Lentibulariaceae;Pinguicula	Lentibulariaceae;Pinguicula	Plantaginaceae;Pennellianthus	Plantaginaceae;Veronica
P003_WD04_00050 	Fabaceae;Trifolium	Fabaceae;Trifolium	Fabaceae;Trifolium	Fabaceae;Hedysarum	Fabaceae;Astragalus	Fabaceae;Astragalus
P003_WD04_00052 	Fabaceae;Trifolium	Fabaceae;Trifolium	Fabaceae;Trifolium	Fabaceae;Astragalus	Fabaceae;Astragalus	Fabaceae;Hedysarum
P003_WD05_00096 	Brassicaceae;Draba	Papaveraceae;Papaver	Papaveraceae;Papaver	Salicaceae;Salix	Salicaceae;Salix	Ericaceae;Arctous
P003_WD05_00098 	Brassicaceae;Draba	Papaveraceae;Papaver	Papaveraceae;Papaver	Salicaceae;Salix	Ranunculaceae;Aconitum	Cyperaceae;Carex
P003_WD06_00099 	Ranunculaceae;Ranunculus	Ranunculaceae;Ranunculus	Tofieldiaceae;Tofieldia	Ranunculaceae;Ranunculus	Saxifragaceae;Saxifraga	Saxifragaceae;Saxifraga
P003_WD06_00101 	Ranunculaceae;Ranunculus	Ranunculaceae;Ranunculus	Ranunculaceae;Ranunculus	Brassicaceae;Arabis	Ranunculaceae;Ranunculus	Ranunculaceae;Ranunculus
P003_WD07_00079 	Brassicaceae;Cochlearia	Brassicaceae;Cochlearia	Brassicaceae;Cochlearia	Asteraceae;Taraxacum	Saxifragaceae;Saxifraga	Saxifragaceae;Saxifraga
P003_WD07_00080 	Brassicaceae;Cochlearia	Brassicaceae;Cochlearia	Brassicaceae;Cochlearia	Asteraceae;Taraxacum	Brassicaceae;Arabis	Brassicaceae;Draba
P003_WD08_00058 	Caryophyllaceae;Stellaria	Caryophyllaceae;Pseudostellaria	Caryophyllaceae;Stellaria	Caryophyllaceae;Cerastium	Cyperaceae;Carex	Caryophyllaceae;Cerastium
P003_WD08_00059 	Caryophyllaceae;Stellaria	Caryophyllaceae;Pseudostellaria	Caryophyllaceae;Stellaria	Caryophyllaceae;Cerastium	Cyperaceae;Carex	Caryophyllaceae;Cerastium
P003_WD09_00022 	Salicaceae;Salix	Salicaceae;Salix	Salicaceae;Salix	Salicaceae;Salix	Salicaceae;Salix	Salicaceae;Salix
P003_WD09_00024 	Salicaceae;Salix	Salicaceae;Salix	Salicaceae;Salix	Salicaceae;Salix	Salicaceae;Salix	Salicaceae;Salix
P003_WD10_00112 	Caryophyllaceae;Sagina	Caryophyllaceae;Colobanthus	Rosaceae;Spiraea	Caryophyllaceae;Minuartia	Caryophyllaceae;Minuartia	Ranunculaceae;Ranunculus
P003_WD10_00114 	Caryophyllaceae;Sagina	Caryophyllaceae;Colobanthus	Rosaceae;Spiraea	Caryophyllaceae;Minuartia	Caryophyllaceae;Minuartia	Caryophyllaceae;Viscaria
P003_WD11_00108 	Primulaceae;Androsace	Primulaceae;Maesa	Primulaceae;Trientalis	Primulaceae;Primula	Primulaceae;Primula	Ericaceae;Arctous
P003_WD11_00109 	Primulaceae;Androsace	Primulaceae;Androsace	Primulaceae;Trientalis	Primulaceae;Primula	Primulaceae;Primula	Primulaceae;Primula
P003_WD12_00078 	Plantaginaceae;Veronica	Plantaginaceae;Veronica	Plantaginaceae;Veronica	Plantaginaceae;Veronica	Asteraceae;Cirsium	Fabaceae;Hedysarum
P003_WD12_00079 	Plantaginaceae;Veronica	Plantaginaceae;Neopicrorhiza	Asteraceae;Cirsium	Plantaginaceae;Veronica	Plantaginaceae;Veronica	Fabaceae;Hedysarum
P003_WD12_00129 	Plantaginaceae;Veronica	Asteraceae;Cirsium	Asteraceae;Cirsium	Asteraceae;Saussurea	Asteraceae;Saussurea	Asteraceae;Taraxacum
P003_WD12_00131 	Plantaginaceae;Veronica	Asteraceae;Taraxacum	Asteraceae;Hieracium	Asteraceae;Saussurea	Asteraceae;Hieracium	Asteraceae;Taraxacum
P003_WE01_00079 	Orobanchaceae;Pedicularis	Orobanchaceae;Castilleja	Orobanchaceae;Pedicularis	Onagraceae;Epilobium	Orobanchaceae;Pedicularis	Orobanchaceae;Pedicularis
P003_WE01_00080 	Orobanchaceae;Pedicularis	Orobanchaceae;Pedicularis	Onagraceae;Epilobium	Orobanchaceae;Pedicularis	Orobanchaceae;Pedicularis	Orobanchaceae;Pedicularis
P003_WE02_00031 	Poaceae;Festuca	Poaceae;Lygeum	Poaceae;Sesleria	Poaceae;Festuca	Poaceae;Poa	Poaceae;Poa
P003_WE02_00033 	Poaceae;Festuca	Poaceae;Festuca	Poaceae;Festuca	Poaceae;Festuca	Poaceae;Festuca	Poaceae;Festuca
P003_WE02_00181 	Poaceae;Festuca	Asteraceae;Anaphalis	Asteraceae;Antennaria	Asteraceae;Antennaria	Poaceae;Festuca	Asteraceae;Antennaria
P003_WE02_00182 	Poaceae;Festuca	Asteraceae;Antennaria	Poaceae;Festuca	Asteraceae;Antennaria	Asteraceae;Antennaria	Asteraceae;Omalotheca
P003_WE03_00021 	Equisetaceae;Equisetum	Equisetaceae;Equisetum	Equisetaceae;Equisetum	Equisetaceae;Equisetum	Equisetaceae;Equisetum	Equisetaceae;Equisetum
P003_WE03_00022 	Equisetaceae;Equisetum	Equisetaceae;Equisetum	Equisetaceae;Equisetum	Equisetaceae;Equisetum	Equisetaceae;Equisetum	Equisetaceae;Equisetum
P003_WE05_00043 	Asteraceae;Taraxacum	Brassicaceae;Scapiarabis	Brassicaceae;Arabis	Brassicaceae;Draba	Brassicaceae;Draba	Brassicaceae;Draba
P003_WE05_00044 	Asteraceae;Taraxacum	Brassicaceae;Fourraea	Juncaceae;Luzula	Brassicaceae;Cochlearia	Brassicaceae;Draba	Brassicaceae;Arabis
P003_WE07_00125 	Cyperaceae;Eriophorum	Cyperaceae;Carex	Cyperaceae;Eriophorum	Cyperaceae;Eriophorum	Asteraceae;Antennaria	Cyperaceae;Eriophorum
P003_WE07_00126 	Cyperaceae;Eriophorum	Cyperaceae;Carex	Cyperaceae;Eriophorum	Cyperaceae;Eriophorum	Cyperaceae;Eriophorum	Cyperaceae;Eriophorum
P003_WE08_00114 	Plantaginaceae;Veronica	Plantaginaceae;Veronica	Plantaginaceae;Veronica	Plantaginaceae;Veronica	Asteraceae;Cirsium	Fabaceae;Hedysarum
P003_WE08_00115 	Plantaginaceae;Veronica	Plantaginaceae;Neopicrorhiza	Plantaginaceae;Veronica	Plantaginaceae;Veronica	Asteraceae;Cirsium	Fabaceae;Hedysarum
P003_WE09_00015 	Salicaceae;Salix	Salicaceae;Salix	Salicaceae;Salix	Salicaceae;Salix	Salicaceae;Salix	Salicaceae;Salix
P003_WE09_00017 	Salicaceae;Salix	Salicaceae;Salix	Salicaceae;Salix	Salicaceae;Salix	Salicaceae;Salix	Salicaceae;Salix
P003_WE11_00089 	Cyperaceae;Carex	Juncaceae;Juncus	Juncaceae;Luzula	Cyperaceae;Carex	Juncaceae;Luzula	Juncaceae;Luzula
P003_WE11_00215 	Cyperaceae;Carex	Cyperaceae;Carex	Cyperaceae;Carex	Cyperaceae;Carex	Cyperaceae;Carex	Polygonaceae;Oxyria
P003_WE11_00216 	Cyperaceae;Carex	Cyperaceae;Carex	Cyperaceae;Carex	Cyperaceae;Carex	Cyperaceae;Carex	Cyperaceae;Carex
P003_WE12_00035 	Caryophyllaceae;Dianthus	Caryophyllaceae;Dianthus	Ranunculaceae;Ranunculus	Caryophyllaceae;Viscaria	Caryophyllaceae;Minuartia	Caryophyllaceae;Minuartia
P003_WE12_00036 	Caryophyllaceae;Dianthus	Caryophyllaceae;Dianthus	Ranunculaceae;Ranunculus	Caryophyllaceae;Silene	Caryophyllaceae;Silene	Caryophyllaceae;Silene
P003_WE12_00198 	Caryophyllaceae;Dianthus	Ranunculaceae;Ranunculus	Ranunculaceae;Ranunculus	Caryophyllaceae;Dianthus	Ranunculaceae;Ranunculus	Cyperaceae;Carex
P003_WE12_00199 	Caryophyllaceae;Dianthus	Ranunculaceae;Ranunculus	Ranunculaceae;Ranunculus	Ranunculaceae;Ranunculus	Brassicaceae;Arabis	Ranunculaceae;Ranunculus
P003_WF01_00030 	Onagraceae;Epilobium	Orobanchaceae;Pedicularis	Onagraceae;Epilobium	Orobanchaceae;Pedicularis	Orobanchaceae;Pedicularis	Orobanchaceae;Pedicularis
P003_WF01_00031 	Onagraceae;Epilobium	Orobanchaceae;Castilleja	Orobanchaceae;Pedicularis	Onagraceae;Epilobium	Orobanchaceae;Pedicularis	Orobanchaceae;Pedicularis
P003_WF01_00149 	Onagraceae;Epilobium	Onagraceae;Epilobium	Saxifragaceae;Saxifraga	Salicaceae;Salix	Saxifragaceae;Saxifraga	Saxifragaceae;Saxifraga
P003_WF01_00150 	Onagraceae;Epilobium	Onagraceae;Epilobium	Cyperaceae;Carex	Brassicaceae;Draba	Saxifragaceae;Saxifraga	Saxifragaceae;Saxifraga
P003_WF01_00333 	Onagraceae;Epilobium	Cyperaceae;Carex	Cyperaceae;Carex	Cyperaceae;Carex	Cyperaceae;Carex	Cyperaceae;Carex
P003_WF01_00334 	Onagraceae;Epilobium	Cyperaceae;Carex	Cyperaceae;Carex	Cyperaceae;Carex	Cyperaceae;Carex	Cyperaceae;Carex
P003_WF02_00091 	Rosaceae;Dryas	Rosaceae;Dryas	Rosaceae;Dryas	Rosaceae;Dryas	Fabaceae;Trifolium	Saxifragaceae;Saxifraga
P003_WF02_00092 	Rosaceae;Dryas	Rosaceae;Dryas	Rosaceae;Dryas	Cyperaceae;Carex	Rosaceae;Dryas	Rosaceae;Rubus
P003_WF03_00002 	Cyperaceae;Carex	Cyperaceae;Carex	Cyperaceae;Carex	Cyperaceae;Carex	Cyperaceae;Carex	Cyperaceae;Carex
P003_WF03_00003 	Cyperaceae;Carex	Cyperaceae;Carex	Cyperaceae;Carex	Cyperaceae;Carex	Cyperaceae;Carex	Cyperaceae;Carex
P003_WF05_00051 	Orobanchaceae;Euphrasia	Gentianaceae;Comastoma	Gentianaceae;Comastoma	Gentianaceae;Gentianella	Gentianaceae;Gentiana	Gentianaceae;Gentiana
P003_WF05_00052 	Orobanchaceae;Euphrasia	Gentianaceae;Comastoma	Gentianaceae;Comastoma	Gentianaceae;Gentianella	Gentianaceae;Gentiana	Gentianaceae;Gentiana
P003_WF06_00097 	Asteraceae;Solidago	Asteraceae;Linochilus	Asteraceae;Solidago	Asteraceae;Aster	Asteraceae;Aster	Asteraceae;Erigeron
P003_WF06_00099 	Asteraceae;Solidago	Asteraceae;Pityopsis	Juncaceae;Luzula	Asteraceae;Solidago	Asteraceae;Aster	Asteraceae;Taraxacum
P003_WF07_00100 	Caryophyllaceae;Silene	Caryophyllaceae;Silene	Caryophyllaceae;Silene	Caryophyllaceae;Silene	Caryophyllaceae;Silene	Caryophyllaceae;Viscaria
P003_WF07_00101 	Caryophyllaceae;Silene	Caryophyllaceae;Silene	Caryophyllaceae;Silene	Caryophyllaceae;Silene	Caryophyllaceae;Viscaria	Caryophyllaceae;Silene
P003_WF08_00075 	Salicaceae;Salix	Salicaceae;Salix	Salicaceae;Salix	Salicaceae;Salix	Salicaceae;Salix	Salicaceae;Salix
P003_WF08_00077 	Salicaceae;Salix	Salicaceae;Salix	Salicaceae;Salix	Salicaceae;Salix	Salicaceae;Salix	Salicaceae;Salix
P003_WF09_00095 	Gentianaceae;Gentiana	Gentianaceae;Gentiana	Gentianaceae;Gentiana	Gentianaceae;Gentiana	Gentianaceae;Comastoma	Gentianaceae;Gentianella
P003_WF09_00096 	Gentianaceae;Gentiana	Gentianaceae;Gentiana	Gentianaceae;Gentiana	Gentianaceae;Gentiana	Gentianaceae;Gentiana	Gentianaceae;Gentianella
P003_WF10_00039 	Caryophyllaceae;Minuartia	Caryophyllaceae;Colobanthus	Rosaceae;Spiraea	Caryophyllaceae;Minuartia	Caryophyllaceae;Sagina	Caryophyllaceae;Minuartia
P003_WF10_00042 	Caryophyllaceae;Minuartia	Caryophyllaceae;Dianthus	Caryophyllaceae;Minuartia	Caryophyllaceae;Sagina	Caryophyllaceae;Dianthus	Ranunculaceae;Ranunculus
P003_WF11_00038 	Ranunculaceae;Ranunculus	Ranunculaceae;Ranunculus	Ranunculaceae;Ranunculus	Ranunculaceae;Ranunculus	Brassicaceae;Arabis	Ranunculaceae;Ranunculus
P003_WF11_00039 	Ranunculaceae;Ranunculus	Ranunculaceae;Ranunculus	Ranunculaceae;Ranunculus	Caryophyllaceae;Dianthus	Ranunculaceae;Ranunculus	Cyperaceae;Carex
P003_WF11_00199 	Ranunculaceae;Ranunculus	Caryophyllaceae;Dianthus	Ranunculaceae;Ranunculus	Caryophyllaceae;Silene	Caryophyllaceae;Silene	Caryophyllaceae;Silene
P003_WF11_00200 	Ranunculaceae;Ranunculus	Caryophyllaceae;Dianthus	Ranunculaceae;Ranunculus	Caryophyllaceae;Viscaria	Caryophyllaceae;Minuartia	Caryophyllaceae;Minuartia
P003_WF12_00094 	Poaceae;Festuca	Poaceae;Lygeum	Poaceae;Sesleria	Poaceae;Festuca	Poaceae;Poa	Poaceae;Poa
P003_WF12_00097 	Poaceae;Festuca	Poaceae;Festuca	Poaceae;Festuca	Poaceae;Festuca	Asteraceae;Cirsium	Poaceae;Festuca
P003_WG01_00036 	Ranunculaceae;Aconitum	Ranunculaceae;Aconitum	Cyperaceae;Carex	Ranunculaceae;Trollius	Ranunculaceae;Pulsatilla	Selaginellaceae;Selaginella
P003_WG01_00037 	Ranunculaceae;Aconitum	Ranunculaceae;Aconitum	Ranunculaceae;Pulsatilla	Ranunculaceae;Trollius	Ranunculaceae;Aconitum	Cyperaceae;Carex
P003_WG02_00114 	Cyperaceae;Carex	Ranunculaceae;Aconitum	Ranunculaceae;Pulsatilla	Ranunculaceae;Trollius	Ranunculaceae;Aconitum	Cyperaceae;Carex
P003_WG02_00115 	Cyperaceae;Carex	Ranunculaceae;Aconitum	Cyperaceae;Carex	Ranunculaceae;Trollius	Ranunculaceae;Pulsatilla	Selaginellaceae;Selaginella
P003_WG02_00148 	Cyperaceae;Carex	Cyperaceae;Carex	Cyperaceae;Carex	Cyperaceae;Carex	Cyperaceae;Carex	Cyperaceae;Carex
P003_WG02_00149 	Cyperaceae;Carex	Cyperaceae;Carex	Cyperaceae;Carex	Cyperaceae;Carex	Cyperaceae;Carex	Cyperaceae;Carex
P003_WG02_00337 	Cyperaceae;Carex	Rosaceae;Dryas	Rosaceae;Dryas	Cyperaceae;Carex	Rosaceae;Dryas	Rosaceae;Rubus
P003_WG02_00338 	Cyperaceae;Carex	Rosaceae;Chaenomeles	Onagraceae;Epilobium	Cupressaceae;Juniperus	Betulaceae;Betula	Cyperaceae;Carex
P003_WG03_00103 	Primulaceae;Soldanella	Primulaceae;Primula	Primulaceae;Soldanella	Primulaceae;Soldanella	Primulaceae;Primula	Primulaceae;Primula
P003_WG03_00106 	Primulaceae;Soldanella	Primulaceae;Primula	Primulaceae;Soldanella	Primulaceae;Soldanella	Primulaceae;Primula	Primulaceae;Primula
P003_WG04_00017 	Brassicaceae;Cardamine	Brassicaceae;Cardamine	Brassicaceae;Cardamine	Brassicaceae;Cardamine	Asteraceae;Taraxacum	Brassicaceae;Arabis
P003_WG04_00018 	Brassicaceae;Cardamine	Brassicaceae;Arabidopsis	Brassicaceae;Cardamine	Brassicaceae;Draba	Brassicaceae;Draba	Brassicaceae;Arabis
P003_WG05_00063 	Asteraceae;Leucanthemopsis	Asteraceae;Neopallasia	Asteraceae;Artemisia	Asteraceae;Anthemis	Asteraceae;Matricaria	Asteraceae;Achillea
P003_WG05_00064 	Asteraceae;Leucanthemopsis	Asteraceae;Leucanthemum	Asteraceae;Leucanthemum	Asteraceae;Anthemis	Asteraceae;Anthemis	Asteraceae;Artemisia
P003_WG06_00091 	Lentibulariaceae;Pinguicula	Lentibulariaceae;Pinguicula	Lentibulariaceae;Pinguicula	Onagraceae;Epilobium	Orobanchaceae;Pedicularis	Orobanchaceae;Pedicularis
P003_WG06_00092 	Lentibulariaceae;Pinguicula	Lentibulariaceae;Pinguicula	Lentibulariaceae;Pinguicula	Lentibulariaceae;Pinguicula	Plantaginaceae;Pennellianthus	Plantaginaceae;Veronica
P003_WG07_00017 	Orobanchaceae;Pedicularis	Orobanchaceae;Pedicularis	Orobanchaceae;Pedicularis	Orobanchaceae;Pedicularis	Orobanchaceae;Pedicularis	Orobanchaceae;Pedicularis
P003_WG07_00019 	Orobanchaceae;Pedicularis	Orobanchaceae;Castilleja	Orobanchaceae;Pedicularis	Onagraceae;Epilobium	Orobanchaceae;Pedicularis	Orobanchaceae;Pedicularis
P003_WG08_00065 	Brassicaceae;Draba	Brassicaceae;Draba	Brassicaceae;Draba	Papaveraceae;Papaver	Brassicaceae;Draba	Brassicaceae;Arabis
P003_WG08_00066 	Brassicaceae;Draba	Brassicaceae;Brassica	Brassicaceae;Draba	Brassicaceae;Draba	Brassicaceae;Arabis	Asteraceae;Taraxacum
P003_WG08_00167 	Brassicaceae;Draba	Saxifragaceae;Micranthes	Saxifragaceae;Saxifraga	Saxifragaceae;Saxifraga	Saxifragaceae;Saxifraga	Saxifragaceae;Saxifraga
P003_WG08_00168 	Brassicaceae;Draba	Saxifragaceae;Bergenia	Saxifragaceae;Saxifraga	Saxifragaceae;Saxifraga	Saxifragaceae;Chrysosplenium	Saxifragaceae;Saxifraga
P003_WG09_00033 	Poaceae;Sesleria	Poaceae;Catapodium	Poaceae;Sesleria	Poaceae;Poa	Saxifragaceae;Saxifraga	Poaceae;Hyalopoa
P003_WG09_00036 	Poaceae;Sesleria	Poaceae;Sesleria	Poaceae;Helictotrichon	Poaceae;Arctagrostis	Poaceae;Festuca	Cyperaceae;Carex
P003_WG10_00005 	Juncaceae;Juncus	Juncaceae;Juncus	Juncaceae;Juncus	Juncaceae;Juncus	Poaceae;Festuca	Asteraceae;Cirsium
P003_WG10_00006 	Juncaceae;Juncus	Juncaceae;Juncus	Juncaceae;Juncus	Juncaceae;Juncus	Juncaceae;Luzula	Juncaceae;Luzula
P003_WG11_00037 	Asteraceae;Cirsium	Cyperaceae;Carex	Cyperaceae;Carex	Cyperaceae;Carex	Cyperaceae;Carex	Cyperaceae;Carex
P003_WG11_00038 	Asteraceae;Cirsium	Cyperaceae;Carex	Cyperaceae;Carex	Cyperaceae;Carex	Polygonaceae;Oxyria	Cyperaceae;Carex
P003_WG11_00092 	Asteraceae;Cirsium	Poaceae;Festuca	Poaceae;Festuca	Poaceae;Festuca	Asteraceae;Cirsium	Poaceae;Festuca
P003_WG11_00142 	Asteraceae;Cirsium	Plantaginaceae;Neopicrorhiza	Asteraceae;Cirsium	Plantaginaceae;Veronica	Plantaginaceae;Veronica	Fabaceae;Hedysarum
P003_WG11_00143 	Asteraceae;Cirsium	Plantaginaceae;Veronica	Plantaginaceae;Veronica	Plantaginaceae;Veronica	Asteraceae;Cirsium	Fabaceae;Hedysarum
P003_WG11_00353 	Asteraceae;Cirsium	Asteraceae;Cirsium	Asteraceae;Cirsium	Asteraceae;Saussurea	Asteraceae;Saussurea	Asteraceae;Taraxacum
P003_WG11_00355 	Asteraceae;Cirsium	Asteraceae;Taraxacum	Asteraceae;Hieracium	Asteraceae;Saussurea	Asteraceae;Hieracium	Asteraceae;Taraxacum
P003_WG12_00018 	Cyperaceae;Carex	Cyperaceae;Carex	Cyperaceae;Carex	Cyperaceae;Carex	Cyperaceae;Carex	Cyperaceae;Carex
P003_WG12_00019 	Cyperaceae;Carex	Cyperaceae;Carex	Cyperaceae;Carex	Cyperaceae;Carex	Cyperaceae;Carex	Cyperaceae;Carex
P003_WH01_00036 	Orobanchaceae;Pedicularis	Orobanchaceae;Pedicularis	Orobanchaceae;Pedicularis	Rosaceae;Potentilla	Orobanchaceae;Pedicularis	Orobanchaceae;Pedicularis
P003_WH01_00039 	Orobanchaceae;Pedicularis	Orobanchaceae;Pedicularis	Orobanchaceae;Pedicularis	Onagraceae;Epilobium	Orobanchaceae;Pedicularis	Orobanchaceae;Pedicularis
P003_WH02_00060 	Orobanchaceae;Bartsia	Lamiaceae;Scutellaria	Salicaceae;Salix	Orobanchaceae;Euphrasia	Orobanchaceae;Euphrasia	Orobanchaceae;Pedicularis
P003_WH02_00061 	Orobanchaceae;Bartsia	Orobanchaceae;Neobartsia	Brassicaceae;Arabis	Salicaceae;Salix	Orobanchaceae;Euphrasia	Orobanchaceae;Euphrasia
P003_WH03_00084 	Primulaceae;Primula	Primulaceae;Primula	Primulaceae;Primula	Primulaceae;Primula	Primulaceae;Primula	Primulaceae;Soldanella
P003_WH03_00085 	Primulaceae;Primula	Primulaceae;Primula	Primulaceae;Primula	Primulaceae;Primula	Primulaceae;Trientalis	Primulaceae;Primula
P003_WH04_00113 	Cyperaceae;Carex	Papaveraceae;Corydalis	Asteraceae;Solidago	Brassicaceae;Draba	Saxifragaceae;Saxifraga	Saxifragaceae;Saxifraga
P003_WH04_00114 	Cyperaceae;Carex	Papaveraceae;Corydalis	Saxifragaceae;Saxifraga	Plantaginaceae;Veronica	Fabaceae;Hedysarum	Asteraceae;Cirsium
P003_WH05_00025 	Campanulaceae;Campanula	Campanulaceae;Campanula	Campanulaceae;Campanula	Campanulaceae;Campanula	Asteraceae;Gnaphalium	Campanulaceae;Campanula
P003_WH05_00027 	Campanulaceae;Campanula	Campanulaceae;Campanula	Campanulaceae;Campanula	Campanulaceae;Campanula	Campanulaceae;Campanula	Campanulaceae;Campanula
P003_WH06_00110 	Saxifragaceae;Saxifraga	Saxifragaceae;Tiarella	Saxifragaceae;Saxifraga	Apiaceae;Bupleurum	Lentibulariaceae;Pinguicula	Tofieldiaceae;Tofieldia
P003_WH06_00111 	Saxifragaceae;Saxifraga	Saxifragaceae;Micranthes	Saxifragaceae;Saxifraga	Saxifragaceae;Saxifraga	Saxifragaceae;Saxifraga	Saxifragaceae;Saxifraga
P003_WH08_00073 	Papaveraceae;Papaver	Papaveraceae;Papaver	Papaveraceae;Papaver	Salicaceae;Salix	Salicaceae;Salix	Ericaceae;Arctous
P003_WH08_00075 	Papaveraceae;Papaver	Papaveraceae;Papaver	Papaveraceae;Papaver	Salicaceae;Salix	Ranunculaceae;Aconitum	Cyperaceae;Carex
P003_WH09_00101 	Saxifragaceae;Saxifraga	Saxifragaceae;Saxifraga	Saxifragaceae;Saxifraga	Saxifragaceae;Saxifraga	Saxifragaceae;Saxifraga	Salicaceae;Salix
P003_WH09_00103 	Saxifragaceae;Saxifraga	Saxifragaceae;Bergenia	Saxifragaceae;Saxifraga	Saxifragaceae;Saxifraga	Salicaceae;Salix	Saxifragaceae;Saxifraga
P003_WH10_00069 	Brassicaceae;Arabis	Brassicaceae;Brassica	Brassicaceae;Draba	Brassicaceae;Draba	Brassicaceae;Arabis	Asteraceae;Taraxacum
P003_WH10_00070 	Brassicaceae;Arabis	Brassicaceae;Arabis	Brassicaceae;Draba	Brassicaceae;Draba	Asteraceae;Taraxacum	Brassicaceae;Draba
P003_WH11_00030 	Asteraceae;Aster	Asteraceae;Pityopsis	Juncaceae;Luzula	Asteraceae;Solidago	Asteraceae;Aster	Asteraceae;Taraxacum
P003_WH11_00032 	Asteraceae;Aster	Asteraceae;Linochilus	Asteraceae;Solidago	Asteraceae;Aster	Asteraceae;Aster	Asteraceae;Erigeron
P003_WH12_00146 	Cyperaceae;Carex	Cyperaceae;Carex	Asteraceae;Cirsium	Cyperaceae;Carex	Cyperaceae;Carex	Cyperaceae;Carex
P003_WH12_00147 	Cyperaceae;Carex	Cyperaceae;Carex	Cyperaceae;Carex	Cyperaceae;Carex	Cyperaceae;Carex	Cyperaceae;Carex
P004_WA02_00075 	Primulaceae;Primula	Primulaceae;Primula	Primulaceae;Primula	Primulaceae;Primula	Primulaceae;Primula	Primulaceae;Soldanella
P004_WA02_00076 	Primulaceae;Primula	Primulaceae;Primula	Primulaceae;Primula	Primulaceae;Primula	Primulaceae;Trientalis	Primulaceae;Primula
P004_WB02_00046 	Ericaceae;Pieris	Ericaceae;Gaultheria	Ericaceae;Phyllodoce	Ericaceae;Empetrum	Fabaceae;Hedysarum	Primulaceae;Trientalis
P004_WB02_00047 	Ericaceae;Pieris	Ericaceae;Vaccinium	Ericaceae;Vaccinium	Ericaceae;Vaccinium	Ericaceae;Vaccinium	Ericaceae;Harrimanella
P004_WC01_00031 	Poaceae;Hierochloe	Poaceae;Avena	Poaceae;Bromus	Poaceae;Trisetum	Poaceae;Hierochloe	Poaceae;Hierochloe
P004_WC01_00033 	Poaceae;Hierochloe	Poaceae;Hierochloe	Poaceae;Hierochloe	Poaceae;Arctophila	Poaceae;Dupontia	Poaceae;Arctagrostis
P004_WC02_00015 	Polygonaceae;Polygonum	Polygonaceae;Bistorta	Polygonaceae;Polygonum	Polygonaceae;Persicaria	Polygonaceae;Bistorta	Polygonaceae;Rumex
P004_WC02_00017 	Polygonaceae;Polygonum	Polygonaceae;Bistorta	Polygonaceae;Bistorta	Polygonaceae;Rumex	Cyperaceae;Carex	Polygonaceae;Rumex
P004_WD01_00068 	Poaceae;Festuca	Poaceae;Lygeum	Poaceae;Sesleria	Poaceae;Festuca	Poaceae;Poa	Poaceae;Poa
P004_WD01_00070 	Poaceae;Festuca	Poaceae;Festuca	Poaceae;Festuca	Poaceae;Festuca	Poaceae;Festuca	Poaceae;Festuca
P004_WD02_00076 	Asteraceae;Antennaria	Asteraceae;Antennaria	Poaceae;Festuca	Asteraceae;Antennaria	Asteraceae;Antennaria	Asteraceae;Omalotheca
P004_WD02_00077 	Asteraceae;Antennaria	Asteraceae;Anaphalis	Asteraceae;Antennaria	Asteraceae;Antennaria	Poaceae;Festuca	Asteraceae;Antennaria
P004_WH01_00042 	Caryophyllaceae;Minuartia	Caryophyllaceae;Stellaria	Rosaceae;Spiraea	Caryophyllaceae;Minuartia	Caryophyllaceae;Sagina	Caryophyllaceae;Minuartia
P004_WH01_00043 	Caryophyllaceae;Minuartia	Caryophyllaceae;Spergula	Caryophyllaceae;Minuartia	Caryophyllaceae;Minuartia	Caryophyllaceae;Dianthus	Ranunculaceae;Ranunculus
P8807_503_00084 	Ericaceae;Pyrola	Ericaceae;Pyrola	Ericaceae;Pyrola	Ericaceae;Pyrola	Ericaceae;Pyrola	Ericaceae;Arctous
P8807_503_00086 	Ericaceae;Pyrola	Ericaceae;Orthilia	Ericaceae;Pyrola	Ericaceae;Pyrola	Ericaceae;Pyrola	Ericaceae;Arctous
P8807_504_00088 	Salicaceae;Salix	Salicaceae;Salix	Salicaceae;Salix	Salicaceae;Salix	Salicaceae;Salix	Salicaceae;Salix
P8807_504_00090 	Salicaceae;Salix	Salicaceae;Salix	Salicaceae;Salix	Salicaceae;Salix	Salicaceae;Salix	Salicaceae;Salix
P8807_508_00109 	Asteraceae;Hieracium	Asteraceae;Taraxacum	Asteraceae;Hieracium	Asteraceae;Saussurea	Asteraceae;Hieracium	Asteraceae;Taraxacum
P8807_508_00110 	Asteraceae;Hieracium	Asteraceae;Sonchus	Asteraceae;Hieracium	Asteraceae;Hieracium	Asteraceae;Hieracium	Asteraceae;Taraxacum
P8807_509_00048 	Orobanchaceae;Pedicularis	Orobanchaceae;Castilleja	Orobanchaceae;Pedicularis	Onagraceae;Epilobium	Orobanchaceae;Pedicularis	Orobanchaceae;Pedicularis
P8807_509_00050 	Orobanchaceae;Pedicularis	Orobanchaceae;Pedicularis	Orobanchaceae;Pedicularis	Onagraceae;Epilobium	Orobanchaceae;Pedicularis	Orobanchaceae;Pedicularis
P8807_511_00060 	Poaceae;Poa	Poaceae;Catapodium	Poaceae;Sesleria	Poaceae;Poa	Saxifragaceae;Saxifraga	Poaceae;Hyalopoa
P8807_511_00061 	Poaceae;Poa	Poaceae;Poa	Poaceae;Poa	Poaceae;Poa	Poaceae;Poa	Poaceae;Poa
P8807_512_00134 	Cyperaceae;Carex	Cyperaceae;Carex	Cyperaceae;Carex	Cyperaceae;Carex	Cyperaceae;Carex	Cyperaceae;Carex
P8807_512_00135 	Cyperaceae;Carex	Cyperaceae;Carex	Cyperaceae;Carex	Cyperaceae;Carex	Asteraceae;Cirsium	Cyperaceae;Carex
P8807_513_00108 	Juncaceae;Luzula	Juncaceae;Juncus	Juncaceae;Luzula	Juncaceae;Luzula	Cyperaceae;Carex	Juncaceae;Luzula
P8807_513_00110 	Juncaceae;Luzula	Cyperaceae;Hypolytrum	Juncaceae;Luzula	Juncaceae;Luzula	Juncaceae;Luzula	Juncaceae;Luzula
P8807_514_00103 	Ericaceae;Harrimanella	Ericaceae;Vaccinium	Ericaceae;Harrimanella	Ericaceae;Vaccinium	Ericaceae;Vaccinium	Ericaceae;Vaccinium
P8807_514_00105 	Ericaceae;Harrimanella	Ericaceae;Rhododendron	Ericaceae;Harrimanella	Ericaceae;Rhododendron	Ericaceae;Rhododendron	Ericaceae;Andromeda
P8807_515_00027 	Asteraceae;Saussurea	Asteraceae;Taraxacum	Asteraceae;Hieracium	Asteraceae;Saussurea	Asteraceae;Hieracium	Asteraceae;Taraxacum
P8807_515_00029 	Asteraceae;Saussurea	Asteraceae;Saussurea	Asteraceae;Saussurea	Plantaginaceae;Veronica	Asteraceae;Cirsium	Asteraceae;Taraxacum
P8807_516_00100 	Caryophyllaceae;Cerastium	Caryophyllaceae;Cerastium	Caryophyllaceae;Cerastium	Caryophyllaceae;Cerastium	Cyperaceae;Carex	Caryophyllaceae;Cerastium
P8807_516_00102 	Caryophyllaceae;Cerastium	Caryophyllaceae;Cerastium	Caryophyllaceae;Cerastium	Caryophyllaceae;Cerastium	Cyperaceae;Carex	Caryophyllaceae;Cerastium
P8807_517_00130 	Ericaceae;Vaccinium	Ericaceae;Vaccinium	Ericaceae;Vaccinium	Ericaceae;Vaccinium	Ericaceae;Pieris	Ericaceae;Harrimanella
P8807_517_00132 	Ericaceae;Vaccinium	Ericaceae;Vaccinium	Ericaceae;Vaccinium	Ericaceae;Vaccinium	Ericaceae;Vaccinium	Ericaceae;Vaccinium
P8807_518_00089 	Cyperaceae;Carex	Cyperaceae;Carex	Cyperaceae;Carex	Cyperaceae;Carex	Cyperaceae;Carex	Cyperaceae;Carex
P8807_518_00090 	Cyperaceae;Carex	Cyperaceae;Carex	Cyperaceae;Carex	Cyperaceae;Carex	Cyperaceae;Carex	Polygonaceae;Oxyria
P8807_519_00123 	Salicaceae;Salix	Salicaceae;Salix	Salicaceae;Salix	Salicaceae;Salix	Salicaceae;Salix	Salicaceae;Salix
P8807_519_00125 	Salicaceae;Salix	Salicaceae;Salix	Salicaceae;Salix	Salicaceae;Salix	Salicaceae;Salix	Salicaceae;Salix
P8807_520_00059 	Juncaceae;Juncus	Juncaceae;Juncus	Juncaceae;Juncus	Juncaceae;Juncus	Poaceae;Festuca	Asteraceae;Cirsium
P8807_520_00060 	Juncaceae;Juncus	Juncaceae;Juncus	Juncaceae;Juncus	Cyperaceae;Eriophorum	Cyperaceae;Eriophorum	Cyperaceae;Eriophorum
P8807_522_00037 	Rosaceae;Dryas	Rosaceae;Dryas	Rosaceae;Dryas	Cyperaceae;Carex	Rosaceae;Dryas	Rosaceae;Rubus
P8807_522_00098 	Rosaceae;Dryas	Rosaceae;Dryas	Rosaceae;Dryas	Rosaceae;Dryas	Fabaceae;Trifolium	Saxifragaceae;Saxifraga
P8807_523_00051 	Salicaceae;Salix	Salicaceae;Salix	Salicaceae;Salix	Salicaceae;Salix	Salicaceae;Salix	Salicaceae;Salix
P8807_523_00053 	Salicaceae;Salix	Salicaceae;Salix	Salicaceae;Salix	Salicaceae;Salix	Salicaceae;Salix	Salicaceae;Salix
P8807_524_00015 	Orobanchaceae;Pedicularis	Orobanchaceae;Castilleja	Orobanchaceae;Pedicularis	Onagraceae;Epilobium	Orobanchaceae;Pedicularis	Orobanchaceae;Pedicularis
P8807_524_00016 	Orobanchaceae;Pedicularis	Orobanchaceae;Pedicularis	Rosaceae;Potentilla	Orobanchaceae;Pedicularis	Orobanchaceae;Pedicularis	Orobanchaceae;Pedicularis
P8807_526_00066 	Equisetaceae;Equisetum	Equisetaceae;Equisetum	Equisetaceae;Equisetum	Equisetaceae;Equisetum	Equisetaceae;Equisetum	Equisetaceae;Equisetum
P8807_526_00067 	Equisetaceae;Equisetum	Equisetaceae;Equisetum	Equisetaceae;Equisetum	Equisetaceae;Equisetum	Equisetaceae;Equisetum	Equisetaceae;Equisetum
P8807_527_00087 	Fabaceae;Astragalus	Fabaceae;Astragalus	Fabaceae;Hedysarum	Fabaceae;Astragalus	Fabaceae;Trifolium	Fabaceae;Trifolium
P8807_527_00090 	Fabaceae;Astragalus	Fabaceae;Astragalus	Fabaceae;Astragalus	Fabaceae;Oxytropis	Fabaceae;Oxytropis	Fabaceae;Oxytropis
P8807_529_00032 	Cyperaceae;Carex	Caryophyllaceae;Cerastium	Caryophyllaceae;Cerastium	Caryophyllaceae;Cerastium	Cyperaceae;Carex	Caryophyllaceae;Cerastium
P8807_529_00050 	Cyperaceae;Carex	Caryophyllaceae;Cerastium	Caryophyllaceae;Cerastium	Caryophyllaceae;Cerastium	Cyperaceae;Carex	Caryophyllaceae;Cerastium
P8807_530_00075 	Cyperaceae;Carex	Cyperaceae;Carex	Cyperaceae;Carex	Cyperaceae;Carex	Cyperaceae;Carex	Cyperaceae;Carex
P8807_530_00076 	Cyperaceae;Carex	Cyperaceae;Carex	Cyperaceae;Carex	Cyperaceae;Carex	Cyperaceae;Carex	Polygonaceae;Oxyria
WA02_00008 	Salicaceae;Salix	Salicaceae;Salix	Salicaceae;Salix	Salicaceae;Salix	Salicaceae;Salix	Salicaceae;Salix
WA02_00010 	Salicaceae;Salix	Salicaceae;Salix	Salicaceae;Salix	Salicaceae;Salix	Salicaceae;Salix	Salicaceae;Salix
WA03_00092 	Poaceae;Calamagrostis	Poaceae;Agrostis	Poaceae;Calamagrostis	Poaceae;Calamagrostis	Poaceae;Calamagrostis	Poaceae;Calamagrostis
WA03_00094 	Poaceae;Calamagrostis	Poaceae;Calamagrostis	Poaceae;Calamagrostis	Poaceae;Calamagrostis	Poaceae;Anthoxanthum	Poaceae;Trisetum
WA04_00009 	Ericaceae;Pyrola	Ericaceae;Orthilia	Ericaceae;Pyrola	Ericaceae;Pyrola	Ericaceae;Pyrola	Ericaceae;Arctous
WA04_00010 	Ericaceae;Pyrola	Ericaceae;Orthilia	Ericaceae;Pyrola	Ericaceae;Pyrola	Ericaceae;Pyrola	Ericaceae;Arctous
WA05_00005 	Lentibulariaceae;Pinguicula	Lentibulariaceae;Pinguicula	Saxifragaceae;Saxifraga	Saxifragaceae;Saxifraga	Apiaceae;Bupleurum	Tofieldiaceae;Tofieldia
WA05_00067 	Lentibulariaceae;Pinguicula	Lentibulariaceae;Pinguicula	Lentibulariaceae;Pinguicula	Lentibulariaceae;Pinguicula	Plantaginaceae;Pennellianthus	Plantaginaceae;Veronica
WA06_00077 	Caryophyllaceae;Cerastium	Caryophyllaceae;Cerastium	Caryophyllaceae;Cerastium	Caryophyllaceae;Cerastium	Cyperaceae;Carex	Caryophyllaceae;Cerastium
WA06_00079 	Caryophyllaceae;Cerastium	Caryophyllaceae;Cerastium	Caryophyllaceae;Cerastium	Caryophyllaceae;Cerastium	Cyperaceae;Carex	Caryophyllaceae;Cerastium
WA11_00043 	Polygonaceae;Oxyria	Cyperaceae;Carex	Cyperaceae;Carex	Cyperaceae;Carex	Cyperaceae;Carex	Cyperaceae;Carex
WA11_00045 	Polygonaceae;Oxyria	Cyperaceae;Carex	Cyperaceae;Carex	Cyperaceae;Carex	Asteraceae;Cirsium	Cyperaceae;Carex
WA12_00064 	Cyperaceae;Carex	Polygonaceae;Fallopia	Polygonaceae;Rumex	Polygonaceae;Rumex	Polygonaceae;Rumex	Polygonaceae;Polygonum
WA12_00066 	Cyperaceae;Carex	Polygonaceae;Oxyria	Polygonaceae;Rumex	Polygonaceae;Rumex	Polygonaceae;Rumex	Polygonaceae;Polygonum
WB01_00039 	Cyperaceae;Carex	Cyperaceae;Carex	Cyperaceae;Carex	Cyperaceae;Carex	Cyperaceae;Carex	Cyperaceae;Carex
WB01_00040 	Cyperaceae;Carex	Cyperaceae;Carex	Cyperaceae;Carex	Cyperaceae;Carex	Asteraceae;Cirsium	Cyperaceae;Carex
WB02_00027 	Geraniaceae;Geranium	Geraniaceae;Geranium	Geraniaceae;Geranium	Cyperaceae;Carex	Lamiaceae;Betonica	Lentibulariaceae;Pinguicula
WB02_00028 	Geraniaceae;Geranium	Geraniaceae;Geranium	Geraniaceae;Geranium	Geraniaceae;Geranium	Papaveraceae;Papaver	Saxifragaceae;Saxifraga
WB02_00041 	Geraniaceae;Geranium	Geraniaceae;Geranium	Geraniaceae;Geranium	Geraniaceae;Geranium	Geraniaceae;Geranium	Saxifragaceae;Saxifraga
WB03_00096 	Campanulaceae;Campanula	Campanulaceae;Campanula	Campanulaceae;Campanula	Campanulaceae;Campanula	Campanulaceae;Campanula	Campanulaceae;Campanula
WB03_00098 	Campanulaceae;Campanula	Campanulaceae;Campanula	Campanulaceae;Campanula	Campanulaceae;Campanula	Asteraceae;Gnaphalium	Campanulaceae;Campanula
WB04_00108 	Equisetaceae;Equisetum	Equisetaceae;Equisetum	Equisetaceae;Equisetum	Equisetaceae;Equisetum	Equisetaceae;Equisetum	Equisetaceae;Equisetum
WB04_00109 	Equisetaceae;Equisetum	Equisetaceae;Equisetum	Equisetaceae;Equisetum	Equisetaceae;Equisetum	Equisetaceae;Equisetum	Equisetaceae;Equisetum
WB05_00061 	Asteraceae;Petasites	Asteraceae;Petasites	Asteraceae;Senecio	Asteraceae;Solidago	Asteraceae;Centaurea	Poaceae;Calamagrostis
WB05_00062 	Asteraceae;Petasites	Asteraceae;Ligularia	Asteraceae;Petasites	Asteraceae;Saussurea	Asteraceae;Hieracium	Asteraceae;Taraxacum
WB06_00070 	Poaceae;Poa	Poaceae;Lygeum	Poaceae;Sesleria	Poaceae;Festuca	Poaceae;Poa	Poaceae;Poa
WB06_00072 	Poaceae;Poa	Poaceae;Alopecurus	Poaceae;Poa	Poaceae;Trisetum	Poaceae;Poa	Poaceae;Arctagrostis
WB07_00087 	Polygonaceae;Rumex	Polygonaceae;Rumex	Polygonaceae;Rumex	Polygonaceae;Rumex	Polygonaceae;Polygonum	Cyperaceae;Carex
WB07_00089 	Polygonaceae;Rumex	Polygonaceae;Rumex	Polygonaceae;Rumex	Polygonaceae;Rumex	Cyperaceae;Carex	Polygonaceae;Polygonum
WB08_00089 	Primulaceae;Trientalis	Primulaceae;Lysimachia	Ericaceae;Pyrola	Ericaceae;Pyrola	Ericaceae;Pyrola	Ericaceae;Pyrola
WB08_00091 	Primulaceae;Trientalis	Primulaceae;Lysimachia	Plantaginaceae;Veronica	Plantaginaceae;Veronica	Plantaginaceae;Veronica	Asteraceae;Cirsium
WB09_00048 	Saxifragaceae;Saxifraga	Saxifragaceae;Micranthes	Saxifragaceae;Saxifraga	Saxifragaceae;Saxifraga	Saxifragaceae;Saxifraga	Saxifragaceae;Saxifraga
WB09_00050 	Saxifragaceae;Saxifraga	Saxifragaceae;Tiarella	Saxifragaceae;Saxifraga	Apiaceae;Bupleurum	Lentibulariaceae;Pinguicula	Tofieldiaceae;Tofieldia
WB11_00069 	Asteraceae;Hieracium	Asteraceae;Sonchus	Asteraceae;Hieracium	Asteraceae;Hieracium	Asteraceae;Hieracium	Asteraceae;Taraxacum
WB11_00070 	Asteraceae;Hieracium	Asteraceae;Taraxacum	Asteraceae;Hieracium	Asteraceae;Saussurea	Asteraceae;Hieracium	Asteraceae;Taraxacum
WB12_00049 	Asteraceae;Taraxacum	Asteraceae;Taraxacum	Asteraceae;Hieracium	Asteraceae;Saussurea	Asteraceae;Hieracium	Asteraceae;Taraxacum
WB12_00050 	Asteraceae;Taraxacum	Asteraceae;Taraxacum	Asteraceae;Taraxacum	Asteraceae;Leontodon	Asteraceae;Taraxacum	Asteraceae;Taraxacum
WC01_00023 	Cyperaceae;Carex	Cyperaceae;Carex	Cyperaceae;Carex	Cyperaceae;Carex	Cyperaceae;Carex	Cyperaceae;Carex
WC01_00024 	Cyperaceae;Carex	Cyperaceae;Carex	Cyperaceae;Carex	Cyperaceae;Carex	Cyperaceae;Carex	Cyperaceae;Carex
WC02_00121 	Ericaceae;Arctous	Ericaceae;Arbutus	Ericaceae;Vaccinium	Ericaceae;Vaccinium	Ericaceae;Harrimanella	Ericaceae;Vaccinium
WC02_00123 	Ericaceae;Arctous	Ericaceae;Arbutus	Ericaceae;Pyrola	Ericaceae;Pyrola	Ericaceae;Pyrola	Ericaceae;Pyrola
WC03_00153 	Ericaceae;Pyrola	Ericaceae;Pyrola	Ericaceae;Pyrola	Ericaceae;Pyrola	Ericaceae;Pyrola	Ericaceae;Arctous
WC03_00155 	Ericaceae;Pyrola	Ericaceae;Orthilia	Ericaceae;Pyrola	Ericaceae;Pyrola	Ericaceae;Pyrola	Ericaceae;Arctous
WC04_00060 	Poaceae;Agrostis	Poaceae;Agrostis	Poaceae;Agrostis	Poaceae;Agrostis	Poaceae;Arctagrostis	Poaceae;Calamagrostis
WC04_00062 	Poaceae;Agrostis	Poaceae;Agrostis	Poaceae;Deschampsia	Poaceae;Calamagrostis	Poaceae;Calamagrostis	Poaceae;Calamagrostis
WC05_00036 	Cyperaceae;Carex	Cyperaceae;Carex	Cyperaceae;Carex	Cyperaceae;Carex	Cyperaceae;Carex	Cyperaceae;Carex
WC05_00037 	Cyperaceae;Carex	Cyperaceae;Carex	Cyperaceae;Carex	Cyperaceae;Carex	Asteraceae;Cirsium	Cyperaceae;Carex
