P001_WA01_00038 	Saxifragaceae	Poaceae	Poaceae	Poaceae	Poaceae	Poaceae
P001_WA01_00039 	Saxifragaceae	Poaceae	Poaceae	Poaceae	Poaceae	Poaceae
P001_WA03_00007 	Cyperaceae	Cyperaceae	Cyperaceae	Cyperaceae	Cyperaceae	Polygonaceae
P001_WA03_00084 	Cyperaceae	Cyperaceae	Cyperaceae	Cyperaceae	Cyperaceae	Polygonaceae
P001_WA06_00031 	Cyperaceae	Cyperaceae	Cyperaceae	Cyperaceae	Cyperaceae	Polygonaceae
P001_WA06_00137 	Cyperaceae	Cyperaceae	Asteraceae	Cyperaceae	Cyperaceae	Cyperaceae
P001_WA08_00016 	Cyperaceae	Cyperaceae	Cyperaceae	Cyperaceae	Polygonaceae	Asteraceae
P001_WA08_00081 	Cyperaceae	Cyperaceae	Cyperaceae	Polygonaceae	Cyperaceae	Cyperaceae
P001_WA08_00085 	Cyperaceae	Cyperaceae	Cyperaceae	Polygonaceae	Asteraceae	Cyperaceae
P001_WB01_00146 	Brassicaceae	Poaceae	Poaceae	Poaceae	Poaceae	Poaceae
P001_WB01_00231 	Brassicaceae	Orobanchaceae	Brassicaceae	Salicaceae	Orobanchaceae	Orobanchaceae
P001_WB01_00364 	Brassicaceae	Ranunculaceae	Ranunculaceae	Caryophyllaceae	Ranunculaceae	Ranunculaceae
P001_WB01_00483 	Brassicaceae	Brassicaceae	Asteraceae	Brassicaceae	Brassicaceae	Brassicaceae
P001_WB02_00016 	Salicaceae	Salicaceae	Salicaceae	Apiaceae	Orobanchaceae	Plantaginaceae
P001_WB02_00017 	Salicaceae	Salicaceae	Salicaceae	Salicaceae	Salicaceae	Salicaceae
P001_WB02_00199 	Salicaceae	Orobanchaceae	Brassicaceae	Salicaceae	Orobanchaceae	Orobanchaceae
P001_WB04_00084 	Cupressaceae	Betulaceae	Betulaceae	Poaceae	Caryophyllaceae	Salicaceae
P001_WB04_00085 	Cupressaceae	Betulaceae	Betulaceae	Rosaceae	Cyperaceae	Rosaceae
P001_WB05_00116 	Poaceae	Poaceae	Poaceae	Poaceae	Poaceae	Poaceae
P001_WB05_00117 	Poaceae	Poaceae	Poaceae	Poaceae	Poaceae	Poaceae
P001_WC06_00100 	Gentianaceae	Gentianaceae	Gentianaceae	Gentianaceae	Gentianaceae	Gentianaceae
P001_WC06_00101 	Gentianaceae	Gentianaceae	Gentianaceae	Gentianaceae	Gentianaceae	Gentianaceae
P001_WD03_00101 	Poaceae	Poaceae	Poaceae	Poaceae	Poaceae	Poaceae
P001_WD03_00102 	Poaceae	Poaceae	Poaceae	Poaceae	Poaceae	Poaceae
P001_WD08_00043 	Caryophyllaceae	Boraginaceae	Boraginaceae	Asteraceae	Ericaceae	Ericaceae
P001_WD08_00168 	Caryophyllaceae	Caryophyllaceae	Caryophyllaceae	Caryophyllaceae	Cyperaceae	Caryophyllaceae
P001_WD09_00005 	Gentianaceae	Gentianaceae	Gentianaceae	Gentianaceae	Gentianaceae	Gentianaceae
P001_WD09_00006 	Gentianaceae	Gentianaceae	Gentianaceae	Gentianaceae	Gentianaceae	Gentianaceae
P001_WD11_00003 	Crassulaceae	Asteraceae	Asteraceae	Cyperaceae	Asteraceae	Asteraceae
P001_WD11_00210 	Crassulaceae	Campanulaceae	Crassulaceae	Campanulaceae	Campanulaceae	Campanulaceae
P001_WD11_00212 	Crassulaceae	Cyperaceae	Crassulaceae	Cyperaceae	Cyperaceae	Cyperaceae
P001_WD11_00289 	Crassulaceae	Crassulaceae	Crassulaceae	Crassulaceae	Crassulaceae	Saxifragaceae
P001_WE04_00107 	Tofieldiaceae	Cyperaceae	Cyperaceae	Onagraceae	Cyperaceae	Cyperaceae
P001_WE04_00273 	Tofieldiaceae	Tofieldiaceae	Liliaceae	Orchidaceae	Cyperaceae	Selaginellaceae
P001_WE12_00089 	Cyperaceae	Cyperaceae	Cyperaceae	Crassulaceae	Cyperaceae	Cyperaceae
P001_WE12_00222 	Cyperaceae	Poaceae	Poaceae	Poaceae	Poaceae	Poaceae
P001_WE12_00300 	Cyperaceae	Asteraceae	Asteraceae	Cyperaceae	Asteraceae	Asteraceae
P001_WF01_00121 	Equisetaceae	Equisetaceae	Equisetaceae	Equisetaceae	Equisetaceae	Equisetaceae
P001_WF01_00232 	Equisetaceae	Cyperaceae	Cyperaceae	Polygonaceae	Cyperaceae	Cyperaceae
P001_WF06_00121 	Orobanchaceae	Orobanchaceae	Brassicaceae	Salicaceae	Orobanchaceae	Orobanchaceae
P001_WF06_00237 	Orobanchaceae	Poaceae	Poaceae	Poaceae	Poaceae	Poaceae
P001_WF09_00110 	Gentianaceae	Gentianaceae	Gentianaceae	Gentianaceae	Gentianaceae	Gentianaceae
P001_WF09_00111 	Gentianaceae	Gentianaceae	Gentianaceae	Gentianaceae	Gentianaceae	Gentianaceae
P001_WG02_00157 	Cyperaceae	Cyperaceae	Cyperaceae	Polygonaceae	Cyperaceae	Cyperaceae
P001_WG02_00244 	Cyperaceae	Ranunculaceae	Cyperaceae	Selaginellaceae	Ranunculaceae	Cyperaceae
P001_WG02_00263 	Cyperaceae	Cyperaceae	Equisetaceae	Polygonaceae	Cyperaceae	Cyperaceae
P001_WG02_00280 	Cyperaceae	Cyperaceae	Polygonaceae	Cyperaceae	Cyperaceae	Cyperaceae
P001_WG03_00009 	Selaginellaceae	Cyperaceae	Cyperaceae	Cyperaceae	Cyperaceae	Cyperaceae
P001_WG03_00264 	Selaginellaceae	Celastraceae	Celastraceae	Rosaceae	Ericaceae	Ericaceae
P001_WG03_00367 	Selaginellaceae	Caryophyllaceae	Caryophyllaceae	Caryophyllaceae	Cyperaceae	Caryophyllaceae
P001_WG03_00480 	Selaginellaceae	Ranunculaceae	Cyperaceae	Selaginellaceae	Ranunculaceae	Cyperaceae
P001_WG04_00051 	Cyperaceae	Cyperaceae	Cyperaceae	Onagraceae	Cyperaceae	Cyperaceae
P001_WG04_00127 	Cyperaceae	Cyperaceae	Cyperaceae	Polygonaceae	Cyperaceae	Asteraceae
P001_WG07_00047 	Gentianaceae	Gentianaceae	Orobanchaceae	Gentianaceae	Gentianaceae	Gentianaceae
P001_WG07_00048 	Gentianaceae	Gentianaceae	Gentianaceae	Gentianaceae	Gentianaceae	Gentianaceae
P001_WG12_00086 	Poaceae	Poaceae	Poaceae	Poaceae	Poaceae	Poaceae
P001_WG12_00087 	Poaceae	Poaceae	Poaceae	Poaceae	Cyperaceae	Poaceae
P002_WA01_00092 	Poaceae	Poaceae	Poaceae	Poaceae	Poaceae	Poaceae
P002_WA01_00093 	Poaceae	Poaceae	Poaceae	Poaceae	Cyperaceae	Poaceae
P002_WA03_00079 	Poaceae	Poaceae	Orobanchaceae	Poaceae	Poaceae	Poaceae
P002_WA03_00080 	Poaceae	Poaceae	Poaceae	Cyperaceae	Poaceae	Poaceae
P002_WA05_00014 	Gentianaceae	Gentianaceae	Gentianaceae	Gentianaceae	Gentianaceae	Gentianaceae
P002_WA05_00015 	Gentianaceae	Gentianaceae	Apiaceae	Apiaceae	Apiaceae	Apiaceae
P002_WA08_00075 	Poaceae	Poaceae	Poaceae	Poaceae	Poaceae	Poaceae
P002_WA08_00076 	Poaceae	Poaceae	Poaceae	Poaceae	Poaceae	Poaceae
P002_WA11_00065 	Poaceae	Poaceae	Poaceae	Poaceae	Poaceae	Poaceae
P002_WA11_00066 	Poaceae	Poaceae	Poaceae	Poaceae	Poaceae	Poaceae
P002_WB03_00072 	Caryophyllaceae	Caryophyllaceae	Caryophyllaceae	Caryophyllaceae	Caryophyllaceae	Ranunculaceae
P002_WB03_00073 	Caryophyllaceae	Caryophyllaceae	Cupressaceae	Betulaceae	Rubiaceae	Poaceae
P002_WB08_00105 	Poaceae	Poaceae	Poaceae	Poaceae	Poaceae	Poaceae
P002_WB08_00106 	Poaceae	Poaceae	Poaceae	Poaceae	Poaceae	Poaceae
P002_WB09_00082 	Salicaceae	Salicaceae	Salicaceae	Apiaceae	Orobanchaceae	Plantaginaceae
P002_WB09_00083 	Salicaceae	Salicaceae	Salicaceae	Salicaceae	Salicaceae	Salicaceae
P002_WC01_00081 	Rosaceae	Rosaceae	Orobanchaceae	Rosaceae	Rosaceae	Rosaceae
P002_WC01_00195 	Rosaceae	Orobanchaceae	Orobanchaceae	Orobanchaceae	Onagraceae	Orobanchaceae
P002_WC05_00021 	Apiaceae	Apiaceae	Orobanchaceae	Salicaceae	Salicaceae	Plantaginaceae
P002_WC05_00022 	Apiaceae	Apiaceae	Apiaceae	Apiaceae	Apiaceae	Apiaceae
P002_WD01_00006 	Orobanchaceae	Rosaceae	Orobanchaceae	Rosaceae	Rosaceae	Rosaceae
P002_WD01_00193 	Orobanchaceae	Orobanchaceae	Orobanchaceae	Orobanchaceae	Onagraceae	Orobanchaceae
P002_WD05_00004 	Plantaginaceae	Bignoniaceae	Plantaginaceae	Orobanchaceae	Apiaceae	Salicaceae
P002_WD05_00005 	Plantaginaceae	Bignoniaceae	Lamiaceae	Plantaginaceae	Orobanchaceae	Lentibulariaceae
P002_WD06_00063 	Poaceae	Poaceae	Poaceae	Poaceae	Poaceae	Poaceae
P002_WD06_00064 	Poaceae	Poaceae	Poaceae	Poaceae	Poaceae	Poaceae
P002_WE02_00100 	Plantaginaceae	Plantaginaceae	Plantaginaceae	Asteraceae	Plantaginaceae	Plantaginaceae
P002_WE02_00101 	Plantaginaceae	Plantaginaceae	Orobanchaceae	Plantaginaceae	Salicaceae	Apiaceae
P002_WE07_00005 	Rosaceae	Rosaceae	Rosaceae	Rosaceae	Cyperaceae	Rosaceae
P002_WE07_00218 	Rosaceae	Caryophyllaceae	Caryophyllaceae	Caryophyllaceae	Caryophyllaceae	Caryophyllaceae
P002_WE09_00004 	Betulaceae	Betulaceae	Betulaceae	Poaceae	Caryophyllaceae	Salicaceae
P002_WE09_00005 	Betulaceae	Betulaceae	Cupressaceae	Rosaceae	Cyperaceae	Rosaceae
P002_WF01_00087 	Poaceae	Asteraceae	Poaceae	Plantaginaceae	Asteraceae	Asteraceae
P002_WF01_00163 	Poaceae	Poaceae	Poaceae	Poaceae	Poaceae	Poaceae
P002_WF01_00164 	Poaceae	Poaceae	Poaceae	Poaceae	Poaceae	Poaceae
P002_WG02_00091 	Fabaceae	Plantaginaceae	Fabaceae	Plantaginaceae	Asteraceae	Plantaginaceae
P002_WG02_00218 	Fabaceae	Fabaceae	Fabaceae	Fabaceae	Fabaceae	Fabaceae
P002_WG05_00046 	Poaceae	Poaceae	Poaceae	Poaceae	Poaceae	Poaceae
P002_WG05_00047 	Poaceae	Poaceae	Poaceae	Poaceae	Poaceae	Poaceae
P002_WH02_00079 	Crassulaceae	Ranunculaceae	Ranunculaceae	Crassulaceae	Ranunculaceae	Ranunculaceae
P002_WH02_00136 	Crassulaceae	Crassulaceae	Crassulaceae	Crassulaceae	Crassulaceae	Saxifragaceae
P002_WH08_00066 	Cyperaceae	Cyperaceae	Cyperaceae	Cyperaceae	Cyperaceae	Cyperaceae
P002_WH08_00072 	Cyperaceae	Cyperaceae	Cyperaceae	Cyperaceae	Selaginellaceae	Cyperaceae
P002_WH10_00052 	Poaceae	Poaceae	Poaceae	Poaceae	Poaceae	Poaceae
P002_WH10_00053 	Poaceae	Poaceae	Poaceae	Poaceae	Cyperaceae	Poaceae
P003_WA01_00073 	Rosaceae	Rosaceae	Salicaceae	Salicaceae	Apiaceae	Betulaceae
P003_WA01_00074 	Rosaceae	Rosaceae	Rosaceae	Rosaceae	Rosaceae	Rosaceae
P003_WA02_00115 	Poaceae	Poaceae	Poaceae	Poaceae	Poaceae	Poaceae
P003_WA02_00116 	Poaceae	Poaceae	Poaceae	Poaceae	Poaceae	Poaceae
P003_WA03_00036 	Polygonaceae	Polygonaceae	Polygonaceae	Salicaceae	Salicaceae	Asteraceae
P003_WA03_00037 	Polygonaceae	Polygonaceae	Polygonaceae	Polygonaceae	Polygonaceae	Cyperaceae
P003_WA06_00052 	Poaceae	Poaceae	Poaceae	Cyperaceae	Poaceae	Poaceae
P003_WA06_00053 	Poaceae	Poaceae	Poaceae	Poaceae	Poaceae	Poaceae
P003_WA07_00029 	Cyperaceae	Cyperaceae	Cyperaceae	Cyperaceae	Polygonaceae	Asteraceae
P003_WA07_00063 	Cyperaceae	Cyperaceae	Cyperaceae	Polygonaceae	Cyperaceae	Cyperaceae
P003_WA07_00085 	Cyperaceae	Cyperaceae	Cyperaceae	Asteraceae	Cyperaceae	Polygonaceae
P003_WA07_00129 	Cyperaceae	Poaceae	Poaceae	Poaceae	Poaceae	Poaceae
P003_WA07_00130 	Cyperaceae	Poaceae	Poaceae	Cyperaceae	Poaceae	Poaceae
P003_WA10_00018 	Gentianaceae	Gentianaceae	Gentianaceae	Gentianaceae	Gentianaceae	Gentianaceae
P003_WA10_00019 	Gentianaceae	Gentianaceae	Gentianaceae	Gentianaceae	Gentianaceae	Gentianaceae
P003_WA10_00096 	Gentianaceae	Primulaceae	Primulaceae	Primulaceae	Primulaceae	Primulaceae
P003_WB02_00004 	Rubiaceae	Rubiaceae	Apiaceae	Gentianaceae	Orobanchaceae	Gentianaceae
P003_WB02_00005 	Rubiaceae	Rubiaceae	Rubiaceae	Rubiaceae	Apiaceae	Apiaceae
P003_WB08_00070 	Asteraceae	Cyperaceae	Cyperaceae	Cyperaceae	Asteraceae	Cyperaceae
P003_WB08_00117 	Asteraceae	Asteraceae	Poaceae	Asteraceae	Asteraceae	Asteraceae
P003_WC07_00047 	Juncaceae	Juncaceae	Juncaceae	Juncaceae	Juncaceae	Cyperaceae
P003_WC07_00121 	Juncaceae	Brassicaceae	Brassicaceae	Asteraceae	Brassicaceae	Brassicaceae
P003_WC08_00123 	Poaceae	Poaceae	Poaceae	Poaceae	Poaceae	Poaceae
P003_WC08_00124 	Poaceae	Poaceae	Poaceae	Poaceae	Poaceae	Poaceae
P003_WC12_00009 	Juncaceae	Juncaceae	Juncaceae	Juncaceae	Juncaceae	Cyperaceae
P003_WC12_00129 	Juncaceae	Asteraceae	Asteraceae	Asteraceae	Asteraceae	Asteraceae
P003_WD12_00008 	Plantaginaceae	Plantaginaceae	Asteraceae	Plantaginaceae	Plantaginaceae	Fabaceae
P003_WD12_00226 	Plantaginaceae	Asteraceae	Asteraceae	Asteraceae	Poaceae	Asteraceae
P003_WE02_00058 	Poaceae	Poaceae	Poaceae	Poaceae	Poaceae	Poaceae
P003_WE02_00204 	Poaceae	Asteraceae	Poaceae	Asteraceae	Asteraceae	Asteraceae
P003_WE04_00097 	Poaceae	Poaceae	Poaceae	Poaceae	Poaceae	Poaceae
P003_WE04_00098 	Poaceae	Poaceae	Poaceae	Poaceae	Poaceae	Poaceae
P003_WE11_00117 	Cyperaceae	Cyperaceae	Cyperaceae	Cyperaceae	Cyperaceae	Polygonaceae
P003_WE11_00150 	Cyperaceae	Juncaceae	Juncaceae	Juncaceae	Juncaceae	Cyperaceae
P003_WE11_00229 	Cyperaceae	Cyperaceae	Cyperaceae	Cyperaceae	Cyperaceae	Polygonaceae
P003_WE12_00093 	Caryophyllaceae	Caryophyllaceae	Ranunculaceae	Caryophyllaceae	Caryophyllaceae	Caryophyllaceae
P003_WE12_00113 	Caryophyllaceae	Ranunculaceae	Ranunculaceae	Ranunculaceae	Caryophyllaceae	Ranunculaceae
P003_WE12_00114 	Caryophyllaceae	Ranunculaceae	Ranunculaceae	Brassicaceae	Ranunculaceae	Ranunculaceae
P003_WF01_00054 	Onagraceae	Orobanchaceae	Onagraceae	Rosaceae	Orobanchaceae	Orobanchaceae
P003_WF01_00229 	Onagraceae	Onagraceae	Betulaceae	Cupressaceae	Saxifragaceae	Ranunculaceae
P003_WF01_00354 	Onagraceae	Cyperaceae	Cyperaceae	Cyperaceae	Cyperaceae	Cyperaceae
P003_WF05_00070 	Orobanchaceae	Gentianaceae	Gentianaceae	Gentianaceae	Gentianaceae	Gentianaceae
P003_WF05_00071 	Orobanchaceae	Gentianaceae	Gentianaceae	Gentianaceae	Gentianaceae	Gentianaceae
P003_WF09_00112 	Gentianaceae	Gentianaceae	Gentianaceae	Gentianaceae	Gentianaceae	Gentianaceae
P003_WF09_00113 	Gentianaceae	Gentianaceae	Gentianaceae	Gentianaceae	Gentianaceae	Gentianaceae
P003_WF11_00108 	Ranunculaceae	Ranunculaceae	Ranunculaceae	Ranunculaceae	Caryophyllaceae	Ranunculaceae
P003_WF11_00109 	Ranunculaceae	Ranunculaceae	Ranunculaceae	Brassicaceae	Ranunculaceae	Ranunculaceae
P003_WF11_00154 	Ranunculaceae	Caryophyllaceae	Ranunculaceae	Caryophyllaceae	Caryophyllaceae	Caryophyllaceae
P003_WG02_00061 	Cyperaceae	Rosaceae	Rosaceae	Cyperaceae	Rosaceae	Rosaceae
P003_WG02_00125 	Cyperaceae	Cyperaceae	Cyperaceae	Cyperaceae	Cyperaceae	Cyperaceae
P003_WG02_00197 	Cyperaceae	Ranunculaceae	Cyperaceae	Ranunculaceae	Ranunculaceae	Ranunculaceae
P003_WG08_00115 	Brassicaceae	Brassicaceae	Brassicaceae	Brassicaceae	Asteraceae	Brassicaceae
P003_WG08_00235 	Brassicaceae	Saxifragaceae	Saxifragaceae	Saxifragaceae	Saxifragaceae	Saxifragaceae
P003_WG09_00125 	Poaceae	Poaceae	Orobanchaceae	Poaceae	Poaceae	Poaceae
P003_WG09_00126 	Poaceae	Poaceae	Cyperaceae	Poaceae	Poaceae	Poaceae
P003_WG11_00099 	Asteraceae	Cyperaceae	Cyperaceae	Cyperaceae	Cyperaceae	Cyperaceae
P003_WG11_00230 	Asteraceae	Plantaginaceae	Asteraceae	Plantaginaceae	Plantaginaceae	Fabaceae
P003_WG11_00296 	Asteraceae	Asteraceae	Asteraceae	Asteraceae	Poaceae	Asteraceae
P003_WG11_00384 	Asteraceae	Cyperaceae	Polygonaceae	Cyperaceae	Cyperaceae	Cyperaceae
P003_WG12_00003 	Cyperaceae	Cyperaceae	Cyperaceae	Cyperaceae	Cyperaceae	Polygonaceae
P003_WG12_00004 	Cyperaceae	Cyperaceae	Selaginellaceae	Cyperaceae	Polygonaceae	Cyperaceae
P003_WH11_00003 	Asteraceae	Juncaceae	Juncaceae	Juncaceae	Cyperaceae	Asteraceae
P003_WH11_00114 	Asteraceae	Asteraceae	Asteraceae	Asteraceae	Asteraceae	Asteraceae
P004_WC02_00087 	Polygonaceae	Polygonaceae	Polygonaceae	Polygonaceae	Polygonaceae	Polygonaceae
P004_WC02_00088 	Polygonaceae	Polygonaceae	Polygonaceae	Salicaceae	Salicaceae	Asteraceae
P8807_509_00076 	Orobanchaceae	Orobanchaceae	Plantaginaceae	Plantaginaceae	Apiaceae	Salicaceae
P8807_509_00077 	Orobanchaceae	Orobanchaceae	Rosaceae	Orobanchaceae	Orobanchaceae	Onagraceae
P8807_511_00110 	Poaceae	Poaceae	Poaceae	Poaceae	Poaceae	Poaceae
P8807_511_00111 	Poaceae	Poaceae	Poaceae	Poaceae	Poaceae	Poaceae
P8807_530_00013 	Cyperaceae	Cyperaceae	Cyperaceae	Cyperaceae	Cyperaceae	Polygonaceae
P8807_530_00124 	Cyperaceae	Cyperaceae	Cyperaceae	Cyperaceae	Cyperaceae	Polygonaceae
WA03_00029 	Poaceae	Poaceae	Poaceae	Poaceae	Poaceae	Poaceae
WA03_00030 	Poaceae	Poaceae	Poaceae	Poaceae	Poaceae	Poaceae
WA11_00096 	Polygonaceae	Cyperaceae	Cyperaceae	Cyperaceae	Cyperaceae	Cyperaceae
WA11_00101 	Polygonaceae	Cyperaceae	Cyperaceae	Cyperaceae	Cyperaceae	Cyperaceae
WC02_00001 	Ericaceae	Ericaceae	Ericaceae	Ericaceae	Ericaceae	Ericaceae
WC02_00027 	Ericaceae	Ericaceae	Ericaceae	Ericaceae	Ericaceae	Ericaceae
WC04_00045 	Poaceae	Poaceae	Poaceae	Poaceae	Poaceae	Poaceae
WC04_00046 	Poaceae	Poaceae	Poaceae	Poaceae	Poaceae	Poaceae
