P001_WA02_00108 	Orobanchaceae;Euphrasia; 	Orobanchaceae;Euphrasia	Brassicaceae;Arabis; 	Orobanchaceae;Euphrasia; 	Orobanchaceae;Bartsia; 	Orobanchaceae;Pedicularis;
P001_WA04_00007 	Salicaceae;Salix; 	Salicaceae;Salix	Salicaceae;Salix; 	Salicaceae;Salix; 	Salicaceae;Salix; 	Salicaceae;Salix;
P001_WA05_00101 	Poaceae;Festuca; 	Poaceae;Festuca	Poaceae;Festuca; 	Cyperaceae;Carex; 	Poaceae;Festuca; 	Poaceae;Festuca;
P001_WA07_00094 	Asteraceae;Omalotheca; 	Asteraceae;Pseudognaphalium	Asteraceae;Gnaphalium; 	Asteraceae;Antennaria; 	Asteraceae;Antennaria; 	Asteraceae;Antennaria;
P001_WA08_00018 	Cyperaceae;Carex; 	Cyperaceae;Hypolytrum	Orchidaceae;Coeloglossum; 	Ranunculaceae;Trollius; 	Caryophyllaceae;Silene; 	Caryophyllaceae;Silene;
P001_WA08_00019 	Cyperaceae;Carex; 	Cyperaceae;Hypolytrum	Ranunculaceae;Anemone; 	Ranunculaceae;Anemone; 	Ranunculaceae;Trollius; 	Cyperaceae;Carex;
P001_WA10_00006 	Rubiaceae;Cruciata; 	Rubiaceae;Isertia	Plantaginaceae;Pennellianthus; 	Plantaginaceae;Veronica; 	Plantaginaceae;Veronica; 	Plantaginaceae;Veronica;
P001_WA12_00013 	Asteraceae;Matricaria; 	Asteraceae;Tanacetum	Asteraceae;Anthemis; 	Asteraceae;Achillea; 	Asteraceae;Anthemis; 	Asteraceae;Leucanthemopsis;
P001_WB01_00008 	Brassicaceae;Arabis; 	Salicaceae;Salix	Salicaceae;Salix; 	Salicaceae;Salix; 	Salicaceae;Salix; 	Salicaceae;Salix;
P001_WB01_00068 	Brassicaceae;Arabis; 	Poaceae;Avenella	Poaceae;Avenella; 	Poaceae;Arctagrostis; 	Poaceae;Alopecurus; 	Poaceae;Alopecurus;
P001_WB01_00069 	Brassicaceae;Arabis; 	Poaceae;Avenella	Salicaceae;Salix; 	Poaceae;Deschampsia; 	Poaceae;Avenella; 	Poaceae;Festuca;
P001_WB01_00075 	Brassicaceae;Arabis; 	Brassicaceae;Arabis	Betulaceae;Betula; 	Betulaceae;Betula; 	Rosaceae;Spiraea; 	Salicaceae;Salix;
P001_WB01_00094 	Brassicaceae;Arabis; 	Salicaceae;Salix	Salicaceae;Salix; 	Salicaceae;Salix; 	Salicaceae;Salix; 	Salicaceae;Salix;
P001_WB01_00112 	Brassicaceae;Arabis; 	Ranunculaceae;Ranunculus	Caryophyllaceae;Dianthus; 	Ranunculaceae;Ranunculus; 	Ranunculaceae;Ranunculus; 	Cyperaceae;Carex;
P001_WB01_00222 	Brassicaceae;Arabis; 	Orobanchaceae;Euphrasia	Brassicaceae;Arabis; 	Orobanchaceae;Euphrasia; 	Orobanchaceae;Bartsia; 	Orobanchaceae;Pedicularis;
P001_WB02_00030 	Salicaceae;Salix; 	Orobanchaceae;Euphrasia	Brassicaceae;Arabis; 	Salicaceae;Salix; 	Orobanchaceae;Euphrasia; 	Orobanchaceae;Euphrasia;
P001_WB02_00146 	Salicaceae;Salix; 	Salicaceae;Salix	Salicaceae;Salix; 	Salicaceae;Salix; 	Salicaceae;Salix; 	Salicaceae;Salix;
P001_WB02_00255 	Salicaceae;Salix; 	Poaceae;Avenella	Salicaceae;Salix; 	Poaceae;Deschampsia; 	Poaceae;Avenella; 	Poaceae;Festuca;
P001_WB04_00019 	Betulaceae;Betula; 	Betulaceae;Betula	Betulaceae;Betula; 	Rosaceae;Spiraea; 	Salicaceae;Salix; 	Salicaceae;Salix;
P001_WB05_00007 	Poaceae;Anthoxanthum; 	Poaceae;Anthoxanthum	Poaceae;Calamagrostis; 	Poaceae;Agrostis; 	Poaceae;Calamagrostis; 	Poaceae;Agrostis;
P001_WB05_00008 	Poaceae;Anthoxanthum; 	Poaceae;Anthoxanthum	Poaceae;Hierochloe; 	Poaceae;Hierochloe; 	Poaceae;Calamagrostis; 	Poaceae;Agrostis;
P001_WB05_00009 	Poaceae;Anthoxanthum; 	Poaceae;Anthoxanthum	Asteraceae;Cirsium; 	Poaceae;Hierochloe; 	Poaceae;Festuca; 	Poaceae;Festuca;
P001_WB06_00011 	Gentianaceae;Comastoma; 	Gentianaceae;Swertia	Gentianaceae;Gentianella; 	Gentianaceae;Gentiana; 	Gentianaceae;Gentiana; 	Orobanchaceae;Bartsia;
P001_WB06_00013 	Gentianaceae;Comastoma; 	Gentianaceae;Swertia	Gentianaceae;Gentianella; 	Gentianaceae;Gentiana; 	Gentianaceae;Gentiana; 	Gentianaceae;Gentiana;
P001_WB07_00003 	Fabaceae;Oxytropis; 	Fabaceae;Oxytropis	Fabaceae;Oxytropis; 	Fabaceae;Oxytropis; 	Fabaceae;Astragalus; 	Fabaceae;Astragalus;
P001_WB08_00106 	Poaceae;Bromus; 	Poaceae;Bromus	Poaceae;Festuca; 	Poaceae;Sesleria; 	Poaceae;Festuca; 	Poaceae;Festuca;
P001_WB08_00107 	Poaceae;Bromus; 	Poaceae;Bromus	Poaceae;Calamagrostis; 	Poaceae;Agrostis; 	Poaceae;Calamagrostis; 	Poaceae;Agrostis;
P001_WB09_00019 	Asteraceae;Leontodon; 	Asteraceae;Taraxacum	Asteraceae;Hieracium; 	Asteraceae;Taraxacum; 	Asteraceae;Taraxacum; 	Asteraceae;Taraxacum;
P001_WB10_00022 	Poaceae;Nardus; 	Poaceae;Nardus	Poaceae;Helictotrichon; 	Cyperaceae;Carex; 	Poaceae;Festuca; 	Poaceae;Festuca;
P001_WB12_00070 	Asteraceae;Gnaphalium; 	Asteraceae;Pseudognaphalium	Asteraceae;Gnaphalium; 	Asteraceae;Antennaria; 	Asteraceae;Antennaria; 	Asteraceae;Antennaria;
P001_WB12_00128 	Asteraceae;Gnaphalium; 	Poaceae;Deschampsia	Cyperaceae;Carex; 	Poaceae;Festuca; 	Poaceae;Festuca; 	Poaceae;Festuca;
P001_WC02_00007 	Poaceae;Deschampsia; 	Poaceae;Avenella	Salicaceae;Salix; 	Poaceae;Deschampsia; 	Poaceae;Avenella; 	Poaceae;Festuca;
P001_WC03_00058 	Asteraceae;Erigeron; 	Asteraceae;Erigeron	Asteraceae;Erigeron; 	Asteraceae;Erigeron; 	Asteraceae;Hieracium; 	Asteraceae;Hieracium;
P001_WC07_00040 	Asteraceae;Leontodon; 	Asteraceae;Cichorium	Asteraceae;Hieracium; 	Asteraceae;Hieracium; 	Asteraceae;Hieracium; 	Asteraceae;Taraxacum;
P001_WC08_00095 	Apiaceae;Bupleurum; 	Apiaceae;Bupleurum	Apiaceae;Bupleurum; 	Apiaceae;Chaerophyllum; 	Apiaceae;Carum; 	Apiaceae;Carum;
P001_WC09_00090 	Lamiaceae;Betonica; 	Lamiaceae;Phlomoides	Rosaceae;Dryas; 	Rosaceae;Dryas; 	Cyperaceae;Carex; 	Rosaceae;Dryas;
P001_WC10_00111 	Apiaceae;Carum; 	Apiaceae;Carum	Apiaceae;Carum; 	Apiaceae;Seseli; 	Apiaceae;Chaerophyllum; 	Apiaceae;Bupleurum;
P001_WC11_00004 	Polygonaceae;Rumex; 	Polygonaceae;Rumex	Polygonaceae;Rumex; 	Polygonaceae;Rumex; 	Polygonaceae;Oxyria; 	Polygonaceae;Bistorta;
P001_WD01_00049 	Poaceae;Poa; 	Poaceae;Phleum	Poaceae;Poa; 	Poaceae;Phleum; 	Poaceae;Arctophila; 	Poaceae;Dupontia;
P001_WD02_00016 	Saxifragaceae;Saxifraga; 	Grossulariaceae;Ribes	Saxifragaceae;Saxifraga; 	Saxifragaceae;Saxifraga; 	Brassicaceae;Draba; 	Saxifragaceae;Saxifraga;
P001_WD03_00002 	Poaceae;Calamagrostis; 	Poaceae;Chikusichloa	Poaceae;Catabrosella; 	Poaceae;Hyalopoa; 	Poaceae;Calamagrostis; 	Poaceae;Arctagrostis;
P001_WD03_00003 	Poaceae;Calamagrostis; 	Poaceae;Agrostis	Poaceae;Calamagrostis; 	Poaceae;Agrostis; 	Poaceae;Calamagrostis; 	Poaceae;Agrostis;
P001_WD03_00004 	Poaceae;Calamagrostis; 	Poaceae;Agrostis	Poaceae;Calamagrostis; 	Poaceae;Agrostis; 	Poaceae;Calamagrostis; 	Poaceae;Agrostis;
P001_WD04_00005 	Ericaceae;Cassiope; 	Ericaceae;Rhododendron	Ericaceae;Rhododendron; 	Ericaceae;Rhododendron; 	Ericaceae;Rhododendron; 	Ericaceae;Rhododendron;
P001_WD04_00006 	Ericaceae;Cassiope; 	Ericaceae;Vaccinium	Primulaceae;Primula; 	Primulaceae;Primula; 	Primulaceae;Primula; 	Primulaceae;Trientalis;
P001_WD04_00007 	Ericaceae;Cassiope; 	Ericaceae;Rhododendron	Saxifragaceae;Chrysosplenium; 	Primulaceae;Trientalis; 	Primulaceae;Primula; 	Primulaceae;Primula;
P001_WD04_00008 	Ericaceae;Cassiope; 	Ericaceae;Rhododendron	Ericaceae;Pieris; 	Ericaceae;Rhododendron; 	Ericaceae;Rhododendron; 	Primulaceae;Trientalis;
P001_WD05_00042 	Poaceae;Avenella; 	Poaceae;Avenella	Salicaceae;Salix; 	Poaceae;Deschampsia; 	Poaceae;Avenella; 	Poaceae;Festuca;
P001_WD05_00043 	Poaceae;Avenella; 	Poaceae;Avenella	Poaceae;Avenella; 	Poaceae;Arctagrostis; 	Poaceae;Alopecurus; 	Poaceae;Alopecurus;
P001_WD07_00093 	Caryophyllaceae;Silene; 	Caryophyllaceae;Silene	Caryophyllaceae;Silene; 	Caryophyllaceae;Silene; 	Caryophyllaceae;Viscaria; 	Caryophyllaceae;Silene;
P001_WD08_00026 	Caryophyllaceae;Cerastium; 	Boraginaceae;Plagiobothrys	Boraginaceae;Myosotis; 	Plantaginaceae;Pennellianthus; 	Lamiaceae;Betonica; 	Orobanchaceae;Pedicularis;
P001_WD08_00033 	Caryophyllaceae;Cerastium; 	Ehretiaceae;Ehretia	Boraginaceae;Myosotis; 	Plantaginaceae;Veronica; 	Plantaginaceae;Veronica; 	Plantaginaceae;Veronica;
P001_WD08_00161 	Caryophyllaceae;Cerastium; 	Caryophyllaceae;Pseudocerastium	Caryophyllaceae;Cerastium; 	Caryophyllaceae;Cerastium; 	Caryophyllaceae;Cerastium; 	Caryophyllaceae;Cerastium;
P001_WD09_00064 	Gentianaceae;Gentiana; 	Gentianaceae;Gentiana	Gentianaceae;Gentiana; 	Gentianaceae;Gentiana; 	Primulaceae;Soldanella; 	Primulaceae;Soldanella;
P001_WD10_00005 	Boraginaceae;Myosotis; 	Boraginaceae;Plagiobothrys	Caryophyllaceae;Cerastium; 	Plantaginaceae;Veronica; 	Plantaginaceae;Veronica; 	Plantaginaceae;Veronica;
P001_WD11_00010 	Crassulaceae;Sedum; 	Crassulaceae;Rosularia	Crassulaceae;Sempervivum; 	Crassulaceae;Sedum; 	Crassulaceae;Rhodiola; 	Saxifragaceae;Saxifraga;
P001_WD11_00103 	Crassulaceae;Sedum; 	Asteraceae;Taraxacum	Asteraceae;Taraxacum; 	Cyperaceae;Carex; 	Asteraceae;Taraxacum; 	Asteraceae;Taraxacum;
P001_WD11_00223 	Crassulaceae;Sedum; 	Araliaceae;Panax	Apiaceae;Carum; 	Apiaceae;Carum; 	Apiaceae;Seseli; 	Apiaceae;Bupleurum;
P001_WD11_00297 	Crassulaceae;Sedum; 	Asteraceae;Taraxacum	Asteraceae;Taraxacum; 	Asteraceae;Taraxacum; 	Cyperaceae;Carex; 	Asteraceae;Taraxacum;
P001_WD12_00098 	Asteraceae;Taraxacum; 	Asteraceae;Taraxacum	Cyperaceae;Carex; 	Asteraceae;Taraxacum; 	Asteraceae;Taraxacum; 	Asteraceae;Taraxacum;
P001_WE01_00020 	Caryophyllaceae;Minuartia; 	Caryophyllaceae;Psammosilene	Caryophyllaceae;Minuartia; 	Caryophyllaceae;Minuartia; 	Caryophyllaceae;Viscaria; 	Caryophyllaceae;Sagina;
P001_WE03_00118 	Ranunculaceae;Ranunculus; 	Ranunculaceae;Helleborus	Ranunculaceae;Ranunculus; 	Betulaceae;Betula; 	Betulaceae;Betula; 	Cyperaceae;Carex;
P001_WE04_00197 	Tofieldiaceae;Tofieldia; 	Tofieldiaceae;Tofieldia	Ranunculaceae;Thalictrum; 	Cyperaceae;Carex; 	Ranunculaceae;Trollius; 	Papaveraceae;Papaver;
P001_WE05_00079 	Ericaceae;Kalmia; 	Ericaceae;Rhododendron	Ericaceae;Phyllodoce; 	Ericaceae;Harrimanella; 	Ericaceae;Harrimanella; 	Ericaceae;Rhododendron;
P001_WE06_00023 	Poaceae;Phleum; 	Poaceae;Phleum	Poaceae;Poa; 	Poaceae;Poa; 	Poaceae;Arctophila; 	Poaceae;Dupontia;
P001_WE10_00005 	Asteraceae;Taraxacum; 	Asteraceae;Taraxacum	Asteraceae;Taraxacum; 	Cyperaceae;Carex; 	Asteraceae;Taraxacum; 	Asteraceae;Taraxacum;
P001_WE11_00017 	Poaceae;Festuca; 	Poaceae;Festuca	Poaceae;Festuca; 	Cyperaceae;Carex; 	Poaceae;Festuca; 	Poaceae;Festuca;
P001_WE11_00131 	Poaceae;Festuca; 	Asteraceae;Parthenium	Asteraceae;Antennaria; 	Asteraceae;Antennaria; 	Poaceae;Festuca; 	Asteraceae;Antennaria;
P001_WE12_00248 	Cyperaceae;Carex; 	Geraniaceae;Geranium	Geraniaceae;Geranium; 	Geraniaceae;Geranium; 	Saxifragaceae;Chrysosplenium; 	Saxifragaceae;Saxifraga;
P001_WE12_00249 	Cyperaceae;Carex; 	Geraniaceae;Geranium	Asteraceae;Hieracium; 	Asteraceae;Saussurea; 	Rosaceae;Sieversia; 	Asteraceae;Saussurea;
P001_WE12_00250 	Cyperaceae;Carex; 	Geraniaceae;Geranium	Geraniaceae;Geranium; 	Rosaceae;Dryas; 	Cyperaceae;Carex; 	Rosaceae;Dryas;
P001_WE12_00251 	Cyperaceae;Carex; 	Geraniaceae;Geranium	Geraniaceae;Geranium; 	Geraniaceae;Geranium; 	Polygonaceae;Polygonum; 	Polygonaceae;Rumex;
P001_WE12_00263 	Cyperaceae;Carex; 	Poaceae;Phippsia	Poaceae;Hyalopoa; 	Cyperaceae;Carex; 	Poaceae;Festuca; 	Poaceae;Festuca;
P001_WE12_00264 	Cyperaceae;Carex; 	Poaceae;Holcus	Poaceae;Sesleria; 	Asteraceae;Cirsium; 	Poaceae;Festuca; 	Poaceae;Festuca;
P001_WE12_00286 	Cyperaceae;Carex; 	Asteraceae;Taraxacum	Cyperaceae;Carex; 	Asteraceae;Taraxacum; 	Asteraceae;Taraxacum; 	Asteraceae;Taraxacum;
P001_WF01_00025 	Equisetaceae;Equisetum; 	Ranunculaceae;Ranunculus	Equisetaceae;Equisetum; 	Ranunculaceae;Ranunculus; 	Caryophyllaceae;Dianthus; 	Ranunculaceae;Ranunculus;
P001_WF01_00027 	Equisetaceae;Equisetum; 	Ranunculaceae;Ranunculus	Brassicaceae;Arabis; 	Ranunculaceae;Ranunculus; 	Caryophyllaceae;Dianthus; 	Ranunculaceae;Ranunculus;
P001_WF01_00035 	Equisetaceae;Equisetum; 	Equisetaceae;Equisetum	Equisetaceae;Equisetum; 	Equisetaceae;Equisetum; 	Equisetaceae;Equisetum; 	Equisetaceae;Equisetum;
P001_WF01_00235 	Equisetaceae;Equisetum; 	Ranunculaceae;Ranunculus	Equisetaceae;Equisetum; 	Caryophyllaceae;Dianthus; 	Ranunculaceae;Ranunculus; 	Ranunculaceae;Ranunculus;
P001_WF03_00016 	Caryophyllaceae;Cerastium; 	Caryophyllaceae;Pseudocerastium	Caryophyllaceae;Cerastium; 	Caryophyllaceae;Cerastium; 	Caryophyllaceae;Cerastium; 	Caryophyllaceae;Cerastium;
P001_WF04_00095 	Caryophyllaceae;Silene; 	Caryophyllaceae;Silene	Saxifragaceae;Chrysosplenium; 	Saxifragaceae;Saxifraga; 	Ericaceae;Vaccinium; 	Ericaceae;Vaccinium;
P001_WF04_00096 	Caryophyllaceae;Silene; 	Caryophyllaceae;Agrostemma	Caryophyllaceae;Viscaria; 	Caryophyllaceae;Silene; 	Caryophyllaceae;Silene; 	Caryophyllaceae;Silene;
P001_WF05_00009 	Asteraceae;Antennaria; 	Asteraceae;Pseudognaphalium	Asteraceae;Antennaria; 	Asteraceae;Antennaria; 	Asteraceae;Omalotheca; 	Asteraceae;Gnaphalium;
P001_WF06_00001 	Orobanchaceae;Euphrasia; 	Orobanchaceae;Euphrasia	Brassicaceae;Arabis; 	Orobanchaceae;Euphrasia; 	Orobanchaceae;Euphrasia; 	Orobanchaceae;Bartsia;
P001_WF06_00002 	Orobanchaceae;Euphrasia; 	Orobanchaceae;Euphrasia	Brassicaceae;Arabis; 	Salicaceae;Salix; 	Orobanchaceae;Euphrasia; 	Orobanchaceae;Euphrasia;
P001_WF06_00126 	Orobanchaceae;Euphrasia; 	Orobanchaceae;Euphrasia	Brassicaceae;Arabis; 	Orobanchaceae;Euphrasia; 	Orobanchaceae;Euphrasia; 	Orobanchaceae;Bartsia;
P001_WF06_00141 	Orobanchaceae;Euphrasia; 	Poaceae;Festuca	Poaceae;Festuca; 	Gentianaceae;Gentianella; 	Asteraceae;Cirsium; 	Poaceae;Festuca;
P001_WF07_00017 	Poaceae;Festuca; 	Poaceae;Festuca	Poaceae;Festuca; 	Gentianaceae;Gentianella; 	Asteraceae;Cirsium; 	Poaceae;Festuca;
P001_WF07_00018 	Poaceae;Festuca; 	Poaceae;Cynosurus	Poaceae;Catabrosella; 	Poaceae;Hyalopoa; 	Poaceae;Calamagrostis; 	Poaceae;Arctagrostis;
P001_WF08_00020 	Orchidaceae;Coeloglossum; 	Orchidaceae;Dactylorhiza	Tofieldiaceae;Tofieldia; 	Papaveraceae;Papaver; 	Ranunculaceae;Ranunculus; 	Ranunculaceae;Ranunculus;
P001_WF09_00018 	Gentianaceae;Gentiana; 	Gentianaceae;Gentiana	Gentianaceae;Gentiana; 	Primulaceae;Soldanella; 	Primulaceae;Soldanella; 	Cyperaceae;Carex;
P001_WF10_00017 	Fabaceae;Anthyllis; 	Fabaceae;Lotus	Primulaceae;Trientalis; 	Primulaceae;Primula; 	Primulaceae;Primula; 	Primulaceae;Soldanella;
P001_WF11_00085 	Apiaceae;Seseli; 	Apiaceae;Levisticum	Apiaceae;Carum; 	Apiaceae;Carum; 	Apiaceae;Chaerophyllum; 	Apiaceae;Bupleurum;
P001_WF12_00110 	Geraniaceae;Geranium; 	Geraniaceae;Geranium	Cyperaceae;Carex; 	Geraniaceae;Geranium; 	Polygonaceae;Polygonum; 	Polygonaceae;Rumex;
P001_WF12_00111 	Geraniaceae;Geranium; 	Geraniaceae;Geranium	Geraniaceae;Geranium; 	Rosaceae;Dryas; 	Cyperaceae;Carex; 	Rosaceae;Dryas;
P001_WF12_00113 	Geraniaceae;Geranium; 	Geraniaceae;Geranium	Geraniaceae;Geranium; 	Geraniaceae;Geranium; 	Saxifragaceae;Chrysosplenium; 	Saxifragaceae;Saxifraga;
P001_WF12_00114 	Geraniaceae;Geranium; 	Geraniaceae;Geranium	Geraniaceae;Geranium; 	Rosaceae;Dryas; 	Cyperaceae;Carex; 	Rosaceae;Dryas;
P001_WF12_00115 	Geraniaceae;Geranium; 	Geraniaceae;Geranium	Geraniaceae;Geranium; 	Betulaceae;Betula; 	Liliaceae;Fritillaria; 	Ranunculaceae;Pulsatilla;
P001_WF12_00116 	Geraniaceae;Geranium; 	Geraniaceae;Geranium	Rosaceae;Dryas; 	Rosaceae;Dryas; 	Cyperaceae;Carex; 	Rosaceae;Dryas;
P001_WF12_00117 	Geraniaceae;Geranium; 	Geraniaceae;Geranium	Rosaceae;Spiraea; 	Apiaceae;Carum; 	Apiaceae;Carum; 	Asteraceae;Taraxacum;
P001_WF12_00139 	Geraniaceae;Geranium; 	Poaceae;Holcus	Asteraceae;Leontodon; 	Liliaceae;Fritillaria; 	Asteraceae;Hieracium; 	Asteraceae;Taraxacum;
P001_WG01_00122 	Ranunculaceae;Thalictrum; 	Ranunculaceae;Thalictrum	Cyperaceae;Carex; 	Ranunculaceae;Trollius; 	Brassicaceae;Arabis; 	Ranunculaceae;Ranunculus;
P001_WG02_00146 	Cyperaceae;Carex; 	Ranunculaceae;Thalictrum	Cyperaceae;Carex; 	Ranunculaceae;Trollius; 	Brassicaceae;Arabis; 	Ranunculaceae;Ranunculus;
P001_WG05_00068 	Caryophyllaceae;Viscaria; 	Caryophyllaceae;Psammosilene	Caryophyllaceae;Sagina; 	Rosaceae;Spiraea; 	Brassicaceae;Draba; 	Brassicaceae;Draba;
P001_WG06_00109 	Saxifragaceae;Saxifraga; 	Saxifragaceae;Saxifraga	Saxifragaceae;Saxifraga; 	Saxifragaceae;Saxifraga; 	Saxifragaceae;Saxifraga; 	Saxifragaceae;Saxifraga;
P001_WG07_00044 	Gentianaceae;Gentianella; 	Gentianaceae;Swertia	Gentianaceae;Gentiana; 	Gentianaceae;Gentiana; 	Gentianaceae;Gentiana; 	Gentianaceae;Gentiana;
P001_WG07_00099 	Gentianaceae;Gentianella; 	Gentianaceae;Swertia	Gentianaceae;Gentianella; 	Gentianaceae;Gentiana; 	Gentianaceae;Gentiana; 	Orobanchaceae;Bartsia;
P001_WG07_00117 	Gentianaceae;Gentianella; 	Poaceae;Festuca	Poaceae;Festuca; 	Gentianaceae;Gentianella; 	Asteraceae;Cirsium; 	Poaceae;Festuca;
P001_WG08_00021 	Asteraceae;Anthemis; 	Asteraceae;Tanacetum	Asteraceae;Matricaria; 	Asteraceae;Achillea; 	Asteraceae;Anthemis; 	Asteraceae;Leucanthemopsis;
P001_WG10_00005 	Asteraceae;Taraxacum; 	Asteraceae;Taraxacum	Asteraceae;Taraxacum; 	Asteraceae;Taraxacum; 	Asteraceae;Taraxacum; 	Cyperaceae;Carex;
P001_WG11_00006 	Liliaceae;Gagea; 	Liliaceae;Gagea	Asteraceae;Scorzonera; 	Asteraceae;Hieracium; 	Asteraceae;Petasites; 	Asteraceae;Hieracium;
P001_WG12_00120 	Poaceae;Catabrosella; 	Poaceae;Chikusichloa	Poaceae;Catabrosella; 	Poaceae;Hyalopoa; 	Poaceae;Calamagrostis; 	Poaceae;Arctagrostis;
P001_WG12_00121 	Poaceae;Catabrosella; 	Poaceae;Phippsia	Poaceae;Catabrosella; 	Poaceae;Hyalopoa; 	Cyperaceae;Carex; 	Poaceae;Festuca;
P001_WG12_00122 	Poaceae;Catabrosella; 	Poaceae;Sclerochloa	Poaceae;Catabrosella; 	Poaceae;Hyalopoa; 	Cyperaceae;Carex; 	Poaceae;Festuca;
P001_WG12_00123 	Poaceae;Catabrosella; 	Poaceae;Deschampsia	Poaceae;Catabrosella; 	Brassicaceae;Arabis; 	Poaceae;Avenella; 	Cyperaceae;Carex;
P001_WG12_00135 	Poaceae;Catabrosella; 	Poaceae;Deschampsia	Poaceae;Catabrosella; 	Brassicaceae;Arabis; 	Poaceae;Avenella; 	Cyperaceae;Carex;
P001_WG12_00136 	Poaceae;Catabrosella; 	Poaceae;Sclerochloa	Poaceae;Catabrosella; 	Poaceae;Hyalopoa; 	Cyperaceae;Carex; 	Poaceae;Festuca;
P001_WG12_00137 	Poaceae;Catabrosella; 	Poaceae;Phippsia	Poaceae;Catabrosella; 	Poaceae;Hyalopoa; 	Cyperaceae;Carex; 	Poaceae;Festuca;
P001_WG12_00138 	Poaceae;Catabrosella; 	Poaceae;Chikusichloa	Poaceae;Catabrosella; 	Poaceae;Hyalopoa; 	Poaceae;Calamagrostis; 	Poaceae;Arctagrostis;
P001_WG12_00141 	Poaceae;Catabrosella; 	Asteraceae;Taraxacum	Asteraceae;Taraxacum; 	Asteraceae;Taraxacum; 	Asteraceae;Taraxacum; 	Asteraceae;Hieracium;
P001_WH01_00109 	Celastraceae;Parnassia; 	Celastraceae;Parnassia	Ranunculaceae;Thalictrum; 	Cyperaceae;Carex; 	Ranunculaceae;Trollius; 	Gentianaceae;Gentiana;
P001_WH02_00111 	Salicaceae;Salix; 	Salicaceae;Salix	Salicaceae;Salix; 	Salicaceae;Salix; 	Salicaceae;Salix; 	Salicaceae;Salix;
P001_WH04_00004 	Saxifragaceae;Saxifraga; 	Saxifragaceae;Saxifraga	Saxifragaceae;Saxifraga; 	Saxifragaceae;Saxifraga; 	Saxifragaceae;Saxifraga; 	Saxifragaceae;Saxifraga;
P001_WH05_00087 	Plantaginaceae;Veronica; 	Plantaginaceae;Veronica	Plantaginaceae;Veronica; 	Plantaginaceae;Veronica; 	Plantaginaceae;Veronica; 	Fabaceae;Hedysarum;
P001_WH06_00137 	Poaceae;Trisetum; 	Poaceae;Koeleria	Poaceae;Calamagrostis; 	Poaceae;Agrostis; 	Poaceae;Calamagrostis; 	Poaceae;Agrostis;
P001_WH06_00138 	Poaceae;Trisetum; 	Poaceae;Koeleria	Poaceae;Calamagrostis; 	Poaceae;Agrostis; 	Poaceae;Calamagrostis; 	Poaceae;Agrostis;
P001_WH06_00139 	Poaceae;Trisetum; 	Poaceae;Koeleria	Poaceae;Festuca; 	Poaceae;Sesleria; 	Poaceae;Festuca; 	Poaceae;Festuca;
P001_WH06_00191 	Poaceae;Trisetum; 	Asteraceae;Taraxacum	Asteraceae;Scorzonera; 	Asteraceae;Hieracium; 	Poaceae;Festuca; 	Asteraceae;Antennaria;
P001_WH07_00005 	Asteraceae;Scorzonera; 	Asteraceae;Gymnanthemum	Asteraceae;Hieracium; 	Asteraceae;Taraxacum; 	Asteraceae;Taraxacum; 	Asteraceae;Taraxacum;
P001_WH08_00101 	Asteraceae;Anthemis; 	Asteraceae;Tanacetum	Asteraceae;Achillea; 	Asteraceae;Anthemis; 	Asteraceae;Matricaria; 	Asteraceae;Leucanthemopsis;
P001_WH09_00032 	Primulaceae;Primula; 	Primulaceae;Primula	Primulaceae;Primula; 	Primulaceae;Primula; 	Primulaceae;Primula; 	Primulaceae;Primula;
P001_WH10_00046 	Hypericaceae;Hypericum; 	Hypericaceae;Hypericum	Salicaceae;Salix; 	Salicaceae;Salix; 	Salicaceae;Salix; 	Salicaceae;Salix;
P001_WH10_00083 	Hypericaceae;Hypericum; 	Primulaceae;Primula	Hypericaceae;Hypericum; 	Primulaceae;Primula; 	Primulaceae;Primula; 	Primulaceae;Trientalis;
P001_WH10_00115 	Hypericaceae;Hypericum; 	Asteraceae;Linochilus	Asteraceae;Erigeron; 	Asteraceae;Erigeron; 	Asteraceae;Aster; 	Asteraceae;Erigeron;
P001_WH11_00034 	Asteraceae;Erigeron; 	Asteraceae;Erigeron	Asteraceae;Erigeron; 	Asteraceae;Erigeron; 	Asteraceae;Hieracium; 	Asteraceae;Hieracium;
P001_WH12_00005 	Asteraceae;Hieracium; 	Asteraceae;Cichorium	Asteraceae;Taraxacum; 	Asteraceae;Taraxacum; 	Asteraceae;Taraxacum; 	Cyperaceae;Carex;
P002_WA01_00005 	Poaceae;Hyalopoa; 	Poaceae;Chikusichloa	Poaceae;Catabrosella; 	Poaceae;Hyalopoa; 	Poaceae;Calamagrostis; 	Poaceae;Arctagrostis;
P002_WA01_00006 	Poaceae;Hyalopoa; 	Poaceae;Phippsia	Cyperaceae;Carex; 	Cyperaceae;Carex; 	Poaceae;Festuca; 	Poaceae;Festuca;
P002_WA01_00007 	Poaceae;Hyalopoa; 	Poaceae;Sclerochloa	Poaceae;Catabrosella; 	Poaceae;Catabrosella; 	Poaceae;Festuca; 	Poaceae;Festuca;
P002_WA02_00066 	Fabaceae;Trifolium; 	Fabaceae;Trifolium	Fabaceae;Trifolium; 	Fabaceae;Anthyllis; 	Fabaceae;Astragalus; 	Fabaceae;Oxytropis;
P002_WA03_00112 	Poaceae;Festuca; 	Poaceae;Festuca	Poaceae;Festuca; 	Cyperaceae;Carex; 	Poaceae;Festuca; 	Poaceae;Festuca;
P002_WA04_00109 	Apiaceae;Carum; 	Apiaceae;Carum	Apiaceae;Carum; 	Apiaceae;Seseli; 	Apiaceae;Chaerophyllum; 	Apiaceae;Bupleurum;
P002_WA05_00047 	Gentianaceae;Gentiana; 	Gentianaceae;Gentiana	Rosaceae;Dryas; 	Rosaceae;Dryas; 	Cyperaceae;Carex; 	Rosaceae;Dryas;
P002_WA06_00108 	Apiaceae;Peucedanum; 	Apiaceae;Glehnia	Apiaceae;Ligusticum; 	Apiaceae;Tilingia; 	Apiaceae;Seseli; 	Crassulaceae;Sedum;
P002_WA07_00115 	Ericaceae;Harrimanella; 	Ericaceae;Vaccinium	Ericaceae;Harrimanella; 	Ericaceae;Vaccinium; 	Ericaceae;Andromeda; 	Primulaceae;Trientalis;
P002_WA08_00128 	Poaceae;Poa; 	Poaceae;Poa	Poaceae;Poa; 	Poaceae;Poa; 	Poaceae;Poa; 	Poaceae;Phleum;
P002_WA08_00129 	Poaceae;Poa; 	Poaceae;Poa	Poaceae;Poa; 	Poaceae;Poa; 	Poaceae;Poa; 	Poaceae;Poa;
P002_WA09_00104 	Rosaceae;Dryas; 	Rosaceae;Dryas	Rosaceae;Dryas; 	Cyperaceae;Carex; 	Rosaceae;Dryas; 	Rosaceae;Spiraea;
P002_WA10_00105 	Ericaceae;Rhododendron; 	Ericaceae;Rhododendron	Ericaceae;Rhododendron; 	Ericaceae;Rhododendron; 	Ericaceae;Rhododendron; 	Ericaceae;Rhododendron;
P002_WA10_00106 	Ericaceae;Rhododendron; 	Ericaceae;Rhododendron	Ericaceae;Rhododendron; 	Ericaceae;Rhododendron; 	Ericaceae;Vaccinium; 	Primulaceae;Trientalis;
P002_WA10_00107 	Ericaceae;Rhododendron; 	Ericaceae;Rhododendron	Ericaceae;Rhododendron; 	Ericaceae;Rhododendron; 	Ericaceae;Rhododendron; 	Ericaceae;Rhododendron;
P002_WA11_00114 	Poaceae;Calamagrostis; 	Poaceae;Agrostis	Poaceae;Calamagrostis; 	Poaceae;Agrostis; 	Poaceae;Calamagrostis; 	Poaceae;Agrostis;
P002_WA11_00115 	Poaceae;Calamagrostis; 	Poaceae;Agrostis	Poaceae;Calamagrostis; 	Poaceae;Agrostis; 	Poaceae;Calamagrostis; 	Poaceae;Agrostis;
P002_WA12_00090 	Saxifragaceae;Saxifraga; 	Saxifragaceae;Saxifraga	Saxifragaceae;Saxifraga; 	Saxifragaceae;Saxifraga; 	Saxifragaceae;Saxifraga; 	Saxifragaceae;Saxifraga;
P002_WB01_00016 	Apiaceae;Chaerophyllum; 	Apiaceae;Anthriscus	Apiaceae;Carum; 	Apiaceae;Seseli; 	Apiaceae;Carum; 	Apiaceae;Bupleurum;
P002_WB02_00040 	Primulaceae;Primula; 	Primulaceae;Primula	Primulaceae;Primula; 	Primulaceae;Primula; 	Primulaceae;Primula; 	Primulaceae;Primula;
P002_WB03_00093 	Caryophyllaceae;Arenaria; 	Caryophyllaceae;Colobanthus	Caryophyllaceae;Minuartia; 	Caryophyllaceae;Viscaria; 	Caryophyllaceae;Stellaria; 	Caryophyllaceae;Stellaria;
P002_WB04_00096 	Poaceae;Helictotrichon; 	Poaceae;Helictochloa	Poaceae;Festuca; 	Cyperaceae;Carex; 	Poaceae;Festuca; 	Poaceae;Festuca;
P002_WB05_00021 	Orobanchaceae;Pedicularis; 	Orobanchaceae;Pedicularis	Orobanchaceae;Pedicularis; 	Orobanchaceae;Pedicularis; 	Orobanchaceae;Pedicularis; 	Orobanchaceae;Pedicularis;
P002_WB06_00037 	Rosaceae;Potentilla; 	Rosaceae;Potentilla	Rosaceae;Potentilla; 	Orobanchaceae;Pedicularis; 	Rosaceae;Potentilla; 	Rosaceae;Potentilla;
P002_WB08_00097 	Poaceae;Poa; 	Poaceae;Poa	Poaceae;Poa; 	Poaceae;Poa; 	Poaceae;Poa; 	Poaceae;Phleum;
P002_WB08_00098 	Poaceae;Poa; 	Poaceae;Poa	Poaceae;Poa; 	Poaceae;Poa; 	Poaceae;Poa; 	Poaceae;Poa;
P002_WB09_00066 	Salicaceae;Salix; 	Salicaceae;Salix	Salicaceae;Salix; 	Salicaceae;Salix; 	Salicaceae;Salix; 	Salicaceae;Salix;
P002_WB10_00016 	Caryophyllaceae;Stellaria; 	Caryophyllaceae;Pseudocerastium	Caryophyllaceae;Stellaria; 	Caryophyllaceae;Cerastium; 	Caryophyllaceae;Cerastium; 	Caryophyllaceae;Cerastium;
P002_WB11_00073 	Orobanchaceae;Pedicularis; 	Orobanchaceae;Pedicularis	Orobanchaceae;Pedicularis; 	Orobanchaceae;Pedicularis; 	Orobanchaceae;Pedicularis; 	Orobanchaceae;Pedicularis;
P002_WB12_00101 	Saxifragaceae;Chrysosplenium; 	Saxifragaceae;Chrysosplenium	Saxifragaceae;Saxifraga; 	Saxifragaceae;Saxifraga; 	Crassulaceae;Sempervivum; 	Crassulaceae;Rhodiola;
P002_WB12_00102 	Saxifragaceae;Chrysosplenium; 	Saxifragaceae;Chrysosplenium	Saxifragaceae;Saxifraga; 	Caryophyllaceae;Silene; 	Apiaceae;Tilingia; 	Apiaceae;Ligusticum;
P002_WC01_00048 	Rosaceae;Potentilla; 	Rosaceae;Adenostoma	Orobanchaceae;Pedicularis; 	Rosaceae;Potentilla; 	Cyperaceae;Carex; 	Rosaceae;Dryas;
P002_WC01_00176 	Rosaceae;Potentilla; 	Orobanchaceae;Pedicularis	Orobanchaceae;Pedicularis; 	Orobanchaceae;Pedicularis; 	Orobanchaceae;Pedicularis; 	Orobanchaceae;Pedicularis;
P002_WC01_00177 	Rosaceae;Potentilla; 	Rosaceae;Potentilla	Orobanchaceae;Pedicularis; 	Rosaceae;Potentilla; 	Rosaceae;Potentilla; 	Rosaceae;Potentilla;
P002_WC02_00027 	Fabaceae;Oxytropis; 	Fabaceae;Oxytropis	Fabaceae;Oxytropis; 	Fabaceae;Astragalus; 	Fabaceae;Astragalus; 	Fabaceae;Anthyllis;
P002_WC03_00022 	Orobanchaceae;Euphrasia; 	Orobanchaceae;Euphrasia	Orobanchaceae;Euphrasia; 	Brassicaceae;Arabis; 	Orobanchaceae;Bartsia; 	Orobanchaceae;Pedicularis;
P002_WC04_00098 	Asteraceae;Aster; 	Asteraceae;Aster	Juncaceae;Luzula; 	Asteraceae;Aster; 	Asteraceae;Solidago; 	Asteraceae;Hieracium;
P002_WC05_00007 	Apiaceae;Tilingia; 	Apiaceae;Ostericum	Apiaceae;Carum; 	Caryophyllaceae;Stellaria; 	Caryophyllaceae;Stellaria; 	Gentianaceae;Gentiana;
P002_WC07_00036 	Ericaceae;Rhododendron; 	Ericaceae;Rhododendron	Ericaceae;Rhododendron; 	Ericaceae;Rhododendron; 	Ericaceae;Rhododendron; 	Ericaceae;Rhododendron;
P002_WC07_00037 	Ericaceae;Rhododendron; 	Ericaceae;Rhododendron	Ericaceae;Rhododendron; 	Ericaceae;Rhododendron; 	Ericaceae;Rhododendron; 	Ericaceae;Rhododendron;
P002_WC07_00039 	Ericaceae;Rhododendron; 	Ericaceae;Rhododendron	Primulaceae;Trientalis; 	Primulaceae;Primula; 	Primulaceae;Primula; 	Primulaceae;Primula;
P002_WC08_00005 	Brassicaceae;Cardamine; 	Brassicaceae;Cardamine	Brassicaceae;Cardamine; 	Brassicaceae;Cardamine; 	Brassicaceae;Arabis; 	Brassicaceae;Cochlearia;
P002_WC09_00118 	Fabaceae;Astragalus; 	Fabaceae;Astragalus	Fabaceae;Astragalus; 	Fabaceae;Oxytropis; 	Fabaceae;Oxytropis; 	Fabaceae;Anthyllis;
P002_WC10_00059 	Polygonaceae;Persicaria; 	Polygonaceae;Bistorta	Polygonaceae;Bistorta; 	Polygonaceae;Polygonum; 	Polygonaceae;Bistorta; 	Polygonaceae;Rumex;
P002_WC11_00034 	Caryophyllaceae;Minuartia; 	Caryophyllaceae;Psammosilene	Caryophyllaceae;Minuartia; 	Caryophyllaceae;Minuartia; 	Caryophyllaceae;Viscaria; 	Caryophyllaceae;Sagina;
P002_WD01_00089 	Orobanchaceae;Pedicularis; 	Orobanchaceae;Pedicularis	Rosaceae;Potentilla; 	Orobanchaceae;Pedicularis; 	Orobanchaceae;Pedicularis; 	Orobanchaceae;Pedicularis;
P002_WD01_00095 	Orobanchaceae;Pedicularis; 	Rosaceae;Adenostoma	Orobanchaceae;Pedicularis; 	Rosaceae;Potentilla; 	Cyperaceae;Carex; 	Rosaceae;Dryas;
P002_WD01_00106 	Orobanchaceae;Pedicularis; 	Rosaceae;Potentilla	Orobanchaceae;Pedicularis; 	Rosaceae;Potentilla; 	Rosaceae;Potentilla; 	Rosaceae;Potentilla;
P002_WD02_00100 	Violaceae;Viola; 	Violaceae;Viola	Violaceae;Viola; 	Salicaceae;Salix; 	Brassicaceae;Cardamine; 	Brassicaceae;Cardamine;
P002_WD03_00005 	Asteraceae;Erigeron; 	Asteraceae;Erigeron	Asteraceae;Erigeron; 	Asteraceae;Erigeron; 	Asteraceae;Hieracium; 	Asteraceae;Hieracium;
P002_WD04_00083 	Rosaceae;Potentilla; 	Rosaceae;Potentilla	Orobanchaceae;Pedicularis; 	Rosaceae;Potentilla; 	Rosaceae;Potentilla; 	Rosaceae;Potentilla;
P002_WD05_00097 	Plantaginaceae;Pennellianthus; 	Phrymaceae;Erythranthe	Lentibulariaceae;Pinguicula; 	Orobanchaceae;Bartsia; 	Lentibulariaceae;Pinguicula; 	Lentibulariaceae;Pinguicula;
P002_WD06_00107 	Poaceae;Deschampsia; 	Poaceae;Hierochloe	Poaceae;Hierochloe; 	Poaceae;Hierochloe; 	Poaceae;Calamagrostis; 	Poaceae;Agrostis;
P002_WD06_00108 	Poaceae;Deschampsia; 	Poaceae;Agrostis	Poaceae;Calamagrostis; 	Poaceae;Agrostis; 	Poaceae;Calamagrostis; 	Poaceae;Agrostis;
P002_WD06_00109 	Poaceae;Deschampsia; 	Poaceae;Agrostis	Poaceae;Calamagrostis; 	Poaceae;Agrostis; 	Poaceae;Calamagrostis; 	Poaceae;Agrostis;
P002_WD07_00104 	Asteraceae;Saussurea; 	Asteraceae;Saussurea	Asteraceae;Saussurea; 	Asteraceae;Cirsium; 	Poaceae;Calamagrostis; 	Asteraceae;Centaurea;
P002_WD08_00099 	Fabaceae;Oxytropis; 	Fabaceae;Oxytropis	Fabaceae;Oxytropis; 	Fabaceae;Astragalus; 	Fabaceae;Astragalus; 	Fabaceae;Trifolium;
P002_WD09_00031 	Plumbaginaceae;Armeria; 	Plumbaginaceae;Limonium	Polygonaceae;Rumex; 	Polygonaceae;Bistorta; 	Polygonaceae;Oxyria; 	Polygonaceae;Polygonum;
P002_WD10_00048 	Salicaceae;Salix; 	Salicaceae;Salix	Salicaceae;Salix; 	Salicaceae;Salix; 	Salicaceae;Salix; 	Salicaceae;Salix;
P002_WD11_00099 	Poaceae;Hierochloe; 	Poaceae;Hierochloe	Poaceae;Hierochloe; 	Poaceae;Agrostis; 	Poaceae;Calamagrostis; 	Poaceae;Agrostis;
P002_WD11_00100 	Poaceae;Hierochloe; 	Poaceae;Hierochloe	Poaceae;Hierochloe; 	Poaceae;Festuca; 	Poaceae;Calamagrostis; 	Poaceae;Agrostis;
P002_WD12_00004 	Polygonaceae;Rumex; 	Polygonaceae;Rumex	Polygonaceae;Rumex; 	Polygonaceae;Rumex; 	Polygonaceae;Oxyria; 	Polygonaceae;Bistorta;
P002_WE01_00104 	Asteraceae;Centaurea; 	Asteraceae;Carthamus	Poaceae;Calamagrostis; 	Asteraceae;Saussurea; 	Asteraceae;Saussurea; 	Asteraceae;Cirsium;
P002_WE03_00112 	Ranunculaceae;Ranunculus; 	Ranunculaceae;Beesia	Caryophyllaceae;Dianthus; 	Ranunculaceae;Ranunculus; 	Ranunculaceae;Thalictrum; 	Cyperaceae;Carex;
P002_WE04_00013 	Ranunculaceae;Anemone; 	Ranunculaceae;Anemone	Ranunculaceae;Anemone; 	Ranunculaceae;Pulsatilla; 	Ranunculaceae;Thalictrum; 	Cyperaceae;Carex;
P002_WE06_00098 	Caprifoliaceae;Patrinia; 	Caprifoliaceae;Patrinia	Apiaceae;Carum; 	Apiaceae;Carum; 	Apiaceae;Seseli; 	Apiaceae;Chaerophyllum;
P002_WE07_00168 	Rosaceae;Spiraea; 	Caryophyllaceae;Colobanthus	Caryophyllaceae;Minuartia; 	Caryophyllaceae;Minuartia; 	Caryophyllaceae;Sagina; 	Primulaceae;Trientalis;
P002_WE07_00188 	Rosaceae;Spiraea; 	Rosaceae;Spiraea	Rosaceae;Dryas; 	Rosaceae;Dryas; 	Cyperaceae;Carex; 	Rosaceae;Dryas;
P002_WE08_00023 	Poaceae;Alopecurus; 	Poaceae;Alopecurus	Poaceae;Alopecurus; 	Poaceae;Alopecurus; 	Poaceae;Arctagrostis; 	Poaceae;Avenella;
P002_WE08_00024 	Poaceae;Alopecurus; 	Poaceae;Alopecurus	Poaceae;Alopecurus; 	Poaceae;Arctagrostis; 	Poaceae;Alopecurus; 	Poaceae;Dupontia;
P002_WE08_00025 	Poaceae;Alopecurus; 	Poaceae;Alopecurus	Poaceae;Alopecurus; 	Poaceae;Alopecurus; 	Poaceae;Phleum; 	Poaceae;Arctagrostis;
P002_WE09_00109 	Betulaceae;Betula; 	Betulaceae;Betula	Betulaceae;Betula; 	Rosaceae;Spiraea; 	Salicaceae;Salix; 	Salicaceae;Salix;
P002_WE10_00079 	Saxifragaceae;Saxifraga; 	Saxifragaceae;Saxifraga	Saxifragaceae;Saxifraga; 	Saxifragaceae;Saxifraga; 	Saxifragaceae;Saxifraga; 	Saxifragaceae;Saxifraga;
P002_WE11_00006 	Poaceae;Alopecurus; 	Poaceae;Alopecurus	Poaceae;Alopecurus; 	Poaceae;Alopecurus; 	Poaceae;Arctagrostis; 	Poaceae;Avenella;
P002_WE11_00007 	Poaceae;Alopecurus; 	Poaceae;Alopecurus	Poaceae;Alopecurus; 	Poaceae;Arctagrostis; 	Poaceae;Alopecurus; 	Poaceae;Dupontia;
P002_WE11_00008 	Poaceae;Alopecurus; 	Poaceae;Alopecurus	Poaceae;Alopecurus; 	Poaceae;Alopecurus; 	Poaceae;Phleum; 	Poaceae;Arctagrostis;
P002_WE12_00019 	Poaceae;Arctophila; 	Poaceae;Beckmannia	Poaceae;Dupontia; 	Poaceae;Phleum; 	Poaceae;Poa; 	Poaceae;Poa;
P002_WF01_00095 	Poaceae;Calamagrostis; 	Asteraceae;Carthamus	Asteraceae;Centaurea; 	Asteraceae;Saussurea; 	Asteraceae;Saussurea; 	Asteraceae;Cirsium;
P002_WF01_00104 	Poaceae;Calamagrostis; 	Poaceae;Agrostis	Poaceae;Festuca; 	Poaceae;Sesleria; 	Poaceae;Festuca; 	Poaceae;Festuca;
P002_WF01_00105 	Poaceae;Calamagrostis; 	Poaceae;Agrostis	Poaceae;Calamagrostis; 	Poaceae;Agrostis; 	Poaceae;Calamagrostis; 	Poaceae;Agrostis;
P002_WF02_00005 	Plantaginaceae;Veronica; 	Plantaginaceae;Veronica	Fabaceae;Hedysarum; 	Plantaginaceae;Veronica; 	Plantaginaceae;Veronica; 	Plantaginaceae;Veronica;
P002_WF03_00018 	Caryophyllaceae;Minuartia; 	Caryophyllaceae;Psammosilene	Caryophyllaceae;Minuartia; 	Caryophyllaceae;Minuartia; 	Caryophyllaceae;Viscaria; 	Caryophyllaceae;Sagina;
P002_WF04_00022 	Orobanchaceae;Pedicularis; 	Orobanchaceae;Pedicularis	Orobanchaceae;Pedicularis; 	Orobanchaceae;Pedicularis; 	Orobanchaceae;Pedicularis; 	Orobanchaceae;Pedicularis;
P002_WF05_00135 	Ericaceae;Rhododendron; 	Ericaceae;Rhododendron	Ericaceae;Rhododendron; 	Ericaceae;Rhododendron; 	Ericaceae;Rhododendron; 	Ericaceae;Rhododendron;
P002_WF05_00136 	Ericaceae;Rhododendron; 	Ericaceae;Rhododendron	Ericaceae;Rhododendron; 	Ericaceae;Rhododendron; 	Ericaceae;Vaccinium; 	Primulaceae;Trientalis;
P002_WF05_00137 	Ericaceae;Rhododendron; 	Ericaceae;Rhododendron	Ericaceae;Rhododendron; 	Ericaceae;Rhododendron; 	Ericaceae;Rhododendron; 	Ericaceae;Rhododendron;
P002_WF06_00050 	Ericaceae;Phyllodoce; 	Ericaceae;Rhododendron	Ericaceae;Rhododendron; 	Ericaceae;Rhododendron; 	Ericaceae;Rhododendron; 	Primulaceae;Primula;
P002_WF06_00051 	Ericaceae;Phyllodoce; 	Ericaceae;Rhododendron	Plantaginaceae;Pennellianthus; 	Saxifragaceae;Saxifraga; 	Ranunculaceae;Trollius; 	Saxifragaceae;Saxifraga;
P002_WF06_00052 	Ericaceae;Phyllodoce; 	Ericaceae;Rhododendron	Ericaceae;Kalmia; 	Ericaceae;Harrimanella; 	Ericaceae;Harrimanella; 	Ericaceae;Rhododendron;
P002_WF07_00066 	Caryophyllaceae;Minuartia; 	Caryophyllaceae;Colobanthus	Caryophyllaceae;Minuartia; 	Caryophyllaceae;Minuartia; 	Caryophyllaceae;Sagina; 	Primulaceae;Trientalis;
P002_WF08_00122 	Poaceae;Dupontia; 	Poaceae;Beckmannia	Poaceae;Dupontia; 	Poaceae;Phleum; 	Poaceae;Poa; 	Poaceae;Poa;
P002_WF10_00055 	Rosaceae;Potentilla; 	Rosaceae;Potentilla	Orobanchaceae;Pedicularis; 	Rosaceae;Potentilla; 	Rosaceae;Potentilla; 	Rosaceae;Potentilla;
P002_WG02_00107 	Fabaceae;Hedysarum; 	Plantaginaceae;Veronica	Fabaceae;Hedysarum; 	Plantaginaceae;Veronica; 	Plantaginaceae;Veronica; 	Plantaginaceae;Veronica;
P002_WG02_00225 	Fabaceae;Hedysarum; 	Fabaceae;Hedysarum	Fabaceae;Hedysarum; 	Fabaceae;Oxytropis; 	Fabaceae;Oxytropis; 	Fabaceae;Astragalus;
P002_WG03_00086 	Liliaceae;Fritillaria; 	Liliaceae;Fritillaria	Ranunculaceae;Thalictrum; 	Cyperaceae;Carex; 	Ranunculaceae;Pulsatilla; 	Ranunculaceae;Trollius;
P002_WG04_00019 	Rosaceae;Alchemilla; 	Rosaceae;Alchemilla	Rosaceae;Sibbaldia; 	Rosaceae;Potentilla; 	Rosaceae;Potentilla; 	Rosaceae;Potentilla;
P002_WG05_00125 	Poaceae;Calamagrostis; 	Poaceae;Chikusichloa	Poaceae;Catabrosella; 	Poaceae;Hyalopoa; 	Poaceae;Calamagrostis; 	Poaceae;Arctagrostis;
P002_WG05_00126 	Poaceae;Calamagrostis; 	Poaceae;Agrostis	Poaceae;Calamagrostis; 	Poaceae;Agrostis; 	Poaceae;Calamagrostis; 	Poaceae;Agrostis;
P002_WG05_00127 	Poaceae;Calamagrostis; 	Poaceae;Agrostis	Poaceae;Calamagrostis; 	Poaceae;Agrostis; 	Poaceae;Calamagrostis; 	Poaceae;Agrostis;
P002_WG09_00079 	Salicaceae;Salix; 	Salicaceae;Salix	Salicaceae;Salix; 	Salicaceae;Salix; 	Salicaceae;Salix; 	Salicaceae;Salix;
P002_WG10_00004 	Saxifragaceae;Saxifraga; 	Grossulariaceae;Ribes	Saxifragaceae;Saxifraga; 	Saxifragaceae;Saxifraga; 	Brassicaceae;Draba; 	Saxifragaceae;Saxifraga;
P002_WG11_00089 	Salicaceae;Salix; 	Salicaceae;Salix	Salicaceae;Salix; 	Salicaceae;Salix; 	Salicaceae;Salix; 	Salicaceae;Salix;
P002_WG12_00127 	Ericaceae;Vaccinium; 	Ericaceae;Vaccinium	Ericaceae;Vaccinium; 	Saxifragaceae;Chrysosplenium; 	Caryophyllaceae;Silene; 	Saxifragaceae;Saxifraga;
P002_WG12_00128 	Ericaceae;Vaccinium; 	Ericaceae;Vaccinium	Ericaceae;Vaccinium; 	Ericaceae;Vaccinium; 	Ericaceae;Harrimanella; 	Ericaceae;Pieris;
P002_WG12_00129 	Ericaceae;Vaccinium; 	Ericaceae;Vaccinium	Ericaceae;Vaccinium; 	Ericaceae;Vaccinium; 	Ericaceae;Vaccinium; 	Ericaceae;Rhododendron;
P002_WG12_00130 	Ericaceae;Vaccinium; 	Ericaceae;Vaccinium	Ericaceae;Vaccinium; 	Ericaceae;Vaccinium; 	Primulaceae;Primula; 	Primulaceae;Primula;
P002_WH01_00011 	Ranunculaceae;Pulsatilla; 	Ranunculaceae;Anemone	Ranunculaceae;Thalictrum; 	Cyperaceae;Carex; 	Ranunculaceae;Trollius; 	Ranunculaceae;Ranunculus;
P002_WH02_00023 	Crassulaceae;Sempervivum; 	Crassulaceae;Sempervivum	Crassulaceae;Sedum; 	Crassulaceae;Rhodiola; 	Crassulaceae;Sedum; 	Cyperaceae;Carex;
P002_WH02_00047 	Crassulaceae;Sempervivum; 	Crassulaceae;Sempervivum	Crassulaceae;Sempervivum; 	Crassulaceae;Sedum; 	Crassulaceae;Sedum; 	Crassulaceae;Rhodiola;
P002_WH02_00081 	Crassulaceae;Sempervivum; 	Crassulaceae;Sedum	Crassulaceae;Sedum; 	Crassulaceae;Sempervivum; 	Crassulaceae;Sedum; 	Crassulaceae;Rhodiola;
P002_WH03_00037 	Rubiaceae;Galium; 	Rubiaceae;Galium	Rubiaceae;Galium; 	Lentibulariaceae;Pinguicula; 	Lentibulariaceae;Pinguicula; 	Lentibulariaceae;Pinguicula;
P002_WH04_00019 	Apiaceae;Bupleurum; 	Apiaceae;Bupleurum	Apiaceae;Bupleurum; 	Apiaceae;Chaerophyllum; 	Apiaceae;Carum; 	Apiaceae;Carum;
P002_WH05_00018 	Ranunculaceae;Anemone; 	Ranunculaceae;Anemone	Ranunculaceae;Anemone; 	Ranunculaceae;Pulsatilla; 	Ranunculaceae;Thalictrum; 	Cyperaceae;Carex;
P002_WH06_00005 	Asteraceae;Artemisia; 	Asteraceae;Artemisia	Juncaceae;Luzula; 	Asteraceae;Aster; 	Asteraceae;Scorzonera; 	Asteraceae;Hieracium;
P002_WH07_00030 	Caryophyllaceae;Cerastium; 	Caryophyllaceae;Pseudocerastium	Caryophyllaceae;Cerastium; 	Caryophyllaceae;Cerastium; 	Caryophyllaceae;Cerastium; 	Caryophyllaceae;Cerastium;
P002_WH09_00108 	Ericaceae;Rhododendron; 	Ericaceae;Rhododendron	Ericaceae;Rhododendron; 	Ericaceae;Rhododendron; 	Ericaceae;Rhododendron; 	Ericaceae;Rhododendron;
P002_WH09_00109 	Ericaceae;Rhododendron; 	Ericaceae;Rhododendron	Ericaceae;Rhododendron; 	Ericaceae;Rhododendron; 	Ericaceae;Rhododendron; 	Ericaceae;Rhododendron;
P002_WH09_00110 	Ericaceae;Rhododendron; 	Ericaceae;Rhododendron	Ericaceae;Rhododendron; 	Ericaceae;Rhododendron; 	Ericaceae;Rhododendron; 	Ericaceae;Rhododendron;
P002_WH10_00075 	Poaceae;Arctagrostis; 	Poaceae;Holcus	Poaceae;Avenella; 	Poaceae;Alopecurus; 	Poaceae;Alopecurus; 	Poaceae;Alopecurus;
P002_WH10_00076 	Poaceae;Arctagrostis; 	Poaceae;Cinna	Poaceae;Arctophila; 	Poaceae;Dupontia; 	Poaceae;Phleum; 	Poaceae;Poa;
P002_WH10_00077 	Poaceae;Arctagrostis; 	Poaceae;Chikusichloa	Poaceae;Catabrosella; 	Poaceae;Hyalopoa; 	Poaceae;Calamagrostis; 	Poaceae;Arctagrostis;
P002_WH11_00110 	Brassicaceae;Draba; 	Brassicaceae;Draba	Brassicaceae;Draba; 	Brassicaceae;Draba; 	Brassicaceae;Arabis; 	Brassicaceae;Cardamine;
P002_WH12_00040 	Orobanchaceae;Pedicularis; 	Orobanchaceae;Pedicularis	Orobanchaceae;Pedicularis; 	Orobanchaceae;Pedicularis; 	Orobanchaceae;Pedicularis; 	Orobanchaceae;Pedicularis;
P003_WA01_00006 	Rosaceae;Potentilla; 	Rosaceae;Dasiphora	Rosaceae;Sibbaldia; 	Rosaceae;Alchemilla; 	Rosaceae;Potentilla; 	Rosaceae;Potentilla;
P003_WA02_00007 	Poaceae;Poa; 	Poaceae;Poa	Poaceae;Alopecurus; 	Poaceae;Alopecurus; 	Poaceae;Arctagrostis; 	Poaceae;Alopecurus;
P003_WA02_00008 	Poaceae;Poa; 	Poaceae;Holcus	Poaceae;Sesleria; 	Asteraceae;Cirsium; 	Poaceae;Festuca; 	Poaceae;Festuca;
P003_WA03_00028 	Polygonaceae;Bistorta; 	Polygonaceae;Bistorta	Polygonaceae;Persicaria; 	Polygonaceae;Polygonum; 	Polygonaceae;Bistorta; 	Polygonaceae;Rumex;
P003_WA04_00005 	Crassulaceae;Sedum; 	Crassulaceae;Pachyphytum	Crassulaceae;Sempervivum; 	Crassulaceae;Sedum; 	Crassulaceae;Rhodiola; 	Cyperaceae;Carex;
P003_WA06_00018 	Poaceae;Festuca; 	Poaceae;Festuca	Cyperaceae;Carex; 	Poaceae;Festuca; 	Poaceae;Festuca; 	Poaceae;Festuca;
P003_WA07_00119 	Cyperaceae;Carex; 	Poaceae;Festuca	Poaceae;Festuca; 	Cyperaceae;Carex; 	Poaceae;Festuca; 	Poaceae;Festuca;
P003_WA08_00031 	Asteraceae;Senecio; 	Asteraceae;Sinosenecio	Asteraceae;Petasites; 	Asteraceae;Solidago; 	Asteraceae;Hieracium; 	Asteraceae;Hieracium;
P003_WA09_00109 	Caryophyllaceae;Cerastium; 	Caryophyllaceae;Pseudocerastium	Caryophyllaceae;Cerastium; 	Caryophyllaceae;Cerastium; 	Caryophyllaceae;Cerastium; 	Caryophyllaceae;Cerastium;
P003_WA10_00129 	Gentianaceae;Gentiana; 	Primulaceae;Primula	Primulaceae;Soldanella; 	Cyperaceae;Eriophorum; 	Primulaceae;Soldanella; 	Primulaceae;Primula;
P003_WA10_00162 	Gentianaceae;Gentiana; 	Sapotaceae;Argania	Primulaceae;Soldanella; 	Primulaceae;Soldanella; 	Gentianaceae;Gentiana; 	Gentianaceae;Gentiana;
P003_WA10_00206 	Gentianaceae;Gentiana; 	Gentianaceae;Gentiana	Gentianaceae;Gentiana; 	Gentianaceae;Gentiana; 	Gentianaceae;Gentiana; 	Primulaceae;Soldanella;
P003_WA11_00091 	Primulaceae;Soldanella; 	Primulaceae;Bryocarpum	Primulaceae;Soldanella; 	Gentianaceae;Gentiana; 	Gentianaceae;Gentiana; 	Gentianaceae;Gentiana;
P003_WB01_00016 	Asteraceae;Solidago; 	Asteraceae;Senecio	Asteraceae;Petasites; 	Asteraceae;Senecio; 	Asteraceae;Hieracium; 	Asteraceae;Hieracium;
P003_WB02_00060 	Rubiaceae;Galium; 	Rubiaceae;Galium	Rubiaceae;Galium; 	Lentibulariaceae;Pinguicula; 	Lentibulariaceae;Pinguicula; 	Lentibulariaceae;Pinguicula;
P003_WB03_00077 	Equisetaceae;Equisetum; 	Equisetaceae;Equisetum	Equisetaceae;Equisetum; 	Equisetaceae;Equisetum; 	Equisetaceae;Equisetum; 	Equisetaceae;Equisetum;
P003_WB05_00111 	Saxifragaceae;Saxifraga; 	Saxifragaceae;Saxifraga	Saxifragaceae;Saxifraga; 	Saxifragaceae;Saxifraga; 	Saxifragaceae;Saxifraga; 	Saxifragaceae;Saxifraga;
P003_WB06_00085 	Caryophyllaceae;Silene; 	Caryophyllaceae;Silene	Caryophyllaceae;Silene; 	Caryophyllaceae;Silene; 	Caryophyllaceae;Viscaria; 	Caryophyllaceae;Silene;
P003_WB07_00137 	Ericaceae;Vaccinium; 	Ericaceae;Vaccinium	Primulaceae;Primula; 	Primulaceae;Primula; 	Primulaceae;Primula; 	Primulaceae;Trientalis;
P003_WB07_00138 	Ericaceae;Vaccinium; 	Ericaceae;Vaccinium	Ericaceae;Andromeda; 	Primulaceae;Primula; 	Asteraceae;Petasites; 	Asteraceae;Hieracium;
P003_WB07_00139 	Ericaceae;Vaccinium; 	Ericaceae;Vaccinium	Ericaceae;Harrimanella; 	Ericaceae;Harrimanella; 	Ericaceae;Andromeda; 	Ericaceae;Vaccinium;
P003_WB08_00051 	Asteraceae;Antennaria; 	Asteraceae;Pseudognaphalium	Asteraceae;Omalotheca; 	Asteraceae;Gnaphalium; 	Asteraceae;Antennaria; 	Asteraceae;Antennaria;
P003_WB09_00117 	Cyperaceae;Eriophorum; 	Primulaceae;Primula	Cyperaceae;Eriophorum; 	Primulaceae;Soldanella; 	Primulaceae;Primula; 	Primulaceae;Primula;
P003_WB10_00097 	Fabaceae;Hedysarum; 	Fabaceae;Hedysarum	Fabaceae;Hedysarum; 	Fabaceae;Astragalus; 	Fabaceae;Anthyllis; 	Betulaceae;Betula;
P003_WB11_00064 	Apiaceae;Ligusticum; 	Apiaceae;Glehnia	Apiaceae;Peucedanum; 	Apiaceae;Tilingia; 	Apiaceae;Seseli; 	Crassulaceae;Sedum;
P003_WC01_00006 	Polygonaceae;Bistorta; 	Polygonaceae;Bistorta	Polygonaceae;Polygonum; 	Polygonaceae;Bistorta; 	Polygonaceae;Persicaria; 	Polygonaceae;Rumex;
P003_WC02_00051 	Ericaceae;Rhododendron; 	Ericaceae;Rhododendron	Ericaceae;Rhododendron; 	Ericaceae;Rhododendron; 	Ericaceae;Rhododendron; 	Ericaceae;Rhododendron;
P003_WC02_00052 	Ericaceae;Rhododendron; 	Ericaceae;Rhododendron	Ericaceae;Rhododendron; 	Ericaceae;Rhododendron; 	Ericaceae;Rhododendron; 	Ericaceae;Rhododendron;
P003_WC02_00053 	Ericaceae;Rhododendron; 	Ericaceae;Rhododendron	Ericaceae;Rhododendron; 	Ericaceae;Rhododendron; 	Ericaceae;Rhododendron; 	Ericaceae;Rhododendron;
P003_WC02_00054 	Ericaceae;Rhododendron; 	Ericaceae;Rhododendron	Ericaceae;Rhododendron; 	Ericaceae;Cassiope; 	Ericaceae;Pieris; 	Primulaceae;Trientalis;
P003_WC02_00055 	Ericaceae;Rhododendron; 	Ericaceae;Rhododendron	Ericaceae;Phyllodoce; 	Ericaceae;Kalmia; 	Ericaceae;Harrimanella; 	Ericaceae;Harrimanella;
P003_WC03_00090 	Ranunculaceae;Trollius; 	Ranunculaceae;Calathodes	Ranunculaceae;Thalictrum; 	Cyperaceae;Carex; 	Ranunculaceae;Ranunculus; 	Celastraceae;Parnassia;
P003_WC05_00030 	Salicaceae;Salix; 	Salicaceae;Salix	Salicaceae;Salix; 	Salicaceae;Salix; 	Salicaceae;Salix; 	Salicaceae;Salix;
P003_WC05_00067 	Salicaceae;Salix; 	Salicaceae;Salix	Salicaceae;Salix; 	Salicaceae;Salix; 	Salicaceae;Salix; 	Salicaceae;Salix;
P003_WC06_00005 	Primulaceae;Primula; 	Primulaceae;Primula	Primulaceae;Primula; 	Primulaceae;Primula; 	Primulaceae;Trientalis; 	Primulaceae;Primula;
P003_WC07_00005 	Juncaceae;Luzula; 	Brassicaceae;Cochlearia	Brassicaceae;Cochlearia; 	Brassicaceae;Cardamine; 	Brassicaceae;Cardamine; 	Brassicaceae;Arabis;
P003_WC08_00007 	Poaceae;Poa; 	Poaceae;Poa	Poaceae;Poa; 	Poaceae;Poa; 	Poaceae;Poa; 	Poaceae;Poa;
P003_WC08_00008 	Poaceae;Poa; 	Poaceae;Poa	Poaceae;Poa; 	Poaceae;Poa; 	Poaceae;Poa; 	Poaceae;Phleum;
P003_WC10_00019 	Asteraceae;Leucanthemum; 	Asteraceae;Leucanthemum	Asteraceae;Hieracium; 	Asteraceae;Hieracium; 	Asteraceae;Erigeron; 	Asteraceae;Erigeron;
P003_WC11_00101 	Asteraceae;Achillea; 	Asteraceae;Tanacetum	Asteraceae;Anthemis; 	Asteraceae;Matricaria; 	Asteraceae;Anthemis; 	Asteraceae;Leucanthemopsis;
P003_WC12_00036 	Juncaceae;Luzula; 	Asteraceae;Linochilus	Asteraceae;Aster; 	Asteraceae;Solidago; 	Asteraceae;Aster; 	Asteraceae;Hieracium;
P003_WD01_00114 	Ericaceae;Rhododendron; 	Ericaceae;Rhododendron	Ericaceae;Rhododendron; 	Ericaceae;Rhododendron; 	Ericaceae;Rhododendron; 	Ericaceae;Rhododendron;
P003_WD01_00115 	Ericaceae;Rhododendron; 	Ericaceae;Rhododendron	Ericaceae;Rhododendron; 	Ericaceae;Rhododendron; 	Ericaceae;Vaccinium; 	Primulaceae;Trientalis;
P003_WD01_00116 	Ericaceae;Rhododendron; 	Ericaceae;Rhododendron	Ericaceae;Rhododendron; 	Ericaceae;Rhododendron; 	Ericaceae;Rhododendron; 	Ericaceae;Rhododendron;
P003_WD02_00005 	Brassicaceae;Draba; 	Brassicaceae;Draba	Brassicaceae;Draba; 	Brassicaceae;Draba; 	Brassicaceae;Arabis; 	Brassicaceae;Cardamine;
P003_WD03_00189 	Lentibulariaceae;Pinguicula; 	Lentibulariaceae;Pinguicula	Lentibulariaceae;Pinguicula; 	Lentibulariaceae;Pinguicula; 	Plantaginaceae;Pennellianthus; 	Boraginaceae;Myosotis;
P003_WD04_00079 	Fabaceae;Trifolium; 	Fabaceae;Trifolium	Fabaceae;Trifolium; 	Fabaceae;Oxytropis; 	Fabaceae;Astragalus; 	Fabaceae;Oxytropis;
P003_WD06_00022 	Ranunculaceae;Ranunculus; 	Ranunculaceae;Helleborus	Ranunculaceae;Ranunculus; 	Betulaceae;Betula; 	Betulaceae;Betula; 	Cyperaceae;Carex;
P003_WD07_00005 	Brassicaceae;Cochlearia; 	Brassicaceae;Kernera	Brassicaceae;Arabis; 	Brassicaceae;Cardamine; 	Ericaceae;Pieris; 	Brassicaceae;Arabis;
P003_WD07_00111 	Brassicaceae;Cochlearia; 	Brassicaceae;Cochlearia	Brassicaceae;Cochlearia; 	Brassicaceae;Cardamine; 	Brassicaceae;Cardamine; 	Brassicaceae;Arabis;
P003_WD08_00030 	Caryophyllaceae;Stellaria; 	Caryophyllaceae;Pseudocerastium	Caryophyllaceae;Stellaria; 	Caryophyllaceae;Cerastium; 	Caryophyllaceae;Cerastium; 	Caryophyllaceae;Cerastium;
P003_WD09_00079 	Salicaceae;Salix; 	Salicaceae;Salix	Salicaceae;Salix; 	Salicaceae;Salix; 	Salicaceae;Salix; 	Salicaceae;Salix;
P003_WD09_00096 	Salicaceae;Salix; 	Erythroxylaceae;Erythroxylum	Salicaceae;Salix; 	Salicaceae;Salix; 	Salicaceae;Salix; 	Salicaceae;Salix;
P003_WD10_00019 	Caryophyllaceae;Sagina; 	Caryophyllaceae;Colobanthus	Rosaceae;Spiraea; 	Caryophyllaceae;Minuartia; 	Caryophyllaceae;Minuartia; 	Caryophyllaceae;Viscaria;
P003_WD10_00020 	Caryophyllaceae;Sagina; 	Caryophyllaceae;Colobanthus	Caryophyllaceae;Minuartia; 	Rosaceae;Spiraea; 	Caryophyllaceae;Minuartia; 	Caryophyllaceae;Viscaria;
P003_WD11_00003 	Primulaceae;Androsace; 	Primulaceae;Primula	Primulaceae;Primula; 	Primulaceae;Primula; 	Primulaceae;Primula; 	Primulaceae;Trientalis;
P003_WD12_00004 	Plantaginaceae;Veronica; 	Asteraceae;Cirsium	Asteraceae;Cirsium; 	Asteraceae;Saussurea; 	Asteraceae;Saussurea; 	Poaceae;Calamagrostis;
P003_WD12_00094 	Plantaginaceae;Veronica; 	Plantaginaceae;Veronica	Plantaginaceae;Veronica; 	Plantaginaceae;Veronica; 	Plantaginaceae;Veronica; 	Fabaceae;Hedysarum;
P003_WE01_00087 	Orobanchaceae;Pedicularis; 	Orobanchaceae;Pedicularis	Onagraceae;Epilobium; 	Orobanchaceae;Pedicularis; 	Orobanchaceae;Pedicularis; 	Orobanchaceae;Pedicularis;
P003_WE02_00042 	Poaceae;Festuca; 	Asteraceae;Pseudognaphalium	Asteraceae;Antennaria; 	Asteraceae;Omalotheca; 	Asteraceae;Gnaphalium; 	Asteraceae;Antennaria;
P003_WE02_00165 	Poaceae;Festuca; 	Poaceae;Festuca	Cyperaceae;Carex; 	Poaceae;Festuca; 	Poaceae;Festuca; 	Poaceae;Festuca;
P003_WE03_00007 	Equisetaceae;Equisetum; 	Equisetaceae;Equisetum	Equisetaceae;Equisetum; 	Equisetaceae;Equisetum; 	Equisetaceae;Equisetum; 	Equisetaceae;Equisetum;
P003_WE04_00031 	Poaceae;Agrostis; 	Poaceae;Agrostis	Poaceae;Calamagrostis; 	Poaceae;Agrostis; 	Poaceae;Calamagrostis; 	Poaceae;Agrostis;
P003_WE04_00032 	Poaceae;Agrostis; 	Poaceae;Agrostis	Poaceae;Calamagrostis; 	Poaceae;Agrostis; 	Poaceae;Calamagrostis; 	Poaceae;Agrostis;
P003_WE04_00094 	Poaceae;Agrostis; 	Poaceae;Chikusichloa	Poaceae;Agrostis; 	Poaceae;Hyalopoa; 	Poaceae;Calamagrostis; 	Poaceae;Arctagrostis;
P003_WE08_00092 	Plantaginaceae;Veronica; 	Plantaginaceae;Veronica	Plantaginaceae;Veronica; 	Plantaginaceae;Veronica; 	Plantaginaceae;Veronica; 	Fabaceae;Hedysarum;
P003_WE09_00031 	Salicaceae;Salix; 	Salicaceae;Salix	Salicaceae;Salix; 	Salicaceae;Salix; 	Salicaceae;Salix; 	Salicaceae;Salix;
P003_WE10_00011 	Orobanchaceae;Pedicularis; 	Orobanchaceae;Pedicularis	Orobanchaceae;Pedicularis; 	Orobanchaceae;Pedicularis; 	Orobanchaceae;Pedicularis; 	Orobanchaceae;Pedicularis;
P003_WE12_00012 	Caryophyllaceae;Dianthus; 	Caryophyllaceae;Dianthus	Ranunculaceae;Ranunculus; 	Caryophyllaceae;Stellaria; 	Caryophyllaceae;Cerastium; 	Caryophyllaceae;Stellaria;
P003_WE12_00218 	Caryophyllaceae;Dianthus; 	Ranunculaceae;Ranunculus	Ranunculaceae;Ranunculus; 	Ranunculaceae;Ranunculus; 	Brassicaceae;Arabis; 	Cyperaceae;Carex;
P003_WF01_00115 	Onagraceae;Epilobium; 	Onagraceae;Epilobium	Betulaceae;Betula; 	Betulaceae;Betula; 	Rosaceae;Dryas; 	Cyperaceae;Carex;
P003_WF01_00362 	Onagraceae;Epilobium; 	Orobanchaceae;Pedicularis	Orobanchaceae;Pedicularis; 	Orobanchaceae;Pedicularis; 	Orobanchaceae;Pedicularis; 	Orobanchaceae;Pedicularis;
P003_WF02_00007 	Rosaceae;Dryas; 	Rosaceae;Dryas	Rosaceae;Dryas; 	Cyperaceae;Carex; 	Rosaceae;Dryas; 	Rosaceae;Spiraea;
P003_WF04_00019 	Brassicaceae;Cardamine; 	Brassicaceae;Cardamine	Brassicaceae;Cardamine; 	Brassicaceae;Cardamine; 	Juncaceae;Luzula; 	Brassicaceae;Cochlearia;
P003_WF06_00018 	Asteraceae;Solidago; 	Asteraceae;Solidago	Juncaceae;Luzula; 	Asteraceae;Aster; 	Asteraceae;Aster; 	Asteraceae;Hieracium;
P003_WF07_00097 	Caryophyllaceae;Silene; 	Caryophyllaceae;Silene	Caryophyllaceae;Silene; 	Caryophyllaceae;Silene; 	Caryophyllaceae;Viscaria; 	Caryophyllaceae;Silene;
P003_WF08_00093 	Salicaceae;Salix; 	Salicaceae;Salix	Salicaceae;Salix; 	Salicaceae;Salix; 	Salicaceae;Salix; 	Salicaceae;Salix;
P003_WF09_00031 	Gentianaceae;Gentiana; 	Gentianaceae;Gentiana	Gentianaceae;Gentiana; 	Primulaceae;Soldanella; 	Primulaceae;Soldanella; 	Cyperaceae;Carex;
P003_WF10_00014 	Caryophyllaceae;Minuartia; 	Caryophyllaceae;Colobanthus	Rosaceae;Spiraea; 	Caryophyllaceae;Minuartia; 	Caryophyllaceae;Sagina; 	Cyperaceae;Carex;
P003_WF11_00119 	Ranunculaceae;Ranunculus; 	Ranunculaceae;Ranunculus	Ranunculaceae;Ranunculus; 	Ranunculaceae;Ranunculus; 	Brassicaceae;Arabis; 	Cyperaceae;Carex;
P003_WF11_00134 	Ranunculaceae;Ranunculus; 	Caryophyllaceae;Dianthus	Caryophyllaceae;Dianthus; 	Caryophyllaceae;Stellaria; 	Caryophyllaceae;Cerastium; 	Caryophyllaceae;Stellaria;
P003_WF12_00118 	Poaceae;Festuca; 	Poaceae;Festuca	Poaceae;Festuca; 	Gentianaceae;Gentianella; 	Poaceae;Festuca; 	Asteraceae;Cirsium;
P003_WG01_00006 	Ranunculaceae;Aconitum; 	Ranunculaceae;Aconitum	Cyperaceae;Carex; 	Poaceae;Festuca; 	Asteraceae;Antennaria; 	Asteraceae;Antennaria;
P003_WG02_00024 	Cyperaceae;Carex; 	Ranunculaceae;Aconitum	Cyperaceae;Carex; 	Poaceae;Festuca; 	Asteraceae;Antennaria; 	Asteraceae;Antennaria;
P003_WG02_00070 	Cyperaceae;Carex; 	Rosaceae;Dryas	Rosaceae;Dryas; 	Cyperaceae;Carex; 	Rosaceae;Dryas; 	Rosaceae;Spiraea;
P003_WG03_00006 	Primulaceae;Soldanella; 	Primulaceae;Bryocarpum	Primulaceae;Soldanella; 	Gentianaceae;Gentiana; 	Gentianaceae;Gentiana; 	Gentianaceae;Gentiana;
P003_WG04_00088 	Brassicaceae;Cardamine; 	Brassicaceae;Cardamine	Brassicaceae;Cardamine; 	Brassicaceae;Cardamine; 	Brassicaceae;Arabis; 	Brassicaceae;Cochlearia;
P003_WG05_00093 	Asteraceae;Leucanthemopsis; 	Asteraceae;Tanacetum	Asteraceae;Anthemis; 	Asteraceae;Achillea; 	Asteraceae;Matricaria; 	Asteraceae;Anthemis;
P003_WG06_00005 	Lentibulariaceae;Pinguicula; 	Lentibulariaceae;Pinguicula	Lentibulariaceae;Pinguicula; 	Lentibulariaceae;Pinguicula; 	Plantaginaceae;Pennellianthus; 	Boraginaceae;Myosotis;
P003_WG07_00105 	Orobanchaceae;Pedicularis; 	Orobanchaceae;Pedicularis	Orobanchaceae;Pedicularis; 	Orobanchaceae;Pedicularis; 	Orobanchaceae;Pedicularis; 	Orobanchaceae;Pedicularis;
P003_WG08_00033 	Brassicaceae;Draba; 	Brassicaceae;Draba	Brassicaceae;Draba; 	Brassicaceae;Draba; 	Brassicaceae;Arabis; 	Brassicaceae;Cardamine;
P003_WG08_00045 	Brassicaceae;Draba; 	Meliaceae;Entandrophragma	Saxifragaceae;Saxifraga; 	Saxifragaceae;Saxifraga; 	Ranunculaceae;Trollius; 	Ranunculaceae;Pulsatilla;
P003_WG09_00059 	Poaceae;Sesleria; 	Poaceae;Sesleria	Cyperaceae;Carex; 	Poaceae;Festuca; 	Poaceae;Festuca; 	Poaceae;Festuca;
P003_WG10_00004 	Juncaceae;Juncus; 	Papaveraceae;Meconopsis	Papaveraceae;Papaver; 	Ranunculaceae;Pulsatilla; 	Ranunculaceae;Thalictrum; 	Cyperaceae;Carex;
P003_WG10_00033 	Juncaceae;Juncus; 	Proteaceae;Telopea	Ranunculaceae;Trollius; 	Papaveraceae;Papaver; 	Betulaceae;Betula; 	Betulaceae;Betula;
P003_WG11_00008 	Asteraceae;Cirsium; 	Asteraceae;Cirsium	Asteraceae;Saussurea; 	Asteraceae;Saussurea; 	Poaceae;Calamagrostis; 	Asteraceae;Centaurea;
P003_WG11_00189 	Asteraceae;Cirsium; 	Plantaginaceae;Veronica	Plantaginaceae;Veronica; 	Plantaginaceae;Veronica; 	Asteraceae;Cirsium; 	Fabaceae;Hedysarum;
P003_WG11_00218 	Asteraceae;Cirsium; 	Poaceae;Festuca	Poaceae;Festuca; 	Gentianaceae;Gentianella; 	Asteraceae;Cirsium; 	Poaceae;Festuca;
P003_WH01_00079 	Orobanchaceae;Pedicularis; 	Orobanchaceae;Pedicularis	Orobanchaceae;Pedicularis; 	Orobanchaceae;Pedicularis; 	Orobanchaceae;Pedicularis; 	Orobanchaceae;Pedicularis;
P003_WH02_00006 	Orobanchaceae;Bartsia; 	Orobanchaceae;Neobartsia	Orobanchaceae;Euphrasia; 	Brassicaceae;Arabis; 	Orobanchaceae;Euphrasia; 	Orobanchaceae;Pedicularis;
P003_WH03_00101 	Primulaceae;Primula; 	Primulaceae;Primula	Primulaceae;Primula; 	Primulaceae;Primula; 	Primulaceae;Trientalis; 	Primulaceae;Primula;
P003_WH06_00020 	Saxifragaceae;Saxifraga; 	Meliaceae;Entandrophragma	Saxifragaceae;Saxifraga; 	Saxifragaceae;Saxifraga; 	Ranunculaceae;Trollius; 	Ranunculaceae;Pulsatilla;
P003_WH06_00021 	Saxifragaceae;Saxifraga; 	Saxifragaceae;Micranthes	Saxifragaceae;Chrysosplenium; 	Caryophyllaceae;Silene; 	Asteraceae;Hieracium; 	Asteraceae;Hieracium;
P003_WH08_00094 	Papaveraceae;Papaver; 	Papaveraceae;Meconopsis	Ranunculaceae;Thalictrum; 	Cyperaceae;Carex; 	Ranunculaceae;Trollius; 	Ranunculaceae;Ranunculus;
P003_WH09_00016 	Saxifragaceae;Saxifraga; 	Saxifragaceae;Saxifraga	Saxifragaceae;Saxifraga; 	Saxifragaceae;Saxifraga; 	Saxifragaceae;Saxifraga; 	Saxifragaceae;Saxifraga;
P003_WH10_00090 	Brassicaceae;Arabis; 	Brassicaceae;Arabis	Brassicaceae;Cardamine; 	Brassicaceae;Cardamine; 	Juncaceae;Luzula; 	Brassicaceae;Cochlearia;
P003_WH11_00068 	Asteraceae;Aster; 	Asteraceae;Linochilus	Asteraceae;Aster; 	Asteraceae;Solidago; 	Asteraceae;Aster; 	Asteraceae;Hieracium;
P004_WA02_00090 	Primulaceae;Primula; 	Primulaceae;Primula	Primulaceae;Primula; 	Primulaceae;Primula; 	Primulaceae;Trientalis; 	Primulaceae;Primula;
P004_WB01_00076 	Poaceae;Alopecurus; 	Poaceae;Alopecurus	Poaceae;Alopecurus; 	Poaceae;Alopecurus; 	Poaceae;Arctagrostis; 	Poaceae;Avenella;
P004_WB01_00077 	Poaceae;Alopecurus; 	Poaceae;Alopecurus	Poaceae;Alopecurus; 	Poaceae;Arctagrostis; 	Poaceae;Alopecurus; 	Poaceae;Dupontia;
P004_WB01_00078 	Poaceae;Alopecurus; 	Poaceae;Alopecurus	Poaceae;Alopecurus; 	Poaceae;Alopecurus; 	Poaceae;Phleum; 	Poaceae;Arctagrostis;
P004_WB02_00070 	Ericaceae;Pieris; 	Ericaceae;Vaccinium	Ericaceae;Harrimanella; 	Ericaceae;Harrimanella; 	Ericaceae;Phyllodoce; 	Ericaceae;Kalmia;
P004_WB02_00071 	Ericaceae;Pieris; 	Ericaceae;Vaccinium	Ericaceae;Harrimanella; 	Ericaceae;Harrimanella; 	Ericaceae;Vaccinium; 	Ericaceae;Vaccinium;
P004_WB02_00072 	Ericaceae;Pieris; 	Ericaceae;Vaccinium	Ericaceae;Cassiope; 	Ericaceae;Rhododendron; 	Ericaceae;Rhododendron; 	Primulaceae;Trientalis;
P004_WB02_00073 	Ericaceae;Pieris; 	Ericaceae;Vaccinium	Ericaceae;Harrimanella; 	Ericaceae;Vaccinium; 	Ericaceae;Vaccinium; 	Ericaceae;Vaccinium;
P004_WB02_00074 	Ericaceae;Pieris; 	Ericaceae;Vaccinium	Ericaceae;Cassiope; 	Ericaceae;Rhododendron; 	Ericaceae;Rhododendron; 	Ericaceae;Rhododendron;
P004_WB02_00075 	Ericaceae;Pieris; 	Ericaceae;Monotropa	Caryophyllaceae;Arenaria; 	Primulaceae;Trientalis; 	Crassulaceae;Sedum; 	Primulaceae;Primula;
P004_WB02_00104 	Ericaceae;Pieris; 	Brassicaceae;Arabis	Brassicaceae;Arabis; 	Brassicaceae;Draba; 	Brassicaceae;Draba; 	Brassicaceae;Draba;
P004_WC01_00074 	Poaceae;Hierochloe; 	Poaceae;Hierochloe	Poaceae;Hierochloe; 	Poaceae;Agrostis; 	Poaceae;Calamagrostis; 	Poaceae;Agrostis;
P004_WC01_00075 	Poaceae;Hierochloe; 	Poaceae;Hierochloe	Poaceae;Hierochloe; 	Poaceae;Festuca; 	Poaceae;Calamagrostis; 	Poaceae;Agrostis;
P004_WC02_00096 	Polygonaceae;Polygonum; 	Polygonaceae;Bistorta	Polygonaceae;Bistorta; 	Polygonaceae;Bistorta; 	Polygonaceae;Persicaria; 	Polygonaceae;Rumex;
P004_WD01_00017 	Poaceae;Festuca; 	Poaceae;Festuca	Poaceae;Festuca; 	Cyperaceae;Carex; 	Poaceae;Festuca; 	Poaceae;Festuca;
P004_WD02_00005 	Asteraceae;Antennaria; 	Asteraceae;Pseudognaphalium	Asteraceae;Antennaria; 	Asteraceae;Antennaria; 	Asteraceae;Omalotheca; 	Asteraceae;Gnaphalium;
P004_WG01_00080 	Rosaceae;Sieversia; 	Rosaceae;Fallugia	Rosaceae;Rubus; 	Rosaceae;Potentilla; 	Rosaceae;Potentilla; 	Rosaceae;Potentilla;
P004_WG01_00111 	Rosaceae;Sieversia; 	Rosaceae;Rosa	Rosaceae;Sieversia; 	Rosaceae;Rubus; 	Rosaceae;Potentilla; 	Rosaceae;Sibbaldia;
P004_WH01_00112 	Caryophyllaceae;Minuartia; 	Caryophyllaceae;Psammosilene	Caryophyllaceae;Viscaria; 	Caryophyllaceae;Sagina; 	Caryophyllaceae;Silene; 	Caryophyllaceae;Silene;
P8807_501_00134 	Ericaceae;Andromeda; 	Ericaceae;Gaultheria	Ericaceae;Phyllodoce; 	Lentibulariaceae;Pinguicula; 	Papaveraceae;Papaver; 	Lentibulariaceae;Pinguicula;
P8807_501_00135 	Ericaceae;Andromeda; 	Ericaceae;Gaultheria	Ericaceae;Vaccinium; 	Plantaginaceae;Veronica; 	Asteraceae;Cirsium; 	Asteraceae;Petasites;
P8807_501_00136 	Ericaceae;Andromeda; 	Ericaceae;Gaultheria	Ericaceae;Vaccinium; 	Ericaceae;Harrimanella; 	Ericaceae;Harrimanella; 	Ericaceae;Vaccinium;
P8807_504_00042 	Salicaceae;Salix; 	Salicaceae;Salix	Salicaceae;Salix; 	Salicaceae;Salix; 	Salicaceae;Salix; 	Salicaceae;Salix;
P8807_506_00008 	Poaceae;Festuca; 	Poaceae;Festuca	Poaceae;Festuca; 	Cyperaceae;Carex; 	Poaceae;Festuca; 	Poaceae;Festuca;
P8807_507_00103 	Crassulaceae;Rhodiola; 	Crassulaceae;Rhodiola	Crassulaceae;Sempervivum; 	Crassulaceae;Sedum; 	Crassulaceae;Sedum; 	Cyperaceae;Carex;
P8807_508_00036 	Asteraceae;Hieracium; 	Asteraceae;Cichorium	Asteraceae;Hieracium; 	Asteraceae;Erigeron; 	Asteraceae;Erigeron; 	Asteraceae;Erigeron;
P8807_509_00007 	Orobanchaceae;Pedicularis; 	Orobanchaceae;Pedicularis	Orobanchaceae;Pedicularis; 	Onagraceae;Epilobium; 	Orobanchaceae;Pedicularis; 	Orobanchaceae;Pedicularis;
P8807_510_00044 	Violaceae;Viola; 	Violaceae;Viola	Violaceae;Viola; 	Salicaceae;Salix; 	Brassicaceae;Cardamine; 	Brassicaceae;Cardamine;
P8807_511_00007 	Poaceae;Poa; 	Poaceae;Poa	Poaceae;Poa; 	Poaceae;Poa; 	Poaceae;Poa; 	Poaceae;Poa;
P8807_511_00008 	Poaceae;Poa; 	Poaceae;Poa	Poaceae;Poa; 	Poaceae;Poa; 	Poaceae;Poa; 	Poaceae;Phleum;
P8807_514_00027 	Ericaceae;Harrimanella; 	Ericaceae;Vaccinium	Ericaceae;Rhododendron; 	Ericaceae;Rhododendron; 	Ericaceae;Rhododendron; 	Ericaceae;Rhododendron;
P8807_514_00028 	Ericaceae;Harrimanella; 	Ericaceae;Vaccinium	Ericaceae;Vaccinium; 	Ericaceae;Vaccinium; 	Ericaceae;Vaccinium; 	Ericaceae;Pieris;
P8807_514_00029 	Ericaceae;Harrimanella; 	Ericaceae;Rhododendron	Ericaceae;Phyllodoce; 	Ranunculaceae;Aconitum; 	Cyperaceae;Carex; 	Ranunculaceae;Trollius;
P8807_514_00030 	Ericaceae;Harrimanella; 	Ericaceae;Vaccinium	Ericaceae;Harrimanella; 	Ericaceae;Vaccinium; 	Ericaceae;Andromeda; 	Primulaceae;Trientalis;
P8807_515_00039 	Asteraceae;Saussurea; 	Asteraceae;Saussurea	Asteraceae;Saussurea; 	Asteraceae;Cirsium; 	Poaceae;Calamagrostis; 	Asteraceae;Centaurea;
P8807_516_00062 	Caryophyllaceae;Cerastium; 	Caryophyllaceae;Pseudocerastium	Caryophyllaceae;Cerastium; 	Caryophyllaceae;Cerastium; 	Caryophyllaceae;Cerastium; 	Caryophyllaceae;Cerastium;
P8807_517_00106 	Ericaceae;Vaccinium; 	Ericaceae;Vaccinium	Ericaceae;Vaccinium; 	Ericaceae;Vaccinium; 	Primulaceae;Primula; 	Primulaceae;Primula;
P8807_517_00108 	Ericaceae;Vaccinium; 	Ericaceae;Vaccinium	Ericaceae;Vaccinium; 	Ericaceae;Vaccinium; 	Ericaceae;Vaccinium; 	Ericaceae;Rhododendron;
P8807_517_00109 	Ericaceae;Vaccinium; 	Ericaceae;Vaccinium	Ericaceae;Vaccinium; 	Ericaceae;Vaccinium; 	Ericaceae;Harrimanella; 	Ericaceae;Pieris;
P8807_517_00110 	Ericaceae;Vaccinium; 	Ericaceae;Vaccinium	Ericaceae;Vaccinium; 	Saxifragaceae;Chrysosplenium; 	Caryophyllaceae;Silene; 	Saxifragaceae;Saxifraga;
P8807_519_00076 	Salicaceae;Salix; 	Salicaceae;Salix	Salicaceae;Salix; 	Salicaceae;Salix; 	Salicaceae;Salix; 	Salicaceae;Salix;
P8807_521_00086 	Ericaceae;Vaccinium; 	Ericaceae;Vaccinium	Ericaceae;Vaccinium; 	Ericaceae;Harrimanella; 	Ericaceae;Harrimanella; 	Ericaceae;Andromeda;
P8807_522_00050 	Rosaceae;Dryas; 	Rosaceae;Dryas	Rosaceae;Dryas; 	Rosaceae;Dryas; 	Cyperaceae;Carex; 	Rosaceae;Spiraea;
P8807_523_00029 	Salicaceae;Salix; 	Salicaceae;Salix	Salicaceae;Salix; 	Salicaceae;Salix; 	Salicaceae;Salix; 	Salicaceae;Salix;
P8807_524_00020 	Orobanchaceae;Pedicularis; 	Orobanchaceae;Pedicularis	Orobanchaceae;Pedicularis; 	Orobanchaceae;Pedicularis; 	Orobanchaceae;Pedicularis; 	Orobanchaceae;Pedicularis;
P8807_525_00022 	Rosaceae;Rubus; 	Rosaceae;Rubus	Rosaceae;Potentilla; 	Orobanchaceae;Pedicularis; 	Rosaceae;Potentilla; 	Rosaceae;Potentilla;
P8807_526_00093 	Equisetaceae;Equisetum; 	Equisetaceae;Equisetum	Equisetaceae;Equisetum; 	Equisetaceae;Equisetum; 	Equisetaceae;Equisetum; 	Equisetaceae;Equisetum;
P8807_527_00062 	Fabaceae;Astragalus; 	Fabaceae;Astragalus	Fabaceae;Astragalus; 	Fabaceae;Oxytropis; 	Fabaceae;Oxytropis; 	Fabaceae;Trifolium;
WA01_00045 	Rosaceae;Potentilla; 	Rosaceae;Adenostoma	Orobanchaceae;Pedicularis; 	Rosaceae;Potentilla; 	Cyperaceae;Carex; 	Rosaceae;Dryas;
WA01_00063 	Rosaceae;Potentilla; 	Rosaceae;Potentilla	Rosaceae;Potentilla; 	Orobanchaceae;Pedicularis; 	Rosaceae;Potentilla; 	Rosaceae;Potentilla;
WA02_00062 	Salicaceae;Salix; 	Salicaceae;Salix	Salicaceae;Salix; 	Salicaceae;Salix; 	Salicaceae;Salix; 	Salicaceae;Salix;
WA03_00034 	Poaceae;Calamagrostis; 	Poaceae;Agrostis	Poaceae;Calamagrostis; 	Poaceae;Agrostis; 	Poaceae;Calamagrostis; 	Poaceae;Agrostis;
WA03_00035 	Poaceae;Calamagrostis; 	Poaceae;Agrostis	Poaceae;Calamagrostis; 	Poaceae;Agrostis; 	Poaceae;Calamagrostis; 	Poaceae;Agrostis;
WA05_00109 	Lentibulariaceae;Pinguicula; 	Lentibulariaceae;Pinguicula	Lentibulariaceae;Pinguicula; 	Lentibulariaceae;Pinguicula; 	Plantaginaceae;Pennellianthus; 	Boraginaceae;Myosotis;
WA06_00106 	Caryophyllaceae;Cerastium; 	Caryophyllaceae;Pseudocerastium	Caryophyllaceae;Cerastium; 	Caryophyllaceae;Cerastium; 	Caryophyllaceae;Cerastium; 	Caryophyllaceae;Cerastium;
WA07_00017 	Saxifragaceae;Saxifraga; 	Saxifragaceae;Saxifraga	Saxifragaceae;Saxifraga; 	Saxifragaceae;Saxifraga; 	Saxifragaceae;Saxifraga; 	Saxifragaceae;Saxifraga;
WA08_00008 	Ericaceae;Phyllodoce; 	Ericaceae;Agapetes	Ericaceae;Empetrum; 	Ericaceae;Cassiope; 	Ericaceae;Harrimanella; 	Ericaceae;Rhododendron;
WA09_00038 	Ericaceae;Empetrum; 	Ericaceae;Agapetes	Ericaceae;Empetrum; 	Ericaceae;Cassiope; 	Ericaceae;Harrimanella; 	Ericaceae;Rhododendron;
WA12_00035 	Polygonaceae;Oxyria; 	Polygonaceae;Oxyria	Polygonaceae;Rumex; 	Polygonaceae;Rumex; 	Polygonaceae;Rumex; 	Polygonaceae;Bistorta;
WB02_00042 	Geraniaceae;Geranium; 	Geraniaceae;Geranium	Geraniaceae;Geranium; 	Cyperaceae;Carex; 	Polygonaceae;Polygonum; 	Polygonaceae;Rumex;
WB02_00043 	Geraniaceae;Geranium; 	Geraniaceae;Geranium	Violaceae;Viola; 	Violaceae;Viola; 	Lentibulariaceae;Pinguicula; 	Lentibulariaceae;Pinguicula;
WB02_00044 	Geraniaceae;Geranium; 	Geraniaceae;Geranium	Cyperaceae;Carex; 	Geraniaceae;Geranium; 	Saxifragaceae;Chrysosplenium; 	Saxifragaceae;Saxifraga;
WB02_00045 	Geraniaceae;Geranium; 	Geraniaceae;Geranium	Geraniaceae;Geranium; 	Saxifragaceae;Saxifraga; 	Saxifragaceae;Saxifraga; 	Saxifragaceae;Saxifraga;
WB02_00046 	Geraniaceae;Geranium; 	Geraniaceae;Geranium	Geraniaceae;Geranium; 	Betulaceae;Betula; 	Betulaceae;Betula; 	Rosaceae;Sibbaldia;
WB02_00048 	Geraniaceae;Geranium; 	Geraniaceae;Geranium	Geraniaceae;Geranium; 	Polygonaceae;Rumex; 	Polygonaceae;Rumex; 	Polygonaceae;Rumex;
WB02_00049 	Geraniaceae;Geranium; 	Geraniaceae;Geranium	Geraniaceae;Geranium; 	Rosaceae;Dryas; 	Cyperaceae;Carex; 	Rosaceae;Dryas;
WB04_00094 	Equisetaceae;Equisetum; 	Equisetaceae;Equisetum	Equisetaceae;Equisetum; 	Equisetaceae;Equisetum; 	Equisetaceae;Equisetum; 	Equisetaceae;Equisetum;
WB05_00099 	Asteraceae;Petasites; 	Asteraceae;Petasites	Asteraceae;Senecio; 	Asteraceae;Solidago; 	Asteraceae;Hieracium; 	Asteraceae;Hieracium;
WB06_00007 	Poaceae;Poa; 	Poaceae;Phleum	Poaceae;Poa; 	Poaceae;Phleum; 	Poaceae;Arctophila; 	Poaceae;Dupontia;
WB07_00029 	Polygonaceae;Rumex; 	Polygonaceae;Rumex	Polygonaceae;Rumex; 	Polygonaceae;Rumex; 	Polygonaceae;Oxyria; 	Polygonaceae;Bistorta;
WB08_00104 	Primulaceae;Trientalis; 	Primulaceae;Lysimachia	Primulaceae;Primula; 	Primulaceae;Primula; 	Primulaceae;Primula; 	Primulaceae;Primula;
WB09_00017 	Saxifragaceae;Saxifraga; 	Meliaceae;Entandrophragma	Brassicaceae;Draba; 	Saxifragaceae;Saxifraga; 	Ranunculaceae;Pulsatilla; 	Ranunculaceae;Trollius;
WB10_00014 	Rosaceae;Sibbaldia; 	Rosaceae;Sibbaldia	Rosaceae;Potentilla; 	Rosaceae;Alchemilla; 	Rosaceae;Potentilla; 	Rosaceae;Potentilla;
WB11_00117 	Asteraceae;Hieracium; 	Asteraceae;Cichorium	Asteraceae;Hieracium; 	Asteraceae;Erigeron; 	Asteraceae;Erigeron; 	Asteraceae;Erigeron;
WB12_00011 	Asteraceae;Taraxacum; 	Asteraceae;Taraxacum	Asteraceae;Taraxacum; 	Asteraceae;Taraxacum; 	Asteraceae;Taraxacum; 	Cyperaceae;Carex;
WC04_00001 	Poaceae;Agrostis; 	Poaceae;Chikusichloa	Poaceae;Agrostis; 	Poaceae;Hyalopoa; 	Poaceae;Calamagrostis; 	Poaceae;Arctagrostis;
WC04_00094 	Poaceae;Agrostis; 	Poaceae;Agrostis	Poaceae;Calamagrostis; 	Poaceae;Agrostis; 	Poaceae;Calamagrostis; 	Poaceae;Agrostis;
WC04_00095 	Poaceae;Agrostis; 	Poaceae;Agrostis	Poaceae;Calamagrostis; 	Poaceae;Agrostis; 	Poaceae;Calamagrostis; 	Poaceae;Agrostis;
WC06_00069 	Ericaceae;Vaccinium; 	Ericaceae;Vaccinium	Ericaceae;Vaccinium; 	Ericaceae;Vaccinium; 	Primulaceae;Primula; 	Primulaceae;Primula;
