P001_WA03_00146 	Cyperaceae	Cyperaceae	Orobanchaceae	Cyperaceae	Cyperaceae	Cyperaceae	Cyperaceae	100%	6	k141_14758
P001_WA03_00148 	Cyperaceae	Cyperaceae	Cyperaceae	Cyperaceae	Cyperaceae	Cyperaceae	Cyperaceae	100%	6	k141_14758
P001_WA04_00097 	Salicaceae	Salicaceae	Salicaceae	Salicaceae	Salicaceae	Salicaceae	Salicaceae	100%	12	k141_23065
P001_WA04_00098 	Salicaceae	Salicaceae	Salicaceae	Salicaceae	Salicaceae	Salicaceae	Salicaceae	100%	12	k141_23065
P001_WA05_00109 	Poaceae	Poaceae	Poaceae	Poaceae	Poaceae	Poaceae	Poaceae	100%	12	k141_77472
P001_WA05_00110 	Poaceae	Poaceae	Poaceae	Poaceae	Poaceae	Poaceae	Poaceae	100%	12	k141_77472
P001_WA06_00100 	Cyperaceae	Cyperaceae	Cyperaceae	Cyperaceae	Cyperaceae	Cyperaceae	Cyperaceae	100%	6	k141_37983
P001_WA06_00101 	Cyperaceae	Cyperaceae	Cyperaceae	Cyperaceae	Cyperaceae	Cyperaceae	Cyperaceae	100%	6	k141_37983
P001_WA07_00110 	Asteraceae	Asteraceae	Asteraceae	Asteraceae	Poaceae	Asteraceae	Asteraceae	100%	12	k141_63300
P001_WA07_00111 	Asteraceae	Asteraceae	Asteraceae	Asteraceae	Poaceae	Asteraceae	Asteraceae	100%	12	k141_63300
P001_WA08_00144 	Cyperaceae	Cyperaceae	Orobanchaceae	Cyperaceae	Cyperaceae	Cyperaceae	Cyperaceae	100%	6	k141_45201
P001_WA08_00145 	Cyperaceae	Cyperaceae	Cyperaceae	Cyperaceae	Cyperaceae	Cyperaceae	Cyperaceae	100%	6	k141_45201
P001_WA10_00116 	Rubiaceae	Rubiaceae	Rubiaceae	Rubiaceae	Crassulaceae	Ericaceae	Rubiaceae	100%	12	k141_139055
P001_WA10_00117 	Rubiaceae	Rubiaceae	Rubiaceae	Rubiaceae	Asteraceae	Asteraceae	Rubiaceae	100%	12	k141_139055
P001_WA11_00012 	Campanulaceae	Campanulaceae	Campanulaceae	Campanulaceae	Crassulaceae	Campanulaceae	Campanulaceae	100%	6	k141_10303
P001_WA11_00013 	Campanulaceae	Campanulaceae	Campanulaceae	Campanulaceae	Asteraceae	Campanulaceae	Campanulaceae	100%	6	k141_10303
P001_WA12_00040 	Asteraceae	Asteraceae	Asteraceae	Asteraceae	Asteraceae	Asteraceae	Asteraceae	100%	12	k141_206338
P001_WA12_00041 	Asteraceae	Asteraceae	Asteraceae	Asteraceae	Asteraceae	Asteraceae	Asteraceae	100%	12	k141_206338
P001_WB01_00006 	Brassicaceae	Poaceae	Poaceae	Poaceae	Poaceae	Poaceae	Poaceae	100%	2	k141_112314
P001_WB01_00256 	Brassicaceae	Ranunculaceae	Caryophyllaceae	Ranunculaceae	Ranunculaceae	Cyperaceae	Ranunculaceae	100%	12	k141_75847
P001_WB01_00257 	Brassicaceae	Ranunculaceae	Ranunculaceae	Caryophyllaceae	Ranunculaceae	Ranunculaceae	Ranunculaceae	100%	12	k141_75847
P001_WB01_00430 	Brassicaceae	Brassicaceae	Juncaceae	Brassicaceae	Brassicaceae	Brassicaceae	Brassicaceae	100%	11	k141_118261
P001_WB01_00431 	Brassicaceae	Brassicaceae	Brassicaceae	Brassicaceae	Brassicaceae	Brassicaceae	Brassicaceae	100%	11	k141_118261
P001_WB01_00455 	Brassicaceae	Poaceae	Salicaceae	Poaceae	Poaceae	Poaceae	Poaceae	100%	9	k141_32508
P001_WB02_00101 	Salicaceae	Salicaceae	Salicaceae	Salicaceae	Salicaceae	Salicaceae	Salicaceae	100%	12	k141_51224
P001_WB02_00102 	Salicaceae	Salicaceae	Salicaceae	Salicaceae	Salicaceae	Salicaceae	Salicaceae	100%	12	k141_51224
P001_WB02_00135 	Salicaceae	Poaceae	Salicaceae	Poaceae	Poaceae	Poaceae	Poaceae	100%	1	k141_46861
P001_WB03_00140 	Cyperaceae	Cyperaceae	Cyperaceae	Cyperaceae	Asteraceae	Cyperaceae	Cyperaceae	100%	8	k141_14969
P001_WB03_00141 	Cyperaceae	Cyperaceae	Cyperaceae	Cyperaceae	Asteraceae	Cyperaceae	Cyperaceae	100%	8	k141_14969
P001_WB04_00121 	Betulaceae	Betulaceae	Betulaceae	Rosaceae	Rosaceae	Cyperaceae	Betulaceae	100%	13	k141_26021
P001_WB04_00122 	Betulaceae	Betulaceae	Betulaceae	Rosaceae	Cyperaceae	Rosaceae	Betulaceae	100%	13	k141_26021
P001_WB05_00039 	Poaceae	Poaceae	Poaceae	Poaceae	Poaceae	Poaceae	Poaceae	100%	10	k141_13881
P001_WB06_00085 	Gentianaceae	Gentianaceae	Gentianaceae	Gentianaceae	Gentianaceae	Gentianaceae	Gentianaceae	100%	9	k141_11134
P001_WB07_00019 	Fabaceae	Fabaceae	Fabaceae	Fabaceae	Fabaceae	Fabaceae	Fabaceae	100%	73	k141_48354
P001_WB07_00020 	Fabaceae	Fabaceae	Fabaceae	Fabaceae	Fabaceae	Fabaceae	Fabaceae	100%	73	k141_48354
P001_WB08_00111 	Poaceae	Poaceae	Poaceae	Poaceae	Poaceae	Poaceae	Poaceae	100%	10	k141_83158
P001_WB08_00112 	Poaceae	Poaceae	Poaceae	Poaceae	Poaceae	Poaceae	Poaceae	100%	10	k141_83158
P001_WB09_00123 	Asteraceae	Asteraceae	Asteraceae	Asteraceae	Asteraceae	Asteraceae	Asteraceae	100%	11	k141_2106
P001_WB09_00124 	Asteraceae	Asteraceae	Asteraceae	Asteraceae	Asteraceae	Asteraceae	Asteraceae	100%	11	k141_2106
P001_WB10_00115 	Poaceae	Poaceae	Poaceae	Poaceae	Poaceae	Poaceae	Poaceae	100%	11	k141_62937
P001_WB10_00116 	Poaceae	Poaceae	Poaceae	Poaceae	Poaceae	Poaceae	Poaceae	100%	11	k141_62937
P001_WB11_00048 	Campanulaceae	Campanulaceae	Asteraceae	Campanulaceae	Campanulaceae	Campanulaceae	Campanulaceae	100%	10	k141_7195
P001_WB11_00049 	Campanulaceae	Campanulaceae	Campanulaceae	Campanulaceae	Crassulaceae	Campanulaceae	Campanulaceae	100%	10	k141_7195
P001_WB12_00140 	Asteraceae	Asteraceae	Asteraceae	Asteraceae	Poaceae	Asteraceae	Asteraceae	100%	12	k141_141211
P001_WB12_00141 	Asteraceae	Asteraceae	Asteraceae	Asteraceae	Poaceae	Asteraceae	Asteraceae	100%	12	k141_141211
P001_WB12_00149 	Asteraceae	Campanulaceae	Asteraceae	Campanulaceae	Campanulaceae	Campanulaceae	Campanulaceae	100%	2	k141_142415
P001_WC02_00070 	Poaceae	Poaceae	Salicaceae	Poaceae	Poaceae	Poaceae	Poaceae	100%	12	k141_64606
P001_WC02_00071 	Poaceae	Poaceae	Poaceae	Poaceae	Poaceae	Poaceae	Poaceae	100%	12	k141_64606
P001_WC03_00078 	Asteraceae	Asteraceae	Asteraceae	Asteraceae	Asteraceae	Asteraceae	Asteraceae	100%	11	k141_28486
P001_WC03_00079 	Asteraceae	Asteraceae	Asteraceae	Asteraceae	Asteraceae	Asteraceae	Asteraceae	100%	11	k141_28486
P001_WC04_00008 	Cupressaceae	Cupressaceae	Cupressaceae	Juncaceae	Asteraceae	Asteraceae	Cupressaceae	100%	12	k141_5332
P001_WC04_00009 	Cupressaceae	Cupressaceae	Cupressaceae	Juncaceae	Rosaceae	Crassulaceae	Cupressaceae	100%	12	k141_5332
P001_WC06_00053 	Gentianaceae	Gentianaceae	Gentianaceae	Gentianaceae	Gentianaceae	Gentianaceae	Gentianaceae	100%	12	k141_49616
P001_WC06_00054 	Gentianaceae	Gentianaceae	Gentianaceae	Gentianaceae	Gentianaceae	Gentianaceae	Gentianaceae	100%	12	k141_49616
P001_WC07_00066 	Asteraceae	Asteraceae	Asteraceae	Asteraceae	Asteraceae	Asteraceae	Asteraceae	100%	12	k141_40998
P001_WC07_00067 	Asteraceae	Asteraceae	Asteraceae	Asteraceae	Asteraceae	Asteraceae	Asteraceae	100%	12	k141_40998
P001_WC08_00118 	Apiaceae	Apiaceae	Apiaceae	Apiaceae	Apiaceae	Apiaceae	Apiaceae	100%	22	k141_57576
P001_WC08_00119 	Apiaceae	Apiaceae	Apiaceae	Apiaceae	Apiaceae	Apiaceae	Apiaceae	100%	22	k141_57576
P001_WC09_00112 	Lamiaceae	Lamiaceae	Plantaginaceae	Plantaginaceae	Fabaceae	Plantaginaceae	Lamiaceae	100%	10	k141_61335
P001_WC10_00005 	Apiaceae	Apiaceae	Apiaceae	Apiaceae	Apiaceae	Apiaceae	Apiaceae	100%	12	k141_39499
P001_WC10_00006 	Apiaceae	Apiaceae	Apiaceae	Apiaceae	Apiaceae	Apiaceae	Apiaceae	100%	12	k141_39499
P001_WC11_00025 	Polygonaceae	Polygonaceae	Polygonaceae	Polygonaceae	Polygonaceae	Polygonaceae	Polygonaceae	100%	11	k141_107847
P001_WC11_00026 	Polygonaceae	Polygonaceae	Polygonaceae	Polygonaceae	Polygonaceae	Polygonaceae	Polygonaceae	100%	11	k141_107847
P001_WC12_00088 	Cyperaceae	Asteraceae	Asteraceae	Cyperaceae	Asteraceae	Asteraceae	Asteraceae	100%	1	k141_78523
P001_WC12_00125 	Cyperaceae	Cyperaceae	Cyperaceae	Cyperaceae	Cyperaceae	Cyperaceae	Cyperaceae	100%	6	k141_50894
P001_WC12_00127 	Cyperaceae	Cyperaceae	Crassulaceae	Cyperaceae	Cyperaceae	Cyperaceae	Cyperaceae	100%	6	k141_50894
P001_WD01_00127 	Poaceae	Poaceae	Poaceae	Poaceae	Poaceae	Poaceae	Poaceae	100%	11	k141_24617
P001_WD01_00128 	Poaceae	Poaceae	Poaceae	Poaceae	Poaceae	Poaceae	Poaceae	100%	11	k141_24617
P001_WD02_00113 	Saxifragaceae	Saxifragaceae	Saxifragaceae	Saxifragaceae	Brassicaceae	Saxifragaceae	Saxifragaceae	100%	12	k141_26020
P001_WD02_00115 	Saxifragaceae	Saxifragaceae	Saxifragaceae	Saxifragaceae	Saxifragaceae	Saxifragaceae	Saxifragaceae	100%	12	k141_26020
P001_WD03_00032 	Poaceae	Poaceae	Poaceae	Poaceae	Poaceae	Poaceae	Poaceae	100%	11	k141_38631
P001_WD03_00033 	Poaceae	Poaceae	Poaceae	Poaceae	Poaceae	Poaceae	Poaceae	100%	11	k141_38631
P001_WD04_00134 	Ericaceae	Ericaceae	Ericaceae	Ericaceae	Ericaceae	Ericaceae	Ericaceae	100%	9	k141_1650
P001_WD04_00135 	Ericaceae	Ericaceae	Ericaceae	Ericaceae	Ericaceae	Ericaceae	Ericaceae	100%	9	k141_1650
P001_WD05_00038 	Poaceae	Poaceae	Brassicaceae	Salicaceae	Poaceae	Poaceae	Poaceae	100%	11	k141_25471
P001_WD05_00039 	Poaceae	Poaceae	Poaceae	Poaceae	Poaceae	Poaceae	Poaceae	100%	11	k141_25471
P001_WD06_00101 	Campanulaceae	Campanulaceae	Campanulaceae	Campanulaceae	Campanulaceae	Campanulaceae	Campanulaceae	100%	6	k141_33445
P001_WD06_00103 	Campanulaceae	Campanulaceae	Campanulaceae	Campanulaceae	Campanulaceae	Campanulaceae	Campanulaceae	100%	6	k141_33445
P001_WD07_00099 	Caryophyllaceae	Caryophyllaceae	Caryophyllaceae	Caryophyllaceae	Caryophyllaceae	Caryophyllaceae	Caryophyllaceae	100%	11	k141_58962
P001_WD07_00101 	Caryophyllaceae	Caryophyllaceae	Caryophyllaceae	Caryophyllaceae	Caryophyllaceae	Caryophyllaceae	Caryophyllaceae	100%	11	k141_58962
P001_WD08_00013 	Caryophyllaceae	Caryophyllaceae	Caryophyllaceae	Caryophyllaceae	Caryophyllaceae	Caryophyllaceae	Caryophyllaceae	100%	11	k141_64422
P001_WD08_00014 	Caryophyllaceae	Caryophyllaceae	Caryophyllaceae	Caryophyllaceae	Caryophyllaceae	Caryophyllaceae	Caryophyllaceae	100%	11	k141_64422
P001_WD08_00227 	Caryophyllaceae	Boraginaceae	Boraginaceae	Asteraceae	Asteraceae	Asteraceae	Boraginaceae	100%	12	k141_35476
P001_WD08_00228 	Caryophyllaceae	Boraginaceae	Boraginaceae	Ericaceae	Ericaceae	Ericaceae	Boraginaceae	100%	12	k141_35476
P001_WD09_00080 	Gentianaceae	Gentianaceae	Gentianaceae	Gentianaceae	Gentianaceae	Gentianaceae	Gentianaceae	100%	11	k141_18391
P001_WD09_00081 	Gentianaceae	Gentianaceae	Gentianaceae	Gentianaceae	Gentianaceae	Gentianaceae	Gentianaceae	100%	11	k141_18391
P001_WD10_00099 	Boraginaceae	Boraginaceae	Boraginaceae	Asteraceae	Asteraceae	Asteraceae	Boraginaceae	100%	12	k141_62677
P001_WD10_00100 	Boraginaceae	Boraginaceae	Caryophyllaceae	Ericaceae	Ericaceae	Ericaceae	Boraginaceae	100%	12	k141_62677
P001_WD11_00120 	Crassulaceae	Crassulaceae	Crassulaceae	Crassulaceae	Crassulaceae	Saxifragaceae	Crassulaceae	100%	12	k141_1552
P001_WD11_00121 	Crassulaceae	Crassulaceae	Crassulaceae	Crassulaceae	Crassulaceae	Apiaceae	Crassulaceae	100%	12	k141_1552
P001_WD11_00138 	Crassulaceae	Asteraceae	Asteraceae	Cyperaceae	Asteraceae	Asteraceae	Asteraceae	100%	6	k141_30944
P001_WD11_00155 	Crassulaceae	Cyperaceae	Crassulaceae	Cyperaceae	Cyperaceae	Cyperaceae	Cyperaceae	100%	6	k141_7859
P001_WD11_00157 	Crassulaceae	Cyperaceae	Cyperaceae	Cyperaceae	Cyperaceae	Cyperaceae	Cyperaceae	100%	6	k141_7859
P001_WD11_00166 	Crassulaceae	Poaceae	Poaceae	Poaceae	Poaceae	Poaceae	Poaceae	100%	1	k141_7997
P001_WD11_00175 	Crassulaceae	Campanulaceae	Campanulaceae	Campanulaceae	Campanulaceae	Campanulaceae	Campanulaceae	50%	1	k141_49115
P001_WD12_00120 	Asteraceae	Asteraceae	Asteraceae	Cyperaceae	Asteraceae	Asteraceae	Asteraceae	100%	12	k141_29509
P001_WD12_00121 	Asteraceae	Asteraceae	Asteraceae	Cyperaceae	Asteraceae	Asteraceae	Asteraceae	100%	12	k141_29509
P001_WE01_00102 	Caryophyllaceae	Caryophyllaceae	Caryophyllaceae	Caryophyllaceae	Caryophyllaceae	Caryophyllaceae	Caryophyllaceae	100%	11	k141_34654
P001_WE01_00103 	Caryophyllaceae	Caryophyllaceae	Caryophyllaceae	Caryophyllaceae	Rosaceae	Caryophyllaceae	Caryophyllaceae	100%	11	k141_34654
P001_WE02_00085 	Cyperaceae	Cyperaceae	Cyperaceae	Cyperaceae	Cyperaceae	Cyperaceae	Cyperaceae	100%	11	k141_4574
P001_WE02_00087 	Cyperaceae	Cyperaceae	Crassulaceae	Cyperaceae	Cyperaceae	Cyperaceae	Cyperaceae	100%	11	k141_4574
P001_WE03_00013 	Ranunculaceae	Ranunculaceae	Ranunculaceae	Brassicaceae	Caryophyllaceae	Ranunculaceae	Ranunculaceae	100%	10	k141_16618
P001_WE04_00040 	Tofieldiaceae	Cyperaceae	Cyperaceae	Cyperaceae	Cyperaceae	Cyperaceae	Cyperaceae	100%	6	k141_16126
P001_WE04_00042 	Tofieldiaceae	Cyperaceae	Ranunculaceae	Cyperaceae	Cyperaceae	Cyperaceae	Cyperaceae	100%	6	k141_16126
P001_WE04_00141 	Tofieldiaceae	Tofieldiaceae	Ranunculaceae	Cyperaceae	Juncaceae	Asteraceae	Tofieldiaceae	100%	8	k141_19739
P001_WE04_00142 	Tofieldiaceae	Tofieldiaceae	Ranunculaceae	Ranunculaceae	Ranunculaceae	Cyperaceae	Tofieldiaceae	100%	8	k141_19739
P001_WE05_00112 	Ericaceae	Ericaceae	Ericaceae	Ericaceae	Ericaceae	Ericaceae	Ericaceae	100%	8	k141_44221
P001_WE05_00113 	Ericaceae	Ericaceae	Ericaceae	Ericaceae	Ericaceae	Ericaceae	Ericaceae	100%	8	k141_44221
P001_WE06_00085 	Poaceae	Poaceae	Poaceae	Poaceae	Poaceae	Poaceae	Poaceae	100%	11	k141_45303
P001_WE06_00086 	Poaceae	Poaceae	Poaceae	Poaceae	Poaceae	Poaceae	Poaceae	100%	11	k141_45303
P001_WE08_00009 	Caprifoliaceae	Caprifoliaceae	Caprifoliaceae	Ericaceae	Ericaceae	Ericaceae	Caprifoliaceae	100%	10	k141_59993
P001_WE08_00010 	Caprifoliaceae	Caprifoliaceae	Caprifoliaceae	Crassulaceae	Campanulaceae	Campanulaceae	Caprifoliaceae	100%	10	k141_59993
P001_WE10_00031 	Asteraceae	Asteraceae	Asteraceae	Cyperaceae	Asteraceae	Asteraceae	Asteraceae	100%	11	k141_44574
P001_WE10_00032 	Asteraceae	Asteraceae	Asteraceae	Cyperaceae	Asteraceae	Asteraceae	Asteraceae	100%	11	k141_44574
P001_WE11_00117 	Poaceae	Poaceae	Poaceae	Poaceae	Poaceae	Poaceae	Poaceae	100%	12	k141_85424
P001_WE11_00118 	Poaceae	Poaceae	Poaceae	Poaceae	Poaceae	Poaceae	Poaceae	100%	12	k141_85424
P001_WE12_00252 	Cyperaceae	Geraniaceae	Geraniaceae	Geraniaceae	Caprifoliaceae	Polygonaceae	Geraniaceae	100%	2	k141_107270
P001_WE12_00269 	Cyperaceae	Cyperaceae	Cyperaceae	Cyperaceae	Cyperaceae	Cyperaceae	Cyperaceae	100%	6	k141_144805
P001_WE12_00271 	Cyperaceae	Cyperaceae	Crassulaceae	Cyperaceae	Cyperaceae	Cyperaceae	Cyperaceae	100%	6	k141_144805
P001_WE12_00348 	Cyperaceae	Asteraceae	Asteraceae	Asteraceae	Asteraceae	Asteraceae	Asteraceae	100%	7	k141_35160
P001_WE12_00349 	Cyperaceae	Asteraceae	Asteraceae	Cyperaceae	Asteraceae	Asteraceae	Asteraceae	100%	7	k141_35160
P001_WF01_00140 	Equisetaceae	Equisetaceae	Equisetaceae	Equisetaceae	Equisetaceae	Equisetaceae	Equisetaceae	100%	17	k141_121409
P001_WF01_00141 	Equisetaceae	Equisetaceae	Equisetaceae	Equisetaceae	Equisetaceae	Equisetaceae	Equisetaceae	100%	17	k141_121409
P001_WF01_00177 	Equisetaceae	Celastraceae	Celastraceae	Caryophyllaceae	Caryophyllaceae	Betulaceae	Celastraceae	100%	3	k141_33282
P001_WF01_00197 	Equisetaceae	Cyperaceae	Cyperaceae	Cyperaceae	Cyperaceae	Cyperaceae	Cyperaceae	100%	6	k141_145847
P001_WF01_00198 	Equisetaceae	Cyperaceae	Orobanchaceae	Cyperaceae	Cyperaceae	Cyperaceae	Cyperaceae	100%	6	k141_145847
P001_WF02_00125 	Cyperaceae	Cyperaceae	Cyperaceae	Cyperaceae	Cyperaceae	Cyperaceae	Cyperaceae	100%	6	k141_50668
P001_WF02_00127 	Cyperaceae	Cyperaceae	Orobanchaceae	Cyperaceae	Cyperaceae	Cyperaceae	Cyperaceae	100%	6	k141_50668
P001_WF03_00109 	Caryophyllaceae	Caryophyllaceae	Caryophyllaceae	Caryophyllaceae	Caryophyllaceae	Caryophyllaceae	Caryophyllaceae	100%	11	k141_197893
P001_WF03_00110 	Caryophyllaceae	Caryophyllaceae	Caryophyllaceae	Caryophyllaceae	Caryophyllaceae	Caryophyllaceae	Caryophyllaceae	100%	11	k141_197893
P001_WF04_00068 	Caryophyllaceae	Caryophyllaceae	Caryophyllaceae	Caryophyllaceae	Caryophyllaceae	Caryophyllaceae	Caryophyllaceae	100%	11	k141_62352
P001_WF04_00069 	Caryophyllaceae	Caryophyllaceae	Caryophyllaceae	Caryophyllaceae	Caryophyllaceae	Caryophyllaceae	Caryophyllaceae	100%	11	k141_62352
P001_WF05_00038 	Asteraceae	Asteraceae	Asteraceae	Asteraceae	Poaceae	Asteraceae	Asteraceae	100%	11	k141_39924
P001_WF05_00039 	Asteraceae	Asteraceae	Asteraceae	Poaceae	Asteraceae	Asteraceae	Asteraceae	100%	11	k141_39924
P001_WF06_00008 	Orobanchaceae	Poaceae	Poaceae	Poaceae	Poaceae	Poaceae	Poaceae	100%	11	k141_11648
P001_WF06_00009 	Orobanchaceae	Poaceae	Poaceae	Poaceae	Poaceae	Poaceae	Poaceae	100%	11	k141_11648
P001_WF07_00112 	Poaceae	Poaceae	Poaceae	Poaceae	Poaceae	Poaceae	Poaceae	100%	11	k141_32746
P001_WF07_00113 	Poaceae	Poaceae	Poaceae	Poaceae	Poaceae	Poaceae	Poaceae	100%	11	k141_32746
P001_WF08_00009 	Orchidaceae	Orchidaceae	Cyperaceae	Liliaceae	Cyperaceae	Cyperaceae	Orchidaceae	100%	11	k141_33
P001_WF08_00010 	Orchidaceae	Orchidaceae	Cyperaceae	Cyperaceae	Cyperaceae	Cyperaceae	Orchidaceae	100%	11	k141_33
P001_WF09_00033 	Gentianaceae	Gentianaceae	Gentianaceae	Gentianaceae	Gentianaceae	Gentianaceae	Gentianaceae	100%	12	k141_72801
P001_WF09_00034 	Gentianaceae	Gentianaceae	Gentianaceae	Gentianaceae	Gentianaceae	Gentianaceae	Gentianaceae	100%	12	k141_72801
P001_WF10_00009 	Fabaceae	Fabaceae	Fabaceae	Fabaceae	Fabaceae	Fabaceae	Fabaceae	100%	11	k141_5155
P001_WF10_00010 	Fabaceae	Fabaceae	Fabaceae	Fabaceae	Fabaceae	Fabaceae	Fabaceae	100%	11	k141_5155
P001_WF11_00102 	Apiaceae	Apiaceae	Apiaceae	Apiaceae	Apiaceae	Apiaceae	Apiaceae	100%	13	k141_93090
P001_WF11_00103 	Apiaceae	Apiaceae	Apiaceae	Apiaceae	Apiaceae	Apiaceae	Apiaceae	100%	13	k141_93090
P001_WF12_00098 	Geraniaceae	Geraniaceae	Geraniaceae	Geraniaceae	Caprifoliaceae	Polygonaceae	Geraniaceae	100%	30	k141_7110
P001_WF12_00099 	Geraniaceae	Geraniaceae	Geraniaceae	Apiaceae	Apiaceae	Onagraceae	Geraniaceae	100%	30	k141_7110
P001_WG01_00012 	Ranunculaceae	Ranunculaceae	Cyperaceae	Ranunculaceae	Ranunculaceae	Cyperaceae	Ranunculaceae	100%	12	k141_13059
P001_WG01_00013 	Ranunculaceae	Ranunculaceae	Cyperaceae	Ranunculaceae	Ranunculaceae	Ranunculaceae	Ranunculaceae	100%	12	k141_13059
P001_WG01_00146 	Ranunculaceae	Cyperaceae	Ranunculaceae	Cyperaceae	Cyperaceae	Cyperaceae	Cyperaceae	100%	3	k141_179501
P001_WG02_00037 	Cyperaceae	Cyperaceae	Orobanchaceae	Cyperaceae	Cyperaceae	Cyperaceae	Cyperaceae	100%	6	k141_49036
P001_WG02_00038 	Cyperaceae	Cyperaceae	Cyperaceae	Cyperaceae	Cyperaceae	Cyperaceae	Cyperaceae	100%	6	k141_49036
P001_WG02_00333 	Cyperaceae	Ranunculaceae	Cyperaceae	Ranunculaceae	Ranunculaceae	Cyperaceae	Ranunculaceae	100%	12	k141_107616
P001_WG02_00334 	Cyperaceae	Ranunculaceae	Cyperaceae	Ranunculaceae	Ranunculaceae	Ranunculaceae	Ranunculaceae	100%	12	k141_107616
P001_WG04_00084 	Cyperaceae	Cyperaceae	Ranunculaceae	Cyperaceae	Cyperaceae	Cyperaceae	Cyperaceae	100%	6	k141_59798
P001_WG04_00085 	Cyperaceae	Cyperaceae	Cyperaceae	Cyperaceae	Cyperaceae	Cyperaceae	Cyperaceae	100%	6	k141_59798
P001_WG05_00019 	Caryophyllaceae	Caryophyllaceae	Caryophyllaceae	Caryophyllaceae	Caryophyllaceae	Caryophyllaceae	Caryophyllaceae	100%	11	k141_79486
P001_WG05_00020 	Caryophyllaceae	Caryophyllaceae	Caryophyllaceae	Caryophyllaceae	Caryophyllaceae	Caryophyllaceae	Caryophyllaceae	100%	11	k141_79486
P001_WG06_00056 	Saxifragaceae	Saxifragaceae	Saxifragaceae	Saxifragaceae	Saxifragaceae	Saxifragaceae	Saxifragaceae	100%	12	k141_49638
P001_WG06_00057 	Saxifragaceae	Saxifragaceae	Saxifragaceae	Saxifragaceae	Saxifragaceae	Saxifragaceae	Saxifragaceae	100%	12	k141_49638
P001_WG07_00107 	Gentianaceae	Gentianaceae	Gentianaceae	Gentianaceae	Gentianaceae	Gentianaceae	Gentianaceae	100%	9	k141_11901
P001_WG08_00114 	Asteraceae	Asteraceae	Asteraceae	Asteraceae	Asteraceae	Asteraceae	Asteraceae	100%	12	k141_55180
P001_WG08_00115 	Asteraceae	Asteraceae	Asteraceae	Asteraceae	Asteraceae	Asteraceae	Asteraceae	100%	12	k141_55180
P001_WG10_00033 	Asteraceae	Asteraceae	Asteraceae	Cyperaceae	Asteraceae	Asteraceae	Asteraceae	100%	22	k141_57258
P001_WG10_00034 	Asteraceae	Asteraceae	Asteraceae	Asteraceae	Asteraceae	Cyperaceae	Asteraceae	100%	22	k141_57258
P001_WG11_00100 	Liliaceae	Liliaceae	Liliaceae	Asteraceae	Ericaceae	Ericaceae	Liliaceae	100%	10	k141_440
P001_WG11_00102 	Liliaceae	Liliaceae	Liliaceae	Juncaceae	Cyperaceae	Cyperaceae	Liliaceae	100%	10	k141_440
P001_WG12_00071 	Poaceae	Poaceae	Poaceae	Poaceae	Poaceae	Poaceae	Poaceae	100%	11	k141_83060
P001_WG12_00072 	Poaceae	Poaceae	Poaceae	Poaceae	Poaceae	Poaceae	Poaceae	100%	11	k141_83060
P001_WH01_00127 	Celastraceae	Celastraceae	Asteraceae	Asteraceae	Asteraceae	Asteraceae	Celastraceae	100%	14	k141_166641
P001_WH01_00128 	Celastraceae	Celastraceae	Celastraceae	Caryophyllaceae	Caryophyllaceae	Betulaceae	Celastraceae	100%	14	k141_166641
P001_WH02_00144 	Salicaceae	Salicaceae	Salicaceae	Salicaceae	Salicaceae	Salicaceae	Salicaceae	100%	12	k141_72472
P001_WH02_00145 	Salicaceae	Salicaceae	Salicaceae	Salicaceae	Salicaceae	Salicaceae	Salicaceae	100%	12	k141_72472
P001_WH02_00156 	Salicaceae	Cyperaceae	Orobanchaceae	Cyperaceae	Cyperaceae	Cyperaceae	Cyperaceae	100%	1	k141_4827
P001_WH03_00006 	Cyperaceae	Cyperaceae	Cyperaceae	Cyperaceae	Asteraceae	Cyperaceae	Cyperaceae	100%	8	k141_44139
P001_WH03_00007 	Cyperaceae	Cyperaceae	Cyperaceae	Cyperaceae	Cyperaceae	Cyperaceae	Cyperaceae	100%	8	k141_44139
P001_WH04_00104 	Saxifragaceae	Saxifragaceae	Saxifragaceae	Saxifragaceae	Saxifragaceae	Saxifragaceae	Saxifragaceae	100%	14	k141_40580
P001_WH04_00105 	Saxifragaceae	Saxifragaceae	Saxifragaceae	Saxifragaceae	Saxifragaceae	Saxifragaceae	Saxifragaceae	100%	14	k141_40580
P001_WH05_00111 	Plantaginaceae	Plantaginaceae	Plantaginaceae	Plantaginaceae	Asteraceae	Fabaceae	Plantaginaceae	100%	10	k141_162087
P001_WH06_00186 	Poaceae	Poaceae	Poaceae	Poaceae	Poaceae	Poaceae	Poaceae	100%	11	k141_110716
P001_WH06_00187 	Poaceae	Poaceae	Poaceae	Poaceae	Poaceae	Poaceae	Poaceae	100%	11	k141_110716
P001_WH07_00034 	Asteraceae	Asteraceae	Asteraceae	Asteraceae	Asteraceae	Asteraceae	Asteraceae	100%	12	k141_131959
P001_WH07_00035 	Asteraceae	Asteraceae	Asteraceae	Asteraceae	Asteraceae	Asteraceae	Asteraceae	100%	12	k141_131959
P001_WH08_00117 	Asteraceae	Asteraceae	Asteraceae	Asteraceae	Asteraceae	Asteraceae	Asteraceae	100%	13	k141_61925
P001_WH08_00118 	Asteraceae	Asteraceae	Asteraceae	Asteraceae	Asteraceae	Asteraceae	Asteraceae	100%	13	k141_61925
P001_WH09_00009 	Primulaceae	Primulaceae	Primulaceae	Primulaceae	Primulaceae	Primulaceae	Primulaceae	100%	11	k141_51323
P001_WH09_00010 	Primulaceae	Primulaceae	Primulaceae	Primulaceae	Primulaceae	Primulaceae	Primulaceae	100%	11	k141_51323
P001_WH10_00106 	Hypericaceae	Hypericaceae	Salicaceae	Salicaceae	Salicaceae	Salicaceae	Hypericaceae	90%	9	k141_153409
P001_WH10_00108 	Hypericaceae	Hypericaceae	Salicaceae	Salicaceae	Salicaceae	Salicaceae	Hypericaceae	90%	9	k141_153409
P001_WH11_00109 	Asteraceae	Asteraceae	Asteraceae	Asteraceae	Asteraceae	Asteraceae	Asteraceae	100%	11	k141_153672
P001_WH11_00110 	Asteraceae	Asteraceae	Asteraceae	Asteraceae	Asteraceae	Asteraceae	Asteraceae	100%	11	k141_153672
P001_WH12_00165 	Asteraceae	Asteraceae	Asteraceae	Asteraceae	Asteraceae	Asteraceae	Asteraceae	100%	11	k141_36331
P001_WH12_00166 	Asteraceae	Asteraceae	Asteraceae	Asteraceae	Asteraceae	Asteraceae	Asteraceae	100%	11	k141_36331
P002_WA01_00027 	Poaceae	Poaceae	Poaceae	Poaceae	Poaceae	Poaceae	Poaceae	100%	11	k141_113256
P002_WA01_00028 	Poaceae	Poaceae	Poaceae	Poaceae	Poaceae	Poaceae	Poaceae	100%	11	k141_113256
P002_WA02_00081 	Fabaceae	Fabaceae	Fabaceae	Fabaceae	Fabaceae	Fabaceae	Fabaceae	100%	72	k141_8712
P002_WA02_00082 	Fabaceae	Fabaceae	Fabaceae	Fabaceae	Fabaceae	Fabaceae	Fabaceae	100%	72	k141_8712
P002_WA03_00084 	Poaceae	Poaceae	Cyperaceae	Poaceae	Poaceae	Poaceae	Poaceae	100%	11	k141_92134
P002_WA03_00085 	Poaceae	Poaceae	Poaceae	Poaceae	Poaceae	Poaceae	Poaceae	100%	11	k141_92134
P002_WA04_00004 	Apiaceae	Apiaceae	Apiaceae	Apiaceae	Apiaceae	Apiaceae	Apiaceae	100%	12	k141_17559
P002_WA04_00005 	Apiaceae	Apiaceae	Apiaceae	Apiaceae	Apiaceae	Apiaceae	Apiaceae	100%	12	k141_17559
P002_WA06_00004 	Apiaceae	Apiaceae	Apiaceae	Apiaceae	Apiaceae	Apiaceae	Apiaceae	100%	11	k141_42156
P002_WA06_00006 	Apiaceae	Apiaceae	Apiaceae	Apiaceae	Apiaceae	Apiaceae	Apiaceae	100%	11	k141_42156
P002_WA07_00104 	Ericaceae	Ericaceae	Ericaceae	Ericaceae	Ericaceae	Ericaceae	Ericaceae	100%	4	k141_26183
P002_WA07_00105 	Ericaceae	Ericaceae	Ericaceae	Ericaceae	Ericaceae	Ericaceae	Ericaceae	100%	4	k141_26183
P002_WA08_00011 	Poaceae	Poaceae	Poaceae	Poaceae	Poaceae	Poaceae	Poaceae	100%	11	k141_45271
P002_WA08_00012 	Poaceae	Poaceae	Poaceae	Poaceae	Poaceae	Cyperaceae	Poaceae	100%	11	k141_45271
P002_WA09_00118 	Rosaceae	Rosaceae	Rosaceae	Cyperaceae	Rosaceae	Rosaceae	Rosaceae	100%	12	k141_107974
P002_WA09_00119 	Rosaceae	Rosaceae	Rosaceae	Cyperaceae	Rosaceae	Rosaceae	Rosaceae	100%	12	k141_107974
P002_WA10_00119 	Ericaceae	Ericaceae	Ericaceae	Ericaceae	Ericaceae	Ericaceae	Ericaceae	100%	7	k141_173921
P002_WA10_00120 	Ericaceae	Ericaceae	Ericaceae	Ericaceae	Ericaceae	Ericaceae	Ericaceae	100%	7	k141_173921
P002_WA11_00017 	Poaceae	Poaceae	Poaceae	Poaceae	Poaceae	Poaceae	Poaceae	100%	11	k141_277121
P002_WA11_00018 	Poaceae	Poaceae	Poaceae	Poaceae	Poaceae	Poaceae	Poaceae	100%	11	k141_277121
P002_WA12_00121 	Saxifragaceae	Saxifragaceae	Saxifragaceae	Saxifragaceae	Saxifragaceae	Saxifragaceae	Saxifragaceae	100%	13	k141_11672
P002_WA12_00122 	Saxifragaceae	Saxifragaceae	Saxifragaceae	Saxifragaceae	Saxifragaceae	Saxifragaceae	Saxifragaceae	100%	13	k141_11672
P002_WB01_00025 	Apiaceae	Apiaceae	Apiaceae	Apiaceae	Apiaceae	Apiaceae	Apiaceae	100%	11	k141_38683
P002_WB01_00026 	Apiaceae	Apiaceae	Apiaceae	Apiaceae	Apiaceae	Apiaceae	Apiaceae	100%	11	k141_38683
P002_WB02_00012 	Primulaceae	Primulaceae	Primulaceae	Primulaceae	Primulaceae	Primulaceae	Primulaceae	100%	12	k141_21931
P002_WB02_00013 	Primulaceae	Primulaceae	Primulaceae	Primulaceae	Primulaceae	Primulaceae	Primulaceae	100%	12	k141_21931
P002_WB03_00086 	Caryophyllaceae	Caryophyllaceae	Caryophyllaceae	Caryophyllaceae	Caryophyllaceae	Caryophyllaceae	Caryophyllaceae	100%	12	k141_48531
P002_WB03_00087 	Caryophyllaceae	Caryophyllaceae	Caryophyllaceae	Caryophyllaceae	Caryophyllaceae	Caryophyllaceae	Caryophyllaceae	100%	12	k141_48531
P002_WB04_00126 	Poaceae	Poaceae	Poaceae	Poaceae	Poaceae	Poaceae	Poaceae	100%	12	k141_34772
P002_WB04_00127 	Poaceae	Poaceae	Poaceae	Poaceae	Poaceae	Poaceae	Poaceae	100%	12	k141_34772
P002_WB05_00006 	Orobanchaceae	Orobanchaceae	Orobanchaceae	Rosaceae	Orobanchaceae	Orobanchaceae	Orobanchaceae	100%	12	k141_39708
P002_WB06_00100 	Rosaceae	Rosaceae	Rosaceae	Orobanchaceae	Rosaceae	Rosaceae	Rosaceae	100%	12	k141_15890
P002_WB06_00101 	Rosaceae	Rosaceae	Rosaceae	Orobanchaceae	Rosaceae	Rosaceae	Rosaceae	100%	12	k141_15890
P002_WB07_00125 	Ericaceae	Ericaceae	Ericaceae	Ericaceae	Ericaceae	Ericaceae	Ericaceae	100%	5	k141_81199
P002_WB07_00126 	Ericaceae	Ericaceae	Ericaceae	Ericaceae	Ericaceae	Ericaceae	Ericaceae	100%	5	k141_81199
P002_WB08_00073 	Poaceae	Poaceae	Poaceae	Poaceae	Poaceae	Poaceae	Poaceae	100%	11	k141_67874
P002_WB08_00074 	Poaceae	Poaceae	Poaceae	Poaceae	Poaceae	Cyperaceae	Poaceae	100%	11	k141_67874
P002_WB09_00006 	Salicaceae	Salicaceae	Salicaceae	Salicaceae	Salicaceae	Salicaceae	Salicaceae	100%	12	k141_32189
P002_WB09_00008 	Salicaceae	Salicaceae	Salicaceae	Salicaceae	Salicaceae	Salicaceae	Salicaceae	100%	12	k141_32189
P002_WB10_00029 	Caryophyllaceae	Caryophyllaceae	Caryophyllaceae	Caryophyllaceae	Caryophyllaceae	Caryophyllaceae	Caryophyllaceae	100%	12	k141_35009
P002_WB10_00030 	Caryophyllaceae	Caryophyllaceae	Caryophyllaceae	Caryophyllaceae	Caryophyllaceae	Caryophyllaceae	Caryophyllaceae	100%	12	k141_35009
P002_WB11_00125 	Orobanchaceae	Orobanchaceae	Orobanchaceae	Orobanchaceae	Rosaceae	Orobanchaceae	Orobanchaceae	100%	18	k141_40467
P002_WB11_00126 	Orobanchaceae	Orobanchaceae	Orobanchaceae	Orobanchaceae	Orobanchaceae	Onagraceae	Orobanchaceae	100%	18	k141_40467
P002_WB11_00127 	Orobanchaceae	Orobanchaceae	Orobanchaceae	Orobanchaceae	Orobanchaceae	Onagraceae	Orobanchaceae	100%	18	k141_40467
P002_WB12_00010 	Saxifragaceae	Saxifragaceae	Saxifragaceae	Saxifragaceae	Saxifragaceae	Brassicaceae	Saxifragaceae	100%	12	k141_113801
P002_WB12_00011 	Saxifragaceae	Saxifragaceae	Saxifragaceae	Saxifragaceae	Saxifragaceae	Saxifragaceae	Saxifragaceae	100%	12	k141_113801
P002_WC01_00165 	Rosaceae	Rosaceae	Rosaceae	Orobanchaceae	Rosaceae	Rosaceae	Rosaceae	100%	12	k141_49384
P002_WC01_00166 	Rosaceae	Rosaceae	Rosaceae	Orobanchaceae	Rosaceae	Rosaceae	Rosaceae	100%	12	k141_49384
P002_WC01_00228 	Rosaceae	Orobanchaceae	Orobanchaceae	Orobanchaceae	Orobanchaceae	Onagraceae	Orobanchaceae	100%	12	k141_56472
P002_WC01_00229 	Rosaceae	Orobanchaceae	Orobanchaceae	Orobanchaceae	Onagraceae	Orobanchaceae	Orobanchaceae	100%	12	k141_56472
P002_WC02_00011 	Fabaceae	Fabaceae	Fabaceae	Fabaceae	Fabaceae	Fabaceae	Fabaceae	100%	73	k141_18130
P002_WC02_00012 	Fabaceae	Fabaceae	Fabaceae	Fabaceae	Fabaceae	Fabaceae	Fabaceae	100%	73	k141_18130
P002_WC04_00114 	Asteraceae	Asteraceae	Asteraceae	Asteraceae	Juncaceae	Asteraceae	Asteraceae	100%	11	k141_34986
P002_WC04_00115 	Asteraceae	Asteraceae	Asteraceae	Juncaceae	Asteraceae	Asteraceae	Asteraceae	100%	11	k141_34986
P002_WC05_00106 	Apiaceae	Apiaceae	Apiaceae	Apiaceae	Apiaceae	Apiaceae	Apiaceae	100%	12	k141_35552
P002_WC05_00107 	Apiaceae	Apiaceae	Apiaceae	Apiaceae	Apiaceae	Apiaceae	Apiaceae	100%	12	k141_35552
P002_WC07_00014 	Ericaceae	Ericaceae	Ericaceae	Ericaceae	Ericaceae	Ericaceae	Ericaceae	100%	6	k141_27437
P002_WC07_00015 	Ericaceae	Ericaceae	Ericaceae	Ericaceae	Ericaceae	Ericaceae	Ericaceae	100%	6	k141_27437
P002_WC08_00028 	Brassicaceae	Brassicaceae	Brassicaceae	Juncaceae	Brassicaceae	Brassicaceae	Brassicaceae	100%	11	k141_42577
P002_WC08_00029 	Brassicaceae	Brassicaceae	Brassicaceae	Brassicaceae	Brassicaceae	Brassicaceae	Brassicaceae	100%	11	k141_42577
P002_WC09_00100 	Fabaceae	Fabaceae	Fabaceae	Fabaceae	Fabaceae	Fabaceae	Fabaceae	100%	75	k141_79203
P002_WC09_00101 	Fabaceae	Fabaceae	Fabaceae	Fabaceae	Fabaceae	Fabaceae	Fabaceae	100%	75	k141_79203
P002_WC10_00102 	Polygonaceae	Polygonaceae	Polygonaceae	Polygonaceae	Polygonaceae	Polygonaceae	Polygonaceae	100%	11	k141_54284
P002_WC10_00103 	Polygonaceae	Polygonaceae	Polygonaceae	Polygonaceae	Polygonaceae	Polygonaceae	Polygonaceae	100%	11	k141_54284
P002_WC11_00029 	Caryophyllaceae	Caryophyllaceae	Caryophyllaceae	Caryophyllaceae	Caryophyllaceae	Caryophyllaceae	Caryophyllaceae	100%	11	k141_36616
P002_WC11_00030 	Caryophyllaceae	Caryophyllaceae	Caryophyllaceae	Caryophyllaceae	Rosaceae	Caryophyllaceae	Caryophyllaceae	100%	11	k141_36616
P002_WC12_00115 	Cyperaceae	Cyperaceae	Cyperaceae	Cyperaceae	Asteraceae	Cyperaceae	Cyperaceae	100%	8	k141_24541
P002_WC12_00116 	Cyperaceae	Cyperaceae	Cyperaceae	Asteraceae	Cyperaceae	Cyperaceae	Cyperaceae	100%	8	k141_24541
P002_WD01_00135 	Orobanchaceae	Rosaceae	Rosaceae	Orobanchaceae	Rosaceae	Rosaceae	Rosaceae	100%	12	k141_40527
P002_WD01_00136 	Orobanchaceae	Rosaceae	Rosaceae	Orobanchaceae	Rosaceae	Rosaceae	Rosaceae	100%	12	k141_40527
P002_WD01_00237 	Orobanchaceae	Orobanchaceae	Orobanchaceae	Orobanchaceae	Orobanchaceae	Onagraceae	Orobanchaceae	100%	12	k141_51449
P002_WD01_00238 	Orobanchaceae	Orobanchaceae	Orobanchaceae	Orobanchaceae	Onagraceae	Orobanchaceae	Orobanchaceae	100%	12	k141_51449
P002_WD02_00086 	Violaceae	Violaceae	Violaceae	Salicaceae	Salicaceae	Salicaceae	Violaceae	100%	11	k141_17168
P002_WD02_00087 	Violaceae	Violaceae	Violaceae	Salicaceae	Salicaceae	Salicaceae	Violaceae	100%	11	k141_17168
P002_WD03_00027 	Asteraceae	Asteraceae	Asteraceae	Asteraceae	Asteraceae	Asteraceae	Asteraceae	100%	11	k141_7563
P002_WD03_00028 	Asteraceae	Asteraceae	Asteraceae	Asteraceae	Asteraceae	Asteraceae	Asteraceae	100%	11	k141_7563
P002_WD04_00105 	Rosaceae	Rosaceae	Rosaceae	Orobanchaceae	Rosaceae	Rosaceae	Rosaceae	100%	12	k141_46963
P002_WD04_00106 	Rosaceae	Rosaceae	Rosaceae	Orobanchaceae	Rosaceae	Rosaceae	Rosaceae	100%	12	k141_46963
P002_WD05_00118 	Plantaginaceae	Plantaginaceae	Plantaginaceae	Plantaginaceae	Fabaceae	Plantaginaceae	Plantaginaceae	46%	6	k141_20315
P002_WD06_00094 	Poaceae	Poaceae	Poaceae	Poaceae	Poaceae	Poaceae	Poaceae	100%	11	k141_63002
P002_WD06_00095 	Poaceae	Poaceae	Poaceae	Poaceae	Poaceae	Poaceae	Poaceae	100%	11	k141_63002
P002_WD07_00095 	Asteraceae	Asteraceae	Asteraceae	Poaceae	Plantaginaceae	Asteraceae	Asteraceae	100%	11	k141_23510
P002_WD07_00096 	Asteraceae	Asteraceae	Asteraceae	Plantaginaceae	Asteraceae	Poaceae	Asteraceae	100%	11	k141_23510
P002_WD08_00009 	Fabaceae	Fabaceae	Fabaceae	Fabaceae	Fabaceae	Fabaceae	Fabaceae	100%	72	k141_38748
P002_WD08_00010 	Fabaceae	Fabaceae	Fabaceae	Fabaceae	Fabaceae	Fabaceae	Fabaceae	100%	72	k141_38748
P002_WD09_00009 	Plumbaginaceae	Plumbaginaceae	Polygonaceae	Polygonaceae	Polygonaceae	Polygonaceae	Plumbaginaceae	100%	17	k141_49135
P002_WD09_00010 	Plumbaginaceae	Plumbaginaceae	Polygonaceae	Polygonaceae	Polygonaceae	Polygonaceae	Plumbaginaceae	100%	17	k141_49135
P002_WD10_00011 	Salicaceae	Salicaceae	Salicaceae	Salicaceae	Salicaceae	Salicaceae	Salicaceae	100%	8	k141_52465
P002_WD10_00015 	Salicaceae	Salicaceae	Salicaceae	Salicaceae	Salicaceae	Salicaceae	Salicaceae	100%	4	k141_52690
P002_WD11_00096 	Poaceae	Poaceae	Poaceae	Poaceae	Poaceae	Poaceae	Poaceae	100%	10	k141_62752
P002_WD12_00111 	Polygonaceae	Polygonaceae	Polygonaceae	Polygonaceae	Polygonaceae	Polygonaceae	Polygonaceae	100%	11	k141_37418
P002_WD12_00112 	Polygonaceae	Polygonaceae	Polygonaceae	Polygonaceae	Polygonaceae	Polygonaceae	Polygonaceae	100%	11	k141_37418
P002_WE01_00004 	Asteraceae	Asteraceae	Poaceae	Plantaginaceae	Asteraceae	Asteraceae	Asteraceae	100%	11	k141_99935
P002_WE01_00006 	Asteraceae	Asteraceae	Poaceae	Plantaginaceae	Asteraceae	Asteraceae	Asteraceae	100%	11	k141_99935
P002_WE02_00114 	Plantaginaceae	Plantaginaceae	Plantaginaceae	Fabaceae	Plantaginaceae	Plantaginaceae	Plantaginaceae	100%	10	k141_151951
P002_WE02_00115 	Plantaginaceae	Plantaginaceae	Plantaginaceae	Fabaceae	Ericaceae	Ericaceae	Plantaginaceae	100%	10	k141_151951
P002_WE03_00004 	Ranunculaceae	Ranunculaceae	Caryophyllaceae	Ranunculaceae	Brassicaceae	Ranunculaceae	Ranunculaceae	100%	10	k141_37554
P002_WE04_00038 	Ranunculaceae	Ranunculaceae	Ranunculaceae	Ranunculaceae	Ranunculaceae	Cyperaceae	Ranunculaceae	100%	11	k141_33285
P002_WE04_00039 	Ranunculaceae	Ranunculaceae	Ranunculaceae	Ranunculaceae	Crassulaceae	Cyperaceae	Ranunculaceae	100%	11	k141_33285
P002_WE05_00019 	Campanulaceae	Campanulaceae	Campanulaceae	Campanulaceae	Asteraceae	Campanulaceae	Campanulaceae	100%	6	k141_35546
P002_WE05_00020 	Campanulaceae	Campanulaceae	Campanulaceae	Campanulaceae	Crassulaceae	Campanulaceae	Campanulaceae	100%	6	k141_35546
P002_WE06_00092 	Caprifoliaceae	Caprifoliaceae	Caprifoliaceae	Ericaceae	Ericaceae	Ericaceae	Caprifoliaceae	100%	11	k141_67919
P002_WE06_00093 	Caprifoliaceae	Caprifoliaceae	Caprifoliaceae	Campanulaceae	Crassulaceae	Campanulaceae	Caprifoliaceae	100%	11	k141_67919
P002_WE07_00071 	Rosaceae	Caryophyllaceae	Caryophyllaceae	Caryophyllaceae	Caryophyllaceae	Caryophyllaceae	Caryophyllaceae	100%	11	k141_32538
P002_WE07_00072 	Rosaceae	Caryophyllaceae	Caryophyllaceae	Caryophyllaceae	Caryophyllaceae	Ranunculaceae	Caryophyllaceae	100%	11	k141_32538
P002_WE07_00224 	Rosaceae	Rosaceae	Rosaceae	Rosaceae	Cyperaceae	Rosaceae	Rosaceae	100%	12	k141_148845
P002_WE07_00225 	Rosaceae	Rosaceae	Rosaceae	Rosaceae	Cyperaceae	Rosaceae	Rosaceae	100%	12	k141_148845
P002_WE08_00033 	Poaceae	Poaceae	Poaceae	Poaceae	Poaceae	Poaceae	Poaceae	100%	11	k141_17258
P002_WE08_00034 	Poaceae	Poaceae	Poaceae	Poaceae	Poaceae	Poaceae	Poaceae	100%	11	k141_17258
P002_WE09_00117 	Betulaceae	Betulaceae	Betulaceae	Rosaceae	Rosaceae	Cyperaceae	Betulaceae	100%	14	k141_29043
P002_WE09_00118 	Betulaceae	Betulaceae	Betulaceae	Rosaceae	Cyperaceae	Rosaceae	Betulaceae	100%	14	k141_29043
P002_WE10_00104 	Saxifragaceae	Saxifragaceae	Saxifragaceae	Saxifragaceae	Saxifragaceae	Saxifragaceae	Saxifragaceae	100%	11	k141_29175
P002_WE10_00105 	Saxifragaceae	Saxifragaceae	Saxifragaceae	Saxifragaceae	Saxifragaceae	Saxifragaceae	Saxifragaceae	100%	11	k141_29175
P002_WE11_00111 	Poaceae	Poaceae	Poaceae	Poaceae	Poaceae	Poaceae	Poaceae	100%	12	k141_40926
P002_WE11_00112 	Poaceae	Poaceae	Poaceae	Poaceae	Poaceae	Poaceae	Poaceae	100%	12	k141_40926
P002_WE12_00031 	Poaceae	Poaceae	Poaceae	Poaceae	Poaceae	Poaceae	Poaceae	100%	12	k141_58213
P002_WE12_00032 	Poaceae	Poaceae	Poaceae	Poaceae	Poaceae	Poaceae	Poaceae	100%	12	k141_58213
P002_WF01_00222 	Poaceae	Poaceae	Poaceae	Poaceae	Poaceae	Poaceae	Poaceae	100%	11	k141_99026
P002_WF01_00223 	Poaceae	Poaceae	Poaceae	Poaceae	Poaceae	Poaceae	Poaceae	100%	11	k141_99026
P002_WF01_00232 	Poaceae	Asteraceae	Poaceae	Plantaginaceae	Asteraceae	Asteraceae	Asteraceae	100%	11	k141_138479
P002_WF01_00233 	Poaceae	Asteraceae	Poaceae	Plantaginaceae	Asteraceae	Asteraceae	Asteraceae	100%	11	k141_138479
P002_WF02_00116 	Plantaginaceae	Plantaginaceae	Fabaceae	Plantaginaceae	Asteraceae	Asteraceae	Plantaginaceae	100%	11	k141_95577
P002_WF02_00117 	Plantaginaceae	Plantaginaceae	Fabaceae	Plantaginaceae	Plantaginaceae	Asteraceae	Plantaginaceae	100%	11	k141_95577
P002_WF03_00102 	Caryophyllaceae	Caryophyllaceae	Caryophyllaceae	Caryophyllaceae	Caryophyllaceae	Caryophyllaceae	Caryophyllaceae	100%	11	k141_81159
P002_WF03_00103 	Caryophyllaceae	Caryophyllaceae	Caryophyllaceae	Caryophyllaceae	Rosaceae	Caryophyllaceae	Caryophyllaceae	100%	11	k141_81159
P002_WF04_00065 	Orobanchaceae	Orobanchaceae	Orobanchaceae	Orobanchaceae	Rosaceae	Orobanchaceae	Orobanchaceae	100%	12	k141_30894
P002_WF04_00066 	Orobanchaceae	Orobanchaceae	Orobanchaceae	Onagraceae	Rosaceae	Orobanchaceae	Orobanchaceae	100%	12	k141_30894
P002_WF05_00121 	Ericaceae	Ericaceae	Ericaceae	Ericaceae	Ericaceae	Ericaceae	Ericaceae	100%	7	k141_93224
P002_WF05_00122 	Ericaceae	Ericaceae	Ericaceae	Ericaceae	Ericaceae	Ericaceae	Ericaceae	100%	7	k141_93224
P002_WF06_00143 	Ericaceae	Ericaceae	Ericaceae	Ericaceae	Ericaceae	Ericaceae	Ericaceae	100%	5	k141_11988
P002_WF06_00144 	Ericaceae	Ericaceae	Ericaceae	Ericaceae	Ericaceae	Ericaceae	Ericaceae	100%	5	k141_11988
P002_WF07_00112 	Caryophyllaceae	Caryophyllaceae	Rosaceae	Caryophyllaceae	Caryophyllaceae	Caryophyllaceae	Caryophyllaceae	100%	11	k141_30166
P002_WF07_00114 	Caryophyllaceae	Caryophyllaceae	Caryophyllaceae	Caryophyllaceae	Caryophyllaceae	Ranunculaceae	Caryophyllaceae	100%	11	k141_30166
P002_WF08_00091 	Poaceae	Poaceae	Poaceae	Poaceae	Poaceae	Poaceae	Poaceae	100%	11	k141_20454
P002_WF08_00092 	Poaceae	Poaceae	Poaceae	Poaceae	Poaceae	Poaceae	Poaceae	100%	11	k141_20454
P002_WF09_00129 	Ericaceae	Ericaceae	Ericaceae	Ericaceae	Ericaceae	Ericaceae	Ericaceae	87%	14	k141_13966
P002_WF10_00099 	Rosaceae	Rosaceae	Rosaceae	Orobanchaceae	Rosaceae	Rosaceae	Rosaceae	100%	12	k141_54003
P002_WF10_00100 	Rosaceae	Rosaceae	Rosaceae	Rosaceae	Orobanchaceae	Rosaceae	Rosaceae	100%	12	k141_54003
P002_WF12_00084 	Cyperaceae	Cyperaceae	Orobanchaceae	Cyperaceae	Cyperaceae	Cyperaceae	Cyperaceae	100%	6	k141_73000
P002_WF12_00086 	Cyperaceae	Cyperaceae	Cyperaceae	Cyperaceae	Cyperaceae	Cyperaceae	Cyperaceae	100%	6	k141_73000
P002_WG02_00031 	Fabaceae	Fabaceae	Fabaceae	Fabaceae	Fabaceae	Fabaceae	Fabaceae	100%	28	k141_129190
P002_WG02_00032 	Fabaceae	Fabaceae	Fabaceae	Fabaceae	Fabaceae	Fabaceae	Fabaceae	100%	28	k141_129190
P002_WG02_00125 	Fabaceae	Plantaginaceae	Fabaceae	Plantaginaceae	Asteraceae	Asteraceae	Plantaginaceae	100%	11	k141_141936
P002_WG02_00126 	Fabaceae	Plantaginaceae	Fabaceae	Plantaginaceae	Plantaginaceae	Asteraceae	Plantaginaceae	100%	11	k141_141936
P002_WG03_00104 	Liliaceae	Liliaceae	Liliaceae	Cyperaceae	Cyperaceae	Juncaceae	Liliaceae	100%	13	k141_36743
P002_WG03_00105 	Liliaceae	Liliaceae	Liliaceae	Cyperaceae	Ericaceae	Ericaceae	Liliaceae	100%	13	k141_36743
P002_WG04_00027 	Rosaceae	Rosaceae	Rosaceae	Rosaceae	Rosaceae	Rosaceae	Rosaceae	100%	12	k141_13754
P002_WG04_00029 	Rosaceae	Rosaceae	Rosaceae	Rosaceae	Rosaceae	Rosaceae	Rosaceae	100%	12	k141_13754
P002_WG05_00061 	Poaceae	Poaceae	Poaceae	Poaceae	Poaceae	Poaceae	Poaceae	100%	11	k141_44763
P002_WG05_00062 	Poaceae	Poaceae	Poaceae	Poaceae	Poaceae	Poaceae	Poaceae	100%	11	k141_44763
P002_WG06_00128 	Juncaceae	Juncaceae	Juncaceae	Cyperaceae	Asteraceae	Cyperaceae	Juncaceae	100%	7	k141_28137
P002_WG06_00129 	Juncaceae	Juncaceae	Juncaceae	Asteraceae	Cyperaceae	Cyperaceae	Juncaceae	100%	7	k141_28137
P002_WG07_00077 	Cyperaceae	Cyperaceae	Cyperaceae	Cyperaceae	Cyperaceae	Cyperaceae	Cyperaceae	100%	6	k141_20334
P002_WG07_00079 	Cyperaceae	Cyperaceae	Cyperaceae	Cyperaceae	Cyperaceae	Cyperaceae	Cyperaceae	100%	6	k141_20334
P002_WG08_00052 	Cyperaceae	Cyperaceae	Cyperaceae	Cyperaceae	Asteraceae	Cyperaceae	Cyperaceae	100%	8	k141_48634
P002_WG08_00053 	Cyperaceae	Cyperaceae	Cyperaceae	Cyperaceae	Asteraceae	Cyperaceae	Cyperaceae	100%	8	k141_48634
P002_WG09_00024 	Salicaceae	Salicaceae	Salicaceae	Salicaceae	Salicaceae	Salicaceae	Salicaceae	100%	12	k141_21392
P002_WG09_00025 	Salicaceae	Salicaceae	Salicaceae	Salicaceae	Salicaceae	Salicaceae	Salicaceae	100%	12	k141_21392
P002_WG10_00111 	Saxifragaceae	Saxifragaceae	Saxifragaceae	Saxifragaceae	Saxifragaceae	Saxifragaceae	Saxifragaceae	100%	9	k141_4360
P002_WG10_00113 	Saxifragaceae	Saxifragaceae	Saxifragaceae	Saxifragaceae	Brassicaceae	Saxifragaceae	Saxifragaceae	100%	9	k141_4360
P002_WG11_00106 	Salicaceae	Salicaceae	Salicaceae	Salicaceae	Salicaceae	Salicaceae	Salicaceae	100%	12	k141_65753
P002_WG11_00107 	Salicaceae	Salicaceae	Salicaceae	Salicaceae	Salicaceae	Salicaceae	Salicaceae	100%	12	k141_65753
P002_WG12_00106 	Ericaceae	Ericaceae	Ericaceae	Ericaceae	Ericaceae	Ericaceae	Ericaceae	100%	5	k141_68434
P002_WG12_00107 	Ericaceae	Ericaceae	Ericaceae	Ericaceae	Ericaceae	Ericaceae	Ericaceae	100%	5	k141_68434
P002_WH01_00119 	Ranunculaceae	Ranunculaceae	Crassulaceae	Ranunculaceae	Ranunculaceae	Ranunculaceae	Ranunculaceae	100%	11	k141_540
P002_WH01_00121 	Ranunculaceae	Ranunculaceae	Ranunculaceae	Ranunculaceae	Ranunculaceae	Cyperaceae	Ranunculaceae	100%	11	k141_540
P002_WH02_00013 	Crassulaceae	Crassulaceae	Crassulaceae	Crassulaceae	Crassulaceae	Asteraceae	Crassulaceae	100%	11	k141_129889
P002_WH02_00014 	Crassulaceae	Crassulaceae	Crassulaceae	Crassulaceae	Crassulaceae	Saxifragaceae	Crassulaceae	100%	11	k141_129889
P002_WH02_00077 	Crassulaceae	Ranunculaceae	Crassulaceae	Ranunculaceae	Ranunculaceae	Ranunculaceae	Ranunculaceae	100%	2	k141_17337
P002_WH03_00104 	Rubiaceae	Rubiaceae	Rubiaceae	Rubiaceae	Plantaginaceae	Asteraceae	Rubiaceae	100%	13	k141_125252
P002_WH03_00105 	Rubiaceae	Rubiaceae	Rubiaceae	Rubiaceae	Crassulaceae	Orobanchaceae	Rubiaceae	100%	13	k141_125252
P002_WH04_00004 	Apiaceae	Apiaceae	Apiaceae	Apiaceae	Apiaceae	Apiaceae	Apiaceae	100%	11	k141_47910
P002_WH04_00006 	Apiaceae	Apiaceae	Apiaceae	Apiaceae	Apiaceae	Apiaceae	Apiaceae	100%	11	k141_47910
P002_WH05_00115 	Ranunculaceae	Ranunculaceae	Ranunculaceae	Ranunculaceae	Ranunculaceae	Cyperaceae	Ranunculaceae	100%	11	k141_71367
P002_WH05_00116 	Ranunculaceae	Ranunculaceae	Ranunculaceae	Ranunculaceae	Crassulaceae	Ranunculaceae	Ranunculaceae	100%	11	k141_71367
P002_WH06_00122 	Asteraceae	Asteraceae	Asteraceae	Asteraceae	Asteraceae	Asteraceae	Asteraceae	100%	12	k141_81796
P002_WH06_00124 	Asteraceae	Asteraceae	Asteraceae	Asteraceae	Asteraceae	Asteraceae	Asteraceae	100%	12	k141_81796
P002_WH07_00010 	Caryophyllaceae	Caryophyllaceae	Caryophyllaceae	Caryophyllaceae	Caryophyllaceae	Caryophyllaceae	Caryophyllaceae	100%	11	k141_195407
P002_WH07_00011 	Caryophyllaceae	Caryophyllaceae	Caryophyllaceae	Caryophyllaceae	Caryophyllaceae	Caryophyllaceae	Caryophyllaceae	100%	11	k141_195407
P002_WH08_00054 	Cyperaceae	Cyperaceae	Cyperaceae	Cyperaceae	Cyperaceae	Cyperaceae	Cyperaceae	100%	7	k141_61737
P002_WH08_00055 	Cyperaceae	Cyperaceae	Cyperaceae	Cyperaceae	Cyperaceae	Cyperaceae	Cyperaceae	100%	7	k141_61737
P002_WH09_00030 	Ericaceae	Ericaceae	Ericaceae	Ericaceae	Ericaceae	Ericaceae	Ericaceae	100%	5	k141_19126
P002_WH09_00031 	Ericaceae	Ericaceae	Ericaceae	Ericaceae	Ericaceae	Ericaceae	Ericaceae	100%	5	k141_19126
P002_WH10_00013 	Poaceae	Poaceae	Poaceae	Poaceae	Poaceae	Poaceae	Poaceae	100%	11	k141_61010
P002_WH10_00014 	Poaceae	Poaceae	Poaceae	Poaceae	Poaceae	Poaceae	Poaceae	100%	11	k141_61010
P002_WH11_00087 	Brassicaceae	Brassicaceae	Brassicaceae	Brassicaceae	Brassicaceae	Brassicaceae	Brassicaceae	100%	11	k141_160064
P002_WH11_00089 	Brassicaceae	Brassicaceae	Brassicaceae	Brassicaceae	Brassicaceae	Brassicaceae	Brassicaceae	100%	11	k141_160064
P002_WH12_00051 	Orobanchaceae	Orobanchaceae	Orobanchaceae	Orobanchaceae	Orobanchaceae	Onagraceae	Orobanchaceae	100%	14	k141_78490
P002_WH12_00052 	Orobanchaceae	Orobanchaceae	Orobanchaceae	Orobanchaceae	Orobanchaceae	Onagraceae	Orobanchaceae	100%	14	k141_78490
P002_WH12_00053 	Orobanchaceae	Orobanchaceae	Orobanchaceae	Orobanchaceae	Rosaceae	Orobanchaceae	Orobanchaceae	100%	14	k141_78490
P003_WA01_00063 	Rosaceae	Rosaceae	Rosaceae	Rosaceae	Rosaceae	Rosaceae	Rosaceae	100%	12	k141_148152
P003_WA01_00064 	Rosaceae	Rosaceae	Rosaceae	Rosaceae	Rosaceae	Rosaceae	Rosaceae	100%	12	k141_148152
P003_WA02_00130 	Poaceae	Poaceae	Poaceae	Poaceae	Poaceae	Poaceae	Poaceae	100%	11	k141_79456
P003_WA02_00131 	Poaceae	Poaceae	Poaceae	Poaceae	Poaceae	Poaceae	Poaceae	100%	11	k141_79456
P003_WA03_00003 	Polygonaceae	Polygonaceae	Polygonaceae	Polygonaceae	Polygonaceae	Polygonaceae	Polygonaceae	100%	11	k141_47497
P003_WA03_00004 	Polygonaceae	Polygonaceae	Polygonaceae	Polygonaceae	Polygonaceae	Polygonaceae	Polygonaceae	100%	11	k141_47497
P003_WA04_00116 	Crassulaceae	Crassulaceae	Crassulaceae	Crassulaceae	Crassulaceae	Betulaceae	Crassulaceae	100%	11	k141_103733
P003_WA04_00117 	Crassulaceae	Crassulaceae	Crassulaceae	Crassulaceae	Crassulaceae	Saxifragaceae	Crassulaceae	100%	11	k141_103733
P003_WA06_00038 	Poaceae	Poaceae	Cyperaceae	Poaceae	Poaceae	Poaceae	Poaceae	100%	11	k141_137789
P003_WA06_00039 	Poaceae	Poaceae	Poaceae	Poaceae	Poaceae	Poaceae	Poaceae	100%	11	k141_137789
P003_WA07_00051 	Cyperaceae	Poaceae	Cyperaceae	Poaceae	Poaceae	Poaceae	Poaceae	100%	2	k141_9324
P003_WA07_00094 	Cyperaceae	Cyperaceae	Orobanchaceae	Cyperaceae	Cyperaceae	Cyperaceae	Cyperaceae	100%	6	k141_79102
P003_WA07_00095 	Cyperaceae	Cyperaceae	Cyperaceae	Cyperaceae	Cyperaceae	Cyperaceae	Cyperaceae	100%	6	k141_79102
P003_WA08_00044 	Asteraceae	Asteraceae	Asteraceae	Asteraceae	Asteraceae	Asteraceae	Asteraceae	100%	11	k141_40568
P003_WA08_00045 	Asteraceae	Asteraceae	Asteraceae	Asteraceae	Asteraceae	Asteraceae	Asteraceae	100%	11	k141_40568
P003_WA09_00091 	Caryophyllaceae	Caryophyllaceae	Caryophyllaceae	Caryophyllaceae	Caryophyllaceae	Caryophyllaceae	Caryophyllaceae	100%	11	k141_109629
P003_WA09_00092 	Caryophyllaceae	Caryophyllaceae	Caryophyllaceae	Caryophyllaceae	Caryophyllaceae	Caryophyllaceae	Caryophyllaceae	100%	11	k141_109629
P003_WA10_00136 	Gentianaceae	Primulaceae	Primulaceae	Primulaceae	Primulaceae	Primulaceae	Primulaceae	100%	4	k141_64798
P003_WA10_00137 	Gentianaceae	Primulaceae	Primulaceae	Primulaceae	Primulaceae	Primulaceae	Primulaceae	100%	4	k141_64798
P003_WA10_00187 	Gentianaceae	Gentianaceae	Gentianaceae	Gentianaceae	Gentianaceae	Gentianaceae	Gentianaceae	100%	12	k141_82999
P003_WA10_00188 	Gentianaceae	Gentianaceae	Gentianaceae	Gentianaceae	Gentianaceae	Gentianaceae	Gentianaceae	100%	12	k141_82999
P003_WA11_00117 	Primulaceae	Primulaceae	Primulaceae	Primulaceae	Primulaceae	Primulaceae	Primulaceae	100%	12	k141_28226
P003_WA11_00118 	Primulaceae	Primulaceae	Primulaceae	Primulaceae	Primulaceae	Primulaceae	Primulaceae	100%	12	k141_28226
P003_WB01_00024 	Asteraceae	Asteraceae	Asteraceae	Asteraceae	Asteraceae	Asteraceae	Asteraceae	100%	11	k141_103372
P003_WB01_00025 	Asteraceae	Asteraceae	Asteraceae	Asteraceae	Asteraceae	Asteraceae	Asteraceae	100%	11	k141_103372
P003_WB02_00096 	Rubiaceae	Rubiaceae	Rubiaceae	Rubiaceae	Crassulaceae	Ericaceae	Rubiaceae	100%	12	k141_74561
P003_WB02_00097 	Rubiaceae	Rubiaceae	Rubiaceae	Rubiaceae	Plantaginaceae	Fabaceae	Rubiaceae	100%	12	k141_74561
P003_WB03_00058 	Equisetaceae	Equisetaceae	Equisetaceae	Equisetaceae	Equisetaceae	Equisetaceae	Equisetaceae	100%	17	k141_47168
P003_WB03_00059 	Equisetaceae	Equisetaceae	Equisetaceae	Equisetaceae	Equisetaceae	Equisetaceae	Equisetaceae	100%	17	k141_47168
P003_WB04_00003 	Cyperaceae	Cyperaceae	Cyperaceae	Cyperaceae	Asteraceae	Cyperaceae	Cyperaceae	100%	8	k141_81253
P003_WB04_00004 	Cyperaceae	Cyperaceae	Cyperaceae	Asteraceae	Cyperaceae	Cyperaceae	Cyperaceae	100%	8	k141_81253
P003_WB05_00083 	Saxifragaceae	Saxifragaceae	Saxifragaceae	Saxifragaceae	Saxifragaceae	Saxifragaceae	Saxifragaceae	100%	11	k141_71095
P003_WB05_00084 	Saxifragaceae	Saxifragaceae	Saxifragaceae	Saxifragaceae	Saxifragaceae	Saxifragaceae	Saxifragaceae	100%	11	k141_71095
P003_WB06_00004 	Caryophyllaceae	Caryophyllaceae	Caryophyllaceae	Caryophyllaceae	Caryophyllaceae	Caryophyllaceae	Caryophyllaceae	100%	11	k141_1494
P003_WB06_00005 	Caryophyllaceae	Caryophyllaceae	Caryophyllaceae	Caryophyllaceae	Caryophyllaceae	Caryophyllaceae	Caryophyllaceae	100%	11	k141_1494
P003_WB07_00122 	Ericaceae	Ericaceae	Ericaceae	Ericaceae	Ericaceae	Ericaceae	Ericaceae	100%	5	k141_37274
P003_WB07_00123 	Ericaceae	Ericaceae	Ericaceae	Ericaceae	Ericaceae	Ericaceae	Ericaceae	100%	5	k141_37274
P003_WB08_00058 	Asteraceae	Cyperaceae	Cyperaceae	Cyperaceae	Asteraceae	Cyperaceae	Cyperaceae	100%	3	k141_52102
P003_WB08_00075 	Asteraceae	Asteraceae	Asteraceae	Asteraceae	Poaceae	Asteraceae	Asteraceae	100%	11	k141_60184
P003_WB08_00076 	Asteraceae	Asteraceae	Asteraceae	Poaceae	Asteraceae	Asteraceae	Asteraceae	100%	11	k141_60184
P003_WB08_00145 	Asteraceae	Cyperaceae	Cyperaceae	Asteraceae	Cyperaceae	Cyperaceae	Cyperaceae	100%	5	k141_69750
P003_WB09_00123 	Cyperaceae	Cyperaceae	Cyperaceae	Cyperaceae	Asteraceae	Cyperaceae	Cyperaceae	100%	8	k141_34701
P003_WB09_00124 	Cyperaceae	Cyperaceae	Cyperaceae	Asteraceae	Cyperaceae	Cyperaceae	Cyperaceae	100%	8	k141_34701
P003_WB10_00004 	Fabaceae	Fabaceae	Fabaceae	Fabaceae	Fabaceae	Fabaceae	Fabaceae	100%	71	k141_69206
P003_WB10_00005 	Fabaceae	Fabaceae	Fabaceae	Fabaceae	Fabaceae	Fabaceae	Fabaceae	100%	71	k141_69206
P003_WB11_00010 	Apiaceae	Apiaceae	Apiaceae	Apiaceae	Apiaceae	Apiaceae	Apiaceae	100%	12	k141_105133
P003_WB11_00012 	Apiaceae	Apiaceae	Apiaceae	Apiaceae	Apiaceae	Apiaceae	Apiaceae	100%	12	k141_105133
P003_WC01_00090 	Polygonaceae	Polygonaceae	Polygonaceae	Polygonaceae	Polygonaceae	Polygonaceae	Polygonaceae	100%	12	k141_105838
P003_WC01_00091 	Polygonaceae	Polygonaceae	Polygonaceae	Polygonaceae	Polygonaceae	Polygonaceae	Polygonaceae	100%	12	k141_105838
P003_WC02_00041 	Ericaceae	Ericaceae	Ericaceae	Ericaceae	Ericaceae	Ericaceae	Ericaceae	100%	3	k141_78481
P003_WC02_00042 	Ericaceae	Ericaceae	Ericaceae	Ericaceae	Ericaceae	Ericaceae	Ericaceae	100%	3	k141_78481
P003_WC03_00116 	Ranunculaceae	Ranunculaceae	Ranunculaceae	Cyperaceae	Ranunculaceae	Cyperaceae	Ranunculaceae	100%	11	k141_77841
P003_WC03_00118 	Ranunculaceae	Ranunculaceae	Ranunculaceae	Crassulaceae	Ranunculaceae	Cyperaceae	Ranunculaceae	100%	11	k141_77841
P003_WC04_00096 	Cyperaceae	Cyperaceae	Cyperaceae	Cyperaceae	Cyperaceae	Cyperaceae	Cyperaceae	100%	6	k141_14925
P003_WC04_00097 	Cyperaceae	Cyperaceae	Crassulaceae	Cyperaceae	Cyperaceae	Cyperaceae	Cyperaceae	100%	6	k141_14925
P003_WC05_00004 	Salicaceae	Salicaceae	Salicaceae	Salicaceae	Salicaceae	Salicaceae	Salicaceae	100%	12	k141_50202
P003_WC05_00005 	Salicaceae	Salicaceae	Salicaceae	Salicaceae	Salicaceae	Salicaceae	Salicaceae	100%	12	k141_50202
P003_WC06_00109 	Primulaceae	Primulaceae	Primulaceae	Primulaceae	Primulaceae	Primulaceae	Primulaceae	100%	11	k141_98705
P003_WC06_00110 	Primulaceae	Primulaceae	Primulaceae	Primulaceae	Primulaceae	Primulaceae	Primulaceae	100%	11	k141_98705
P003_WC07_00226 	Juncaceae	Brassicaceae	Brassicaceae	Brassicaceae	Brassicaceae	Brassicaceae	Brassicaceae	100%	11	k141_42119
P003_WC07_00227 	Juncaceae	Brassicaceae	Brassicaceae	Brassicaceae	Brassicaceae	Brassicaceae	Brassicaceae	100%	11	k141_42119
P003_WC08_00038 	Poaceae	Poaceae	Poaceae	Poaceae	Poaceae	Poaceae	Poaceae	100%	12	k141_76499
P003_WC08_00039 	Poaceae	Poaceae	Poaceae	Poaceae	Poaceae	Cyperaceae	Poaceae	100%	12	k141_76499
P003_WC09_00111 	Cyperaceae	Cyperaceae	Cyperaceae	Cyperaceae	Cyperaceae	Cyperaceae	Cyperaceae	100%	6	k141_49546
P003_WC09_00112 	Cyperaceae	Cyperaceae	Cyperaceae	Cyperaceae	Cyperaceae	Cyperaceae	Cyperaceae	100%	6	k141_49546
P003_WC10_00010 	Asteraceae	Asteraceae	Asteraceae	Asteraceae	Asteraceae	Asteraceae	Asteraceae	100%	12	k141_72196
P003_WC10_00011 	Asteraceae	Asteraceae	Asteraceae	Asteraceae	Asteraceae	Asteraceae	Asteraceae	100%	12	k141_72196
P003_WC11_00115 	Asteraceae	Asteraceae	Asteraceae	Asteraceae	Asteraceae	Asteraceae	Asteraceae	100%	11	k141_90505
P003_WC11_00116 	Asteraceae	Asteraceae	Asteraceae	Asteraceae	Asteraceae	Asteraceae	Asteraceae	100%	11	k141_90505
P003_WC12_00232 	Juncaceae	Asteraceae	Asteraceae	Asteraceae	Asteraceae	Asteraceae	Asteraceae	100%	13	k141_139069
P003_WC12_00233 	Juncaceae	Asteraceae	Asteraceae	Asteraceae	Asteraceae	Asteraceae	Asteraceae	100%	13	k141_139069
P003_WD01_00022 	Ericaceae	Ericaceae	Ericaceae	Ericaceae	Ericaceae	Ericaceae	Ericaceae	100%	7	k141_114100
P003_WD01_00023 	Ericaceae	Ericaceae	Ericaceae	Ericaceae	Ericaceae	Ericaceae	Ericaceae	100%	7	k141_114100
P003_WD02_00108 	Brassicaceae	Brassicaceae	Brassicaceae	Brassicaceae	Juncaceae	Brassicaceae	Brassicaceae	100%	11	k141_117077
P003_WD02_00110 	Brassicaceae	Brassicaceae	Brassicaceae	Brassicaceae	Brassicaceae	Brassicaceae	Brassicaceae	100%	11	k141_117077
P003_WD03_00162 	Lentibulariaceae	Lentibulariaceae	Plantaginaceae	Fabaceae	Lamiaceae	Plantaginaceae	Lentibulariaceae	62%	15	k141_83338
P003_WD03_00164 	Lentibulariaceae	Paulowniaceae	Ericaceae	Ericaceae	Ericaceae	Ericaceae	Lentibulariaceae	62%	15	k141_83338
P003_WD04_00011 	Fabaceae	Fabaceae	Fabaceae	Fabaceae	Fabaceae	Fabaceae	Fabaceae	100%	74	k141_114140
P003_WD04_00012 	Fabaceae	Fabaceae	Fabaceae	Fabaceae	Fabaceae	Fabaceae	Fabaceae	100%	74	k141_114140
P003_WD06_00121 	Ranunculaceae	Ranunculaceae	Ranunculaceae	Ranunculaceae	Cyperaceae	Ranunculaceae	Ranunculaceae	100%	12	k141_92352
P003_WD06_00122 	Ranunculaceae	Ranunculaceae	Brassicaceae	Ranunculaceae	Caryophyllaceae	Ranunculaceae	Ranunculaceae	100%	12	k141_92352
P003_WD07_00100 	Brassicaceae	Brassicaceae	Brassicaceae	Brassicaceae	Brassicaceae	Brassicaceae	Brassicaceae	100%	11	k141_120990
P003_WD07_00101 	Brassicaceae	Brassicaceae	Brassicaceae	Brassicaceae	Brassicaceae	Brassicaceae	Brassicaceae	100%	11	k141_120990
P003_WD08_00042 	Caryophyllaceae	Caryophyllaceae	Caryophyllaceae	Caryophyllaceae	Caryophyllaceae	Caryophyllaceae	Caryophyllaceae	100%	11	k141_58787
P003_WD08_00043 	Caryophyllaceae	Caryophyllaceae	Caryophyllaceae	Caryophyllaceae	Caryophyllaceae	Caryophyllaceae	Caryophyllaceae	100%	11	k141_58787
P003_WD09_00069 	Salicaceae	Salicaceae	Salicaceae	Salicaceae	Salicaceae	Salicaceae	Salicaceae	100%	12	k141_59274
P003_WD09_00070 	Salicaceae	Salicaceae	Salicaceae	Salicaceae	Salicaceae	Salicaceae	Salicaceae	100%	12	k141_59274
P003_WD10_00035 	Caryophyllaceae	Caryophyllaceae	Caryophyllaceae	Caryophyllaceae	Rosaceae	Caryophyllaceae	Caryophyllaceae	100%	12	k141_38378
P003_WD10_00036 	Caryophyllaceae	Caryophyllaceae	Caryophyllaceae	Rosaceae	Caryophyllaceae	Caryophyllaceae	Caryophyllaceae	100%	12	k141_38378
P003_WD11_00029 	Primulaceae	Primulaceae	Primulaceae	Primulaceae	Primulaceae	Primulaceae	Primulaceae	100%	11	k141_105733
P003_WD11_00030 	Primulaceae	Primulaceae	Primulaceae	Primulaceae	Primulaceae	Primulaceae	Primulaceae	100%	11	k141_105733
P003_WD12_00159 	Plantaginaceae	Asteraceae	Asteraceae	Asteraceae	Poaceae	Asteraceae	Asteraceae	100%	10	k141_44848
P003_WD12_00160 	Plantaginaceae	Asteraceae	Asteraceae	Asteraceae	Poaceae	Asteraceae	Asteraceae	100%	10	k141_44848
P003_WD12_00173 	Plantaginaceae	Plantaginaceae	Asteraceae	Plantaginaceae	Plantaginaceae	Fabaceae	Plantaginaceae	100%	10	k141_102087
P003_WE01_00027 	Orobanchaceae	Orobanchaceae	Onagraceae	Rosaceae	Orobanchaceae	Orobanchaceae	Orobanchaceae	100%	12	k141_8739
P003_WE01_00029 	Orobanchaceae	Orobanchaceae	Onagraceae	Rosaceae	Orobanchaceae	Orobanchaceae	Orobanchaceae	100%	12	k141_8739
P003_WE02_00118 	Poaceae	Poaceae	Poaceae	Poaceae	Poaceae	Poaceae	Poaceae	100%	11	k141_118898
P003_WE02_00119 	Poaceae	Poaceae	Poaceae	Poaceae	Poaceae	Poaceae	Poaceae	100%	11	k141_118898
P003_WE02_00216 	Poaceae	Asteraceae	Asteraceae	Poaceae	Asteraceae	Asteraceae	Asteraceae	100%	8	k141_145339
P003_WE02_00217 	Poaceae	Asteraceae	Asteraceae	Asteraceae	Poaceae	Asteraceae	Asteraceae	100%	8	k141_145339
P003_WE03_00121 	Equisetaceae	Equisetaceae	Equisetaceae	Equisetaceae	Equisetaceae	Equisetaceae	Equisetaceae	100%	17	k141_15608
P003_WE03_00122 	Equisetaceae	Equisetaceae	Equisetaceae	Equisetaceae	Equisetaceae	Equisetaceae	Equisetaceae	100%	17	k141_15608
P003_WE04_00002 	Poaceae	Poaceae	Poaceae	Poaceae	Poaceae	Poaceae	Poaceae	100%	11	k141_112061
P003_WE04_00003 	Poaceae	Poaceae	Poaceae	Poaceae	Poaceae	Poaceae	Poaceae	100%	11	k141_112061
P003_WE07_00023 	Cyperaceae	Cyperaceae	Cyperaceae	Cyperaceae	Asteraceae	Cyperaceae	Cyperaceae	100%	8	k141_140717
P003_WE07_00024 	Cyperaceae	Cyperaceae	Cyperaceae	Cyperaceae	Asteraceae	Cyperaceae	Cyperaceae	100%	8	k141_140717
P003_WE08_00004 	Plantaginaceae	Plantaginaceae	Plantaginaceae	Plantaginaceae	Asteraceae	Fabaceae	Plantaginaceae	100%	10	k141_125096
P003_WE09_00109 	Salicaceae	Salicaceae	Salicaceae	Salicaceae	Salicaceae	Salicaceae	Salicaceae	100%	12	k141_77922
P003_WE09_00110 	Salicaceae	Salicaceae	Salicaceae	Salicaceae	Salicaceae	Salicaceae	Salicaceae	100%	12	k141_77922
P003_WE10_00104 	Orobanchaceae	Orobanchaceae	Orobanchaceae	Orobanchaceae	Onagraceae	Orobanchaceae	Orobanchaceae	100%	9	k141_100064
P003_WE11_00039 	Cyperaceae	Cyperaceae	Orobanchaceae	Cyperaceae	Cyperaceae	Cyperaceae	Cyperaceae	100%	6	k141_59880
P003_WE11_00041 	Cyperaceae	Cyperaceae	Cyperaceae	Cyperaceae	Cyperaceae	Cyperaceae	Cyperaceae	100%	6	k141_59880
P003_WE12_00041 	Caryophyllaceae	Ranunculaceae	Ranunculaceae	Ranunculaceae	Brassicaceae	Ranunculaceae	Ranunculaceae	100%	12	k141_52573
P003_WE12_00043 	Caryophyllaceae	Ranunculaceae	Ranunculaceae	Brassicaceae	Ranunculaceae	Cyperaceae	Ranunculaceae	100%	12	k141_52573
P003_WE12_00140 	Caryophyllaceae	Caryophyllaceae	Ranunculaceae	Caryophyllaceae	Caryophyllaceae	Caryophyllaceae	Caryophyllaceae	100%	11	k141_79837
P003_WE12_00141 	Caryophyllaceae	Caryophyllaceae	Ranunculaceae	Caryophyllaceae	Rosaceae	Caryophyllaceae	Caryophyllaceae	100%	11	k141_79837
P003_WF01_00010 	Onagraceae	Cyperaceae	Cyperaceae	Cyperaceae	Cyperaceae	Cyperaceae	Cyperaceae	100%	9	k141_47523
P003_WF01_00012 	Onagraceae	Cyperaceae	Orobanchaceae	Cyperaceae	Cyperaceae	Cyperaceae	Cyperaceae	100%	9	k141_47523
P003_WF01_00124 	Onagraceae	Onagraceae	Asteraceae	Asteraceae	Asteraceae	Asteraceae	Onagraceae	100%	10	k141_143873
P003_WF01_00125 	Onagraceae	Onagraceae	Betulaceae	Asteraceae	Asteraceae	Asteraceae	Onagraceae	100%	10	k141_143873
P003_WF01_00310 	Onagraceae	Orobanchaceae	Onagraceae	Rosaceae	Orobanchaceae	Orobanchaceae	Orobanchaceae	100%	11	k141_129634
P003_WF01_00312 	Onagraceae	Orobanchaceae	Onagraceae	Rosaceae	Orobanchaceae	Orobanchaceae	Orobanchaceae	100%	11	k141_129634
P003_WF02_00116 	Rosaceae	Rosaceae	Rosaceae	Cyperaceae	Rosaceae	Rosaceae	Rosaceae	100%	12	k141_132018
P003_WF02_00117 	Rosaceae	Rosaceae	Rosaceae	Cyperaceae	Rosaceae	Rosaceae	Rosaceae	100%	12	k141_132018
P003_WF03_00044 	Cyperaceae	Cyperaceae	Cyperaceae	Cyperaceae	Cyperaceae	Cyperaceae	Cyperaceae	100%	6	k141_80041
P003_WF03_00046 	Cyperaceae	Cyperaceae	Orobanchaceae	Cyperaceae	Cyperaceae	Cyperaceae	Cyperaceae	100%	6	k141_80041
P003_WF04_00009 	Brassicaceae	Brassicaceae	Juncaceae	Brassicaceae	Brassicaceae	Brassicaceae	Brassicaceae	100%	11	k141_112590
P003_WF04_00010 	Brassicaceae	Brassicaceae	Brassicaceae	Brassicaceae	Brassicaceae	Brassicaceae	Brassicaceae	100%	11	k141_112590
P003_WF06_00027 	Asteraceae	Asteraceae	Asteraceae	Juncaceae	Asteraceae	Asteraceae	Asteraceae	100%	12	k141_138716
P003_WF06_00028 	Asteraceae	Asteraceae	Asteraceae	Asteraceae	Juncaceae	Asteraceae	Asteraceae	100%	12	k141_138716
P003_WF07_00062 	Caryophyllaceae	Caryophyllaceae	Caryophyllaceae	Caryophyllaceae	Caryophyllaceae	Caryophyllaceae	Caryophyllaceae	100%	11	k141_7715
P003_WF07_00064 	Caryophyllaceae	Caryophyllaceae	Caryophyllaceae	Caryophyllaceae	Caryophyllaceae	Caryophyllaceae	Caryophyllaceae	100%	11	k141_7715
P003_WF08_00112 	Salicaceae	Salicaceae	Salicaceae	Salicaceae	Salicaceae	Salicaceae	Salicaceae	100%	12	k141_81919
P003_WF08_00113 	Salicaceae	Salicaceae	Salicaceae	Salicaceae	Salicaceae	Salicaceae	Salicaceae	100%	12	k141_81919
P003_WF09_00010 	Gentianaceae	Gentianaceae	Gentianaceae	Gentianaceae	Gentianaceae	Gentianaceae	Gentianaceae	100%	11	k141_97592
P003_WF09_00011 	Gentianaceae	Gentianaceae	Gentianaceae	Gentianaceae	Gentianaceae	Gentianaceae	Gentianaceae	100%	11	k141_97592
P003_WF10_00104 	Caryophyllaceae	Caryophyllaceae	Caryophyllaceae	Rosaceae	Caryophyllaceae	Caryophyllaceae	Caryophyllaceae	100%	12	k141_55102
P003_WF10_00105 	Caryophyllaceae	Caryophyllaceae	Caryophyllaceae	Rosaceae	Caryophyllaceae	Caryophyllaceae	Caryophyllaceae	100%	12	k141_55102
P003_WF11_00165 	Ranunculaceae	Caryophyllaceae	Ranunculaceae	Caryophyllaceae	Rosaceae	Caryophyllaceae	Caryophyllaceae	100%	7	k141_44339
P003_WF11_00166 	Ranunculaceae	Caryophyllaceae	Ranunculaceae	Caryophyllaceae	Caryophyllaceae	Caryophyllaceae	Caryophyllaceae	100%	7	k141_44339
P003_WF11_00185 	Ranunculaceae	Ranunculaceae	Ranunculaceae	Ranunculaceae	Brassicaceae	Ranunculaceae	Ranunculaceae	100%	11	k141_105020
P003_WF11_00187 	Ranunculaceae	Ranunculaceae	Ranunculaceae	Ranunculaceae	Cyperaceae	Cyperaceae	Ranunculaceae	100%	11	k141_105020
P003_WF12_00002 	Poaceae	Poaceae	Poaceae	Poaceae	Poaceae	Poaceae	Poaceae	100%	11	k141_83604
P003_WF12_00003 	Poaceae	Poaceae	Poaceae	Poaceae	Poaceae	Poaceae	Poaceae	100%	11	k141_83604
P003_WG01_00123 	Ranunculaceae	Ranunculaceae	Cyperaceae	Ranunculaceae	Cyperaceae	Ranunculaceae	Ranunculaceae	100%	10	k141_131240
P003_WG01_00124 	Ranunculaceae	Ranunculaceae	Ranunculaceae	Ranunculaceae	Ranunculaceae	Crassulaceae	Ranunculaceae	100%	10	k141_131240
P003_WG02_00310 	Cyperaceae	Cyperaceae	Orobanchaceae	Cyperaceae	Cyperaceae	Cyperaceae	Cyperaceae	100%	6	k141_46884
P003_WG02_00312 	Cyperaceae	Cyperaceae	Cyperaceae	Cyperaceae	Cyperaceae	Cyperaceae	Cyperaceae	100%	6	k141_46884
P003_WG02_00316 	Cyperaceae	Ranunculaceae	Cyperaceae	Ranunculaceae	Cyperaceae	Ranunculaceae	Ranunculaceae	100%	1	k141_2620
P003_WG02_00393 	Cyperaceae	Rosaceae	Rosaceae	Cyperaceae	Rosaceae	Rosaceae	Rosaceae	100%	12	k141_80424
P003_WG02_00395 	Cyperaceae	Rosaceae	Rosaceae	Cyperaceae	Rosaceae	Rosaceae	Rosaceae	100%	12	k141_80424
P003_WG03_00030 	Primulaceae	Primulaceae	Primulaceae	Primulaceae	Primulaceae	Primulaceae	Primulaceae	100%	12	k141_22044
P003_WG03_00031 	Primulaceae	Primulaceae	Primulaceae	Primulaceae	Primulaceae	Primulaceae	Primulaceae	100%	12	k141_22044
P003_WG04_00110 	Brassicaceae	Brassicaceae	Brassicaceae	Juncaceae	Brassicaceae	Brassicaceae	Brassicaceae	100%	11	k141_45251
P003_WG04_00111 	Brassicaceae	Brassicaceae	Brassicaceae	Brassicaceae	Brassicaceae	Brassicaceae	Brassicaceae	100%	11	k141_45251
P003_WG05_00114 	Asteraceae	Asteraceae	Asteraceae	Asteraceae	Asteraceae	Asteraceae	Asteraceae	100%	11	k141_136735
P003_WG05_00115 	Asteraceae	Asteraceae	Asteraceae	Asteraceae	Asteraceae	Asteraceae	Asteraceae	100%	11	k141_136735
P003_WG08_00010 	Brassicaceae	Saxifragaceae	Saxifragaceae	Saxifragaceae	Saxifragaceae	Saxifragaceae	Saxifragaceae	100%	14	k141_53069
P003_WG08_00012 	Brassicaceae	Saxifragaceae	Saxifragaceae	Saxifragaceae	Saxifragaceae	Saxifragaceae	Saxifragaceae	100%	14	k141_53069
P003_WG08_00104 	Brassicaceae	Brassicaceae	Brassicaceae	Brassicaceae	Brassicaceae	Brassicaceae	Brassicaceae	100%	12	k141_128537
P003_WG08_00105 	Brassicaceae	Brassicaceae	Brassicaceae	Brassicaceae	Brassicaceae	Brassicaceae	Brassicaceae	100%	12	k141_128537
P003_WG09_00087 	Poaceae	Poaceae	Cyperaceae	Poaceae	Poaceae	Poaceae	Poaceae	100%	11	k141_119877
P003_WG09_00088 	Poaceae	Poaceae	Poaceae	Poaceae	Poaceae	Poaceae	Poaceae	100%	11	k141_119877
P003_WG11_00113 	Asteraceae	Asteraceae	Asteraceae	Asteraceae	Poaceae	Asteraceae	Asteraceae	100%	11	k141_72394
P003_WG11_00114 	Asteraceae	Asteraceae	Asteraceae	Asteraceae	Poaceae	Asteraceae	Asteraceae	100%	11	k141_72394
P003_WG11_00285 	Asteraceae	Cyperaceae	Cyperaceae	Cyperaceae	Cyperaceae	Cyperaceae	Cyperaceae	100%	6	k141_94375
P003_WG11_00287 	Asteraceae	Cyperaceae	Cyperaceae	Cyperaceae	Cyperaceae	Cyperaceae	Cyperaceae	100%	6	k141_94375
P003_WG11_00404 	Asteraceae	Plantaginaceae	Asteraceae	Plantaginaceae	Plantaginaceae	Fabaceae	Plantaginaceae	100%	10	k141_128044
P003_WG12_00093 	Cyperaceae	Cyperaceae	Orobanchaceae	Cyperaceae	Cyperaceae	Cyperaceae	Cyperaceae	100%	6	k141_1928
P003_WG12_00095 	Cyperaceae	Cyperaceae	Cyperaceae	Cyperaceae	Cyperaceae	Cyperaceae	Cyperaceae	100%	6	k141_1928
P003_WH01_00118 	Orobanchaceae	Orobanchaceae	Orobanchaceae	Orobanchaceae	Onagraceae	Orobanchaceae	Orobanchaceae	100%	12	k141_131718
P003_WH01_00119 	Orobanchaceae	Orobanchaceae	Rosaceae	Orobanchaceae	Orobanchaceae	Onagraceae	Orobanchaceae	100%	12	k141_131718
P003_WH02_00021 	Orobanchaceae	Cyperaceae	Orobanchaceae	Cyperaceae	Cyperaceae	Cyperaceae	Cyperaceae	100%	1	k141_71761
P003_WH02_00175 	Orobanchaceae	Orobanchaceae	Orobanchaceae	Plantaginaceae	Fabaceae	Ericaceae	Orobanchaceae	100%	12	k141_95057
P003_WH02_00176 	Orobanchaceae	Orobanchaceae	Rosaceae	Orobanchaceae	Orobanchaceae	Onagraceae	Orobanchaceae	100%	12	k141_95057
P003_WH03_00009 	Primulaceae	Primulaceae	Primulaceae	Primulaceae	Primulaceae	Primulaceae	Primulaceae	100%	11	k141_57612
P003_WH03_00010 	Primulaceae	Primulaceae	Primulaceae	Primulaceae	Primulaceae	Primulaceae	Primulaceae	100%	11	k141_57612
P003_WH05_00052 	Campanulaceae	Campanulaceae	Campanulaceae	Campanulaceae	Campanulaceae	Campanulaceae	Campanulaceae	100%	6	k141_158815
P003_WH05_00054 	Campanulaceae	Campanulaceae	Campanulaceae	Campanulaceae	Campanulaceae	Campanulaceae	Campanulaceae	100%	6	k141_158815
P003_WH06_00006 	Saxifragaceae	Saxifragaceae	Brassicaceae	Saxifragaceae	Saxifragaceae	Saxifragaceae	Saxifragaceae	100%	13	k141_42543
P003_WH06_00008 	Saxifragaceae	Saxifragaceae	Brassicaceae	Saxifragaceae	Saxifragaceae	Saxifragaceae	Saxifragaceae	100%	13	k141_42543
P003_WH08_00110 	Papaveraceae	Papaveraceae	Ranunculaceae	Ranunculaceae	Cyperaceae	Ranunculaceae	Papaveraceae	100%	12	k141_71911
P003_WH08_00111 	Papaveraceae	Papaveraceae	Ranunculaceae	Cyperaceae	Ranunculaceae	Ranunculaceae	Papaveraceae	100%	12	k141_71911
P003_WH09_00037 	Saxifragaceae	Saxifragaceae	Saxifragaceae	Saxifragaceae	Saxifragaceae	Saxifragaceae	Saxifragaceae	100%	11	k141_2070
P003_WH09_00038 	Saxifragaceae	Saxifragaceae	Saxifragaceae	Saxifragaceae	Saxifragaceae	Saxifragaceae	Saxifragaceae	100%	11	k141_2070
P003_WH10_00114 	Brassicaceae	Brassicaceae	Juncaceae	Brassicaceae	Brassicaceae	Brassicaceae	Brassicaceae	100%	11	k141_156880
P003_WH10_00115 	Brassicaceae	Brassicaceae	Brassicaceae	Brassicaceae	Brassicaceae	Brassicaceae	Brassicaceae	100%	11	k141_156880
P003_WH11_00088 	Asteraceae	Asteraceae	Asteraceae	Asteraceae	Asteraceae	Asteraceae	Asteraceae	100%	12	k141_91382
P003_WH11_00089 	Asteraceae	Asteraceae	Asteraceae	Asteraceae	Asteraceae	Asteraceae	Asteraceae	100%	12	k141_91382
P003_WH12_00052 	Cyperaceae	Cyperaceae	Cyperaceae	Cyperaceae	Cyperaceae	Cyperaceae	Cyperaceae	100%	5	k141_28639
P003_WH12_00054 	Cyperaceae	Cyperaceae	Cyperaceae	Cyperaceae	Cyperaceae	Cyperaceae	Cyperaceae	100%	5	k141_28639
P004_WA02_00117 	Primulaceae	Primulaceae	Primulaceae	Primulaceae	Primulaceae	Primulaceae	Primulaceae	100%	11	k141_33871
P004_WA02_00118 	Primulaceae	Primulaceae	Primulaceae	Primulaceae	Primulaceae	Primulaceae	Primulaceae	100%	11	k141_33871
P004_WB01_00052 	Poaceae	Poaceae	Poaceae	Poaceae	Poaceae	Poaceae	Poaceae	100%	23	k141_30287
P004_WB01_00053 	Poaceae	Poaceae	Poaceae	Poaceae	Poaceae	Poaceae	Poaceae	100%	23	k141_30287
P004_WB02_00123 	Ericaceae	Ericaceae	Ericaceae	Ericaceae	Ericaceae	Ericaceae	Ericaceae	100%	5	k141_6852
P004_WB02_00124 	Ericaceae	Ericaceae	Ericaceae	Ericaceae	Ericaceae	Ericaceae	Ericaceae	100%	5	k141_6852
P004_WC01_00068 	Poaceae	Poaceae	Poaceae	Poaceae	Poaceae	Poaceae	Poaceae	100%	11	k141_56017
P004_WC01_00069 	Poaceae	Poaceae	Poaceae	Poaceae	Poaceae	Poaceae	Poaceae	100%	11	k141_56017
P004_WC02_00031 	Polygonaceae	Polygonaceae	Polygonaceae	Polygonaceae	Polygonaceae	Polygonaceae	Polygonaceae	100%	11	k141_55432
P004_WC02_00032 	Polygonaceae	Polygonaceae	Polygonaceae	Polygonaceae	Polygonaceae	Polygonaceae	Polygonaceae	100%	11	k141_55432
P004_WD01_00025 	Poaceae	Poaceae	Poaceae	Poaceae	Poaceae	Poaceae	Poaceae	100%	12	k141_139402
P004_WD01_00026 	Poaceae	Poaceae	Poaceae	Poaceae	Poaceae	Poaceae	Poaceae	100%	12	k141_139402
P004_WD02_00107 	Asteraceae	Asteraceae	Asteraceae	Poaceae	Asteraceae	Asteraceae	Asteraceae	100%	11	k141_5952
P004_WD02_00108 	Asteraceae	Asteraceae	Asteraceae	Asteraceae	Poaceae	Asteraceae	Asteraceae	100%	11	k141_5952
P004_WF01_00045 	Cupressaceae	Cupressaceae	Cupressaceae	Juncaceae	Asteraceae	Asteraceae	Cupressaceae	100%	44	k141_9113
P004_WF01_00046 	Cupressaceae	Cupressaceae	Cupressaceae	Juncaceae	Rosaceae	Crassulaceae	Cupressaceae	100%	44	k141_9113
P004_WG01_00121 	Rosaceae	Rosaceae	Rosaceae	Rosaceae	Cyperaceae	Rosaceae	Rosaceae	100%	12	k141_57121
P004_WG01_00122 	Rosaceae	Rosaceae	Rosaceae	Rosaceae	Rosaceae	Rosaceae	Rosaceae	100%	12	k141_57121
P004_WH01_00026 	Caryophyllaceae	Caryophyllaceae	Caryophyllaceae	Caryophyllaceae	Caryophyllaceae	Caryophyllaceae	Caryophyllaceae	100%	11	k141_9951
P004_WH01_00028 	Caryophyllaceae	Caryophyllaceae	Rosaceae	Caryophyllaceae	Caryophyllaceae	Caryophyllaceae	Caryophyllaceae	100%	11	k141_9951
P8807_501_00087 	Ericaceae	Ericaceae	Ericaceae	Ericaceae	Ericaceae	Ericaceae	Ericaceae	90%	10	k141_147309
P8807_501_00088 	Ericaceae	Ericaceae	Ericaceae	Ericaceae	Ericaceae	Ericaceae	Ericaceae	90%	10	k141_147309
P8807_502_00032 	Lycopodiaceae	Lycopodiaceae	Cupressaceae	Cupressaceae	Juncaceae	Rosaceae	Lycopodiaceae	100%	7	k141_41489
P8807_502_00033 	Lycopodiaceae	Lycopodiaceae	Brassicaceae	Cupressaceae	Cupressaceae	Juncaceae	Lycopodiaceae	100%	7	k141_41489
P8807_503_00023 	Ericaceae	Ericaceae	Ericaceae	Ericaceae	Ericaceae	Ericaceae	Ericaceae	100%	9	k141_20125
P8807_504_00017 	Salicaceae	Salicaceae	Salicaceae	Salicaceae	Salicaceae	Salicaceae	Salicaceae	100%	8	k141_23844
P8807_504_00112 	Salicaceae	Salicaceae	Salicaceae	Salicaceae	Salicaceae	Salicaceae	Salicaceae	100%	4	k141_83118
P8807_505_00095 	Cyperaceae	Cyperaceae	Crassulaceae	Cyperaceae	Cyperaceae	Cyperaceae	Cyperaceae	100%	6	k141_104310
P8807_505_00096 	Cyperaceae	Cyperaceae	Cyperaceae	Cyperaceae	Cyperaceae	Cyperaceae	Cyperaceae	100%	6	k141_104310
P8807_506_00042 	Poaceae	Poaceae	Poaceae	Poaceae	Poaceae	Poaceae	Poaceae	100%	12	k141_47336
P8807_506_00043 	Poaceae	Poaceae	Poaceae	Poaceae	Poaceae	Poaceae	Poaceae	100%	12	k141_47336
P8807_507_00072 	Crassulaceae	Crassulaceae	Crassulaceae	Crassulaceae	Crassulaceae	Apiaceae	Crassulaceae	100%	10	k141_49933
P8807_507_00073 	Crassulaceae	Crassulaceae	Crassulaceae	Crassulaceae	Crassulaceae	Ericaceae	Crassulaceae	100%	10	k141_49933
P8807_508_00123 	Asteraceae	Asteraceae	Asteraceae	Asteraceae	Asteraceae	Asteraceae	Asteraceae	100%	10	k141_53759
P8807_508_00125 	Asteraceae	Asteraceae	Asteraceae	Asteraceae	Asteraceae	Asteraceae	Asteraceae	100%	10	k141_53759
P8807_509_00059 	Orobanchaceae	Orobanchaceae	Orobanchaceae	Onagraceae	Rosaceae	Orobanchaceae	Orobanchaceae	83%	5	k141_33627
P8807_510_00065 	Violaceae	Violaceae	Violaceae	Salicaceae	Salicaceae	Salicaceae	Violaceae	93%	30	k141_30466
P8807_510_00066 	Violaceae	Violaceae	Violaceae	Salicaceae	Salicaceae	Salicaceae	Violaceae	93%	30	k141_30466
P8807_511_00127 	Poaceae	Poaceae	Poaceae	Poaceae	Poaceae	Poaceae	Poaceae	100%	12	k141_77488
P8807_511_00128 	Poaceae	Poaceae	Poaceae	Poaceae	Poaceae	Cyperaceae	Poaceae	100%	12	k141_77488
P8807_512_00065 	Cyperaceae	Cyperaceae	Cyperaceae	Cyperaceae	Cyperaceae	Cyperaceae	Cyperaceae	100%	7	k141_55611
P8807_512_00067 	Cyperaceae	Cyperaceae	Cyperaceae	Cyperaceae	Cyperaceae	Cyperaceae	Cyperaceae	100%	7	k141_55611
P8807_514_00099 	Ericaceae	Ericaceae	Ericaceae	Ericaceae	Ericaceae	Ericaceae	Ericaceae	100%	5	k141_94666
P8807_514_00100 	Ericaceae	Ericaceae	Ericaceae	Ericaceae	Ericaceae	Ericaceae	Ericaceae	100%	5	k141_94666
P8807_515_00122 	Asteraceae	Asteraceae	Asteraceae	Poaceae	Plantaginaceae	Asteraceae	Asteraceae	100%	12	k141_56692
P8807_515_00123 	Asteraceae	Asteraceae	Asteraceae	Plantaginaceae	Asteraceae	Poaceae	Asteraceae	100%	12	k141_56692
P8807_516_00021 	Caryophyllaceae	Caryophyllaceae	Caryophyllaceae	Caryophyllaceae	Caryophyllaceae	Caryophyllaceae	Caryophyllaceae	100%	7	k141_36680
P8807_516_00022 	Caryophyllaceae	Caryophyllaceae	Caryophyllaceae	Caryophyllaceae	Caryophyllaceae	Caryophyllaceae	Caryophyllaceae	100%	7	k141_36680
P8807_517_00003 	Ericaceae	Ericaceae	Ericaceae	Ericaceae	Ericaceae	Ericaceae	Ericaceae	100%	5	k141_7305
P8807_517_00004 	Ericaceae	Ericaceae	Ericaceae	Ericaceae	Ericaceae	Ericaceae	Ericaceae	100%	5	k141_7305
P8807_518_00074 	Cyperaceae	Cyperaceae	Cyperaceae	Cyperaceae	Cyperaceae	Cyperaceae	Cyperaceae	100%	6	k141_93429
P8807_518_00076 	Cyperaceae	Cyperaceae	Orobanchaceae	Cyperaceae	Cyperaceae	Cyperaceae	Cyperaceae	100%	6	k141_93429
P8807_519_00100 	Salicaceae	Salicaceae	Salicaceae	Salicaceae	Salicaceae	Salicaceae	Salicaceae	100%	8	k141_120665
P8807_519_00130 	Salicaceae	Salicaceae	Salicaceae	Salicaceae	Salicaceae	Salicaceae	Salicaceae	100%	4	k141_160443
P8807_520_00064 	Juncaceae	Cyperaceae	Orobanchaceae	Cyperaceae	Cyperaceae	Cyperaceae	Cyperaceae	100%	6	k141_57912
P8807_520_00065 	Juncaceae	Cyperaceae	Cyperaceae	Cyperaceae	Cyperaceae	Cyperaceae	Cyperaceae	100%	6	k141_57912
P8807_521_00112 	Ericaceae	Ericaceae	Ericaceae	Ericaceae	Ericaceae	Ericaceae	Ericaceae	100%	6	k141_177794
P8807_521_00113 	Ericaceae	Ericaceae	Ericaceae	Ericaceae	Ericaceae	Ericaceae	Ericaceae	100%	6	k141_177794
P8807_522_00029 	Rosaceae	Rosaceae	Rosaceae	Rosaceae	Cyperaceae	Rosaceae	Rosaceae	80%	4	k141_69163
P8807_522_00072 	Rosaceae	Rosaceae	Rosaceae	Cyperaceae	Rosaceae	Rosaceae	Rosaceae	100%	7	k141_105156
P8807_523_00041 	Salicaceae	Salicaceae	Salicaceae	Salicaceae	Salicaceae	Salicaceae	Salicaceae	100%	4	k141_72461
P8807_523_00083 	Salicaceae	Salicaceae	Salicaceae	Salicaceae	Salicaceae	Salicaceae	Salicaceae	100%	8	k141_126816
P8807_525_00030 	Rosaceae	Rosaceae	Rosaceae	Orobanchaceae	Rosaceae	Rosaceae	Rosaceae	100%	4	k141_16090
P8807_525_00113 	Rosaceae	Rosaceae	Rosaceae	Rosaceae	Cyperaceae	Rosaceae	Rosaceae	100%	7	k141_162732
P8807_526_00032 	Equisetaceae	Equisetaceae	Equisetaceae	Equisetaceae	Equisetaceae	Equisetaceae	Equisetaceae	100%	8	k141_9239
P8807_526_00033 	Equisetaceae	Equisetaceae	Equisetaceae	Equisetaceae	Equisetaceae	Equisetaceae	Equisetaceae	100%	8	k141_9239
P8807_527_00097 	Fabaceae	Fabaceae	Fabaceae	Fabaceae	Fabaceae	Fabaceae	Fabaceae	100%	5	k141_62310
P8807_527_00098 	Fabaceae	Fabaceae	Fabaceae	Fabaceae	Fabaceae	Fabaceae	Fabaceae	100%	5	k141_62310
P8807_528_00026 	Diapensiaceae	Diapensiaceae	Ericaceae	Ericaceae	Ericaceae	Ericaceae	Diapensiaceae	100%	12	k141_9189
P8807_528_00028 	Diapensiaceae	Diapensiaceae	Ericaceae	Ericaceae	Ericaceae	Ericaceae	Diapensiaceae	100%	12	k141_9189
P8807_530_00096 	Cyperaceae	Cyperaceae	Cyperaceae	Cyperaceae	Cyperaceae	Cyperaceae	Cyperaceae	100%	7	k141_58266
P8807_530_00098 	Cyperaceae	Cyperaceae	Orobanchaceae	Cyperaceae	Cyperaceae	Cyperaceae	Cyperaceae	100%	7	k141_58266
WA01_00071 	Rosaceae	Rosaceae	Rosaceae	Orobanchaceae	Rosaceae	Rosaceae	Rosaceae	100%	12	k141_68407
WA01_00072 	Rosaceae	Rosaceae	Rosaceae	Rosaceae	Orobanchaceae	Rosaceae	Rosaceae	100%	12	k141_68407
WA02_00081 	Salicaceae	Salicaceae	Salicaceae	Salicaceae	Salicaceae	Salicaceae	Salicaceae	100%	12	k141_27267
WA02_00082 	Salicaceae	Salicaceae	Salicaceae	Salicaceae	Salicaceae	Salicaceae	Salicaceae	100%	12	k141_27267
WA03_00070 	Poaceae	Poaceae	Poaceae	Poaceae	Poaceae	Poaceae	Poaceae	100%	11	k141_71915
WA03_00071 	Poaceae	Poaceae	Poaceae	Poaceae	Poaceae	Poaceae	Poaceae	100%	11	k141_71915
WA04_00114 	Ericaceae	Ericaceae	Ericaceae	Ericaceae	Ericaceae	Ericaceae	Ericaceae	95%	20	k141_33897
WA04_00115 	Ericaceae	Ericaceae	Ericaceae	Ericaceae	Ericaceae	Ericaceae	Ericaceae	95%	20	k141_33897
WA05_00051 	Lentibulariaceae	Lentibulariaceae	Lamiaceae	Plantaginaceae	Plantaginaceae	Asteraceae	Lentibulariaceae	56%	9	k141_4826
WA05_00052 	Lentibulariaceae	Lentibulariaceae	Lentibulariaceae	Plantaginaceae	Fabaceae	Lamiaceae	Lentibulariaceae	56%	9	k141_4826
WA06_00010 	Caryophyllaceae	Caryophyllaceae	Caryophyllaceae	Caryophyllaceae	Caryophyllaceae	Caryophyllaceae	Caryophyllaceae	100%	11	k141_10648
WA06_00011 	Caryophyllaceae	Caryophyllaceae	Caryophyllaceae	Caryophyllaceae	Caryophyllaceae	Caryophyllaceae	Caryophyllaceae	100%	11	k141_10648
WA07_00004 	Saxifragaceae	Saxifragaceae	Saxifragaceae	Saxifragaceae	Saxifragaceae	Saxifragaceae	Saxifragaceae	100%	11	k141_4551
WA07_00005 	Saxifragaceae	Saxifragaceae	Saxifragaceae	Saxifragaceae	Saxifragaceae	Saxifragaceae	Saxifragaceae	100%	11	k141_4551
WA08_00102 	Ericaceae	Ericaceae	Ericaceae	Ericaceae	Ericaceae	Ericaceae	Ericaceae	100%	7	k141_62888
WA08_00103 	Ericaceae	Ericaceae	Ericaceae	Ericaceae	Ericaceae	Ericaceae	Ericaceae	100%	7	k141_62888
WA09_00094 	Ericaceae	Ericaceae	Ericaceae	Ericaceae	Ericaceae	Ericaceae	Ericaceae	100%	7	k141_33956
WA09_00095 	Ericaceae	Ericaceae	Ericaceae	Ericaceae	Ericaceae	Ericaceae	Ericaceae	100%	7	k141_33956
WA10_00042 	Juncaceae	Cupressaceae	Cupressaceae	Juncaceae	Rosaceae	Crassulaceae	Cupressaceae	100%	12	k141_19883
WA10_00043 	Juncaceae	Cupressaceae	Cupressaceae	Juncaceae	Asteraceae	Asteraceae	Cupressaceae	100%	12	k141_19883
WA11_00148 	Cyperaceae	Cyperaceae	Cyperaceae	Cyperaceae	Cyperaceae	Cyperaceae	Cyperaceae	100%	5	k141_68573
WA11_00149 	Cyperaceae	Cyperaceae	Orobanchaceae	Cyperaceae	Cyperaceae	Cyperaceae	Cyperaceae	100%	5	k141_68573
WA12_00050 	Polygonaceae	Polygonaceae	Polygonaceae	Polygonaceae	Polygonaceae	Polygonaceae	Polygonaceae	100%	11	k141_24804
WA12_00051 	Polygonaceae	Polygonaceae	Polygonaceae	Polygonaceae	Polygonaceae	Polygonaceae	Polygonaceae	100%	11	k141_24804
WB01_00017 	Cyperaceae	Cyperaceae	Cyperaceae	Cyperaceae	Cyperaceae	Cyperaceae	Cyperaceae	100%	6	k141_6536
WB01_00019 	Cyperaceae	Cyperaceae	Cyperaceae	Cyperaceae	Cyperaceae	Cyperaceae	Cyperaceae	100%	6	k141_6536
WB02_00012 	Geraniaceae	Geraniaceae	Cyperaceae	Geraniaceae	Caprifoliaceae	Polygonaceae	Geraniaceae	100%	10	k141_1869
WB02_00013 	Geraniaceae	Geraniaceae	Geraniaceae	Apiaceae	Apiaceae	Onagraceae	Geraniaceae	100%	10	k141_1869
WB03_00106 	Campanulaceae	Campanulaceae	Campanulaceae	Campanulaceae	Campanulaceae	Campanulaceae	Campanulaceae	100%	4	k141_26747
WB03_00107 	Campanulaceae	Campanulaceae	Campanulaceae	Campanulaceae	Campanulaceae	Campanulaceae	Campanulaceae	100%	4	k141_26747
WB04_00060 	Equisetaceae	Equisetaceae	Equisetaceae	Equisetaceae	Equisetaceae	Equisetaceae	Equisetaceae	100%	16	k141_25141
WB04_00061 	Equisetaceae	Equisetaceae	Equisetaceae	Equisetaceae	Equisetaceae	Equisetaceae	Equisetaceae	100%	16	k141_25141
WB05_00014 	Asteraceae	Asteraceae	Asteraceae	Asteraceae	Asteraceae	Asteraceae	Asteraceae	100%	13	k141_8219
WB05_00015 	Asteraceae	Asteraceae	Asteraceae	Asteraceae	Asteraceae	Asteraceae	Asteraceae	100%	13	k141_8219
WB06_00036 	Poaceae	Poaceae	Poaceae	Poaceae	Poaceae	Poaceae	Poaceae	100%	11	k141_11199
WB06_00037 	Poaceae	Poaceae	Poaceae	Poaceae	Poaceae	Poaceae	Poaceae	100%	11	k141_11199
WB07_00003 	Polygonaceae	Polygonaceae	Polygonaceae	Polygonaceae	Polygonaceae	Polygonaceae	Polygonaceae	100%	21	k141_17442
WB07_00004 	Polygonaceae	Polygonaceae	Polygonaceae	Polygonaceae	Polygonaceae	Polygonaceae	Polygonaceae	100%	21	k141_17442
WB08_00013 	Primulaceae	Primulaceae	Primulaceae	Primulaceae	Primulaceae	Primulaceae	Primulaceae	100%	11	k141_32610
WB08_00014 	Primulaceae	Primulaceae	Primulaceae	Primulaceae	Primulaceae	Primulaceae	Primulaceae	100%	11	k141_32610
WB09_00006 	Saxifragaceae	Saxifragaceae	Brassicaceae	Saxifragaceae	Saxifragaceae	Saxifragaceae	Saxifragaceae	100%	9	k141_9873
WB09_00008 	Saxifragaceae	Saxifragaceae	Saxifragaceae	Brassicaceae	Saxifragaceae	Saxifragaceae	Saxifragaceae	100%	9	k141_9873
WB10_00102 	Rosaceae	Rosaceae	Rosaceae	Rosaceae	Rosaceae	Rosaceae	Rosaceae	100%	12	k141_39168
WB10_00104 	Rosaceae	Rosaceae	Rosaceae	Rosaceae	Rosaceae	Rosaceae	Rosaceae	100%	12	k141_39168
WB11_00105 	Asteraceae	Asteraceae	Asteraceae	Asteraceae	Asteraceae	Asteraceae	Asteraceae	100%	10	k141_32017
WB11_00107 	Asteraceae	Asteraceae	Asteraceae	Asteraceae	Asteraceae	Asteraceae	Asteraceae	100%	10	k141_32017
WB12_00116 	Asteraceae	Asteraceae	Asteraceae	Asteraceae	Asteraceae	Cyperaceae	Asteraceae	100%	12	k141_38664
WB12_00117 	Asteraceae	Asteraceae	Asteraceae	Cyperaceae	Asteraceae	Asteraceae	Asteraceae	100%	12	k141_38664
WC01_00038 	Cyperaceae	Cyperaceae	Cyperaceae	Cyperaceae	Cyperaceae	Cyperaceae	Cyperaceae	100%	6	k141_10142
WC01_00039 	Cyperaceae	Cyperaceae	Cyperaceae	Cyperaceae	Cyperaceae	Cyperaceae	Cyperaceae	100%	6	k141_10142
WC02_00037 	Ericaceae	Ericaceae	Ericaceae	Ericaceae	Ericaceae	Ericaceae	Ericaceae	100%	7	k141_17921
WC03_00021 	Ericaceae	Ericaceae	Ericaceae	Ericaceae	Ericaceae	Ericaceae	Ericaceae	100%	34	k141_5656
WC03_00040 	Ericaceae	Ericaceae	Ericaceae	Ericaceae	Ericaceae	Ericaceae	Ericaceae	100%	34	k141_5656
WC04_00005 	Poaceae	Poaceae	Poaceae	Poaceae	Poaceae	Poaceae	Poaceae	100%	11	k141_41371
WC04_00006 	Poaceae	Poaceae	Poaceae	Poaceae	Poaceae	Poaceae	Poaceae	100%	11	k141_41371
WC05_00072 	Cyperaceae	Cyperaceae	Cyperaceae	Cyperaceae	Cyperaceae	Cyperaceae	Cyperaceae	100%	6	k141_38546
WC05_00074 	Cyperaceae	Cyperaceae	Cyperaceae	Cyperaceae	Cyperaceae	Cyperaceae	Cyperaceae	100%	6	k141_38546
WC06_00029 	Ericaceae	Ericaceae	Ericaceae	Ericaceae	Ericaceae	Ericaceae	Ericaceae	100%	9	k141_34499
WC06_00030 	Ericaceae	Ericaceae	Ericaceae	Ericaceae	Ericaceae	Ericaceae	Ericaceae	100%	9	k141_34499
