P001_WA01_00056 	Saxifragaceae	Poaceae	Poaceae	Poaceae	Poaceae	Poaceae
P001_WA02_00088 	Orobanchaceae	Orobanchaceae	Brassicaceae	Orobanchaceae	Salicaceae	Orobanchaceae
P001_WA02_00090 	Orobanchaceae	Orobanchaceae	Brassicaceae	Orobanchaceae	Orobanchaceae	Orobanchaceae
P001_WA03_00052 	Cyperaceae	Cyperaceae	Cyperaceae	Cyperaceae	Cyperaceae	Cyperaceae
P001_WA03_00053 	Cyperaceae	Cyperaceae	Cyperaceae	Cyperaceae	Cyperaceae	Cyperaceae
P001_WA04_00030 	Salicaceae	Salicaceae	Salicaceae	Salicaceae	Salicaceae	Salicaceae
P001_WA04_00032 	Salicaceae	Salicaceae	Salicaceae	Salicaceae	Salicaceae	Salicaceae
P001_WA05_00025 	Poaceae	Poaceae	Poaceae	Poaceae	Poaceae	Poaceae
P001_WA06_00144 	Cyperaceae	Cyperaceae	Tofieldiaceae	Cyperaceae	Cyperaceae	Cyperaceae
P001_WA06_00145 	Cyperaceae	Cyperaceae	Cyperaceae	Cyperaceae	Cyperaceae	Cyperaceae
P001_WA07_00016 	Asteraceae	Asteraceae	Asteraceae	Asteraceae	Poaceae	Asteraceae
P001_WA07_00017 	Asteraceae	Asteraceae	Asteraceae	Asteraceae	Poaceae	Asteraceae
P001_WA08_00082 	Cyperaceae	Cyperaceae	Cyperaceae	Cyperaceae	Cyperaceae	Cyperaceae
P001_WA08_00083 	Cyperaceae	Cyperaceae	Cyperaceae	Asteraceae	Cyperaceae	Cyperaceae
P001_WA10_00037 	Rubiaceae	Rubiaceae	Rubiaceae	Rubiaceae	Rosaceae	Orobanchaceae
P001_WA10_00038 	Rubiaceae	Rubiaceae	Rubiaceae	Rubiaceae	Primulaceae	Primulaceae
P001_WA11_00092 	Campanulaceae	Campanulaceae	Campanulaceae	Campanulaceae	Campanulaceae	Campanulaceae
P001_WA11_00094 	Campanulaceae	Campanulaceae	Campanulaceae	Campanulaceae	Campanulaceae	Campanulaceae
P001_WA12_00048 	Asteraceae	Asteraceae	Asteraceae	Asteraceae	Asteraceae	Asteraceae
P001_WA12_00049 	Asteraceae	Asteraceae	Asteraceae	Asteraceae	Asteraceae	Asteraceae
P001_WB01_00095 	Brassicaceae	Orobanchaceae	Brassicaceae	Orobanchaceae	Salicaceae	Orobanchaceae
P001_WB01_00097 	Brassicaceae	Orobanchaceae	Brassicaceae	Orobanchaceae	Orobanchaceae	Orobanchaceae
P001_WB01_00100 	Brassicaceae	Poaceae	Poaceae	Poaceae	Poaceae	Poaceae
P001_WB01_00174 	Brassicaceae	Ranunculaceae	Ranunculaceae	Caryophyllaceae	Ranunculaceae	Ranunculaceae
P001_WB01_00175 	Brassicaceae	Ranunculaceae	Ranunculaceae	Ranunculaceae	Ranunculaceae	Ranunculaceae
P001_WB01_00284 	Brassicaceae	Brassicaceae	Asteraceae	Papaveraceae	Juncaceae	Brassicaceae
P001_WB01_00285 	Brassicaceae	Brassicaceae	Brassicaceae	Papaveraceae	Brassicaceae	Brassicaceae
P001_WB02_00118 	Salicaceae	Salicaceae	Salicaceae	Salicaceae	Salicaceae	Salicaceae
P001_WB02_00119 	Salicaceae	Salicaceae	Salicaceae	Salicaceae	Salicaceae	Salicaceae
P001_WB02_00183 	Salicaceae	Orobanchaceae	Orobanchaceae	Brassicaceae	Orobanchaceae	Orobanchaceae
P001_WB02_00209 	Salicaceae	Poaceae	Brassicaceae	Poaceae	Poaceae	Poaceae
P001_WB02_00217 	Salicaceae	Poaceae	Salicaceae	Poaceae	Poaceae	Poaceae
P001_WB02_00259 	Salicaceae	Orobanchaceae	Salicaceae	Orobanchaceae	Orobanchaceae	Orobanchaceae
P001_WB03_00103 	Cyperaceae	Cyperaceae	Cyperaceae	Cyperaceae	Cyperaceae	Cyperaceae
P001_WB03_00104 	Cyperaceae	Cyperaceae	Cyperaceae	Asteraceae	Cyperaceae	Cyperaceae
P001_WB04_00044 	Cupressaceae	Betulaceae	Betulaceae	Rosaceae	Rosaceae	Rosaceae
P001_WB04_00045 	Cupressaceae	Betulaceae	Betulaceae	Salicaceae	Salicaceae	Salicaceae
P001_WB05_00064 	Poaceae	Poaceae	Poaceae	Poaceae	Poaceae	Poaceae
P001_WB06_00110 	Gentianaceae	Gentianaceae	Gentianaceae	Gentianaceae	Gentianaceae	Orobanchaceae
P001_WB06_00111 	Gentianaceae	Gentianaceae	Gentianaceae	Orobanchaceae	Gentianaceae	Gentianaceae
P001_WB07_00069 	Fabaceae	Fabaceae	Fabaceae	Fabaceae	Fabaceae	Fabaceae
P001_WB07_00070 	Fabaceae	Fabaceae	Fabaceae	Fabaceae	Fabaceae	Fabaceae
P001_WB08_00022 	Poaceae	Poaceae	Poaceae	Poaceae	Poaceae	Poaceae
P001_WB09_00095 	Asteraceae	Asteraceae	Asteraceae	Asteraceae	Asteraceae	Asteraceae
P001_WB09_00097 	Asteraceae	Asteraceae	Asteraceae	Asteraceae	Asteraceae	Asteraceae
P001_WB10_00086 	Poaceae	Poaceae	Poaceae	Poaceae	Poaceae	Poaceae
P001_WB11_00099 	Campanulaceae	Campanulaceae	Campanulaceae	Campanulaceae	Campanulaceae	Campanulaceae
P001_WB11_00101 	Campanulaceae	Campanulaceae	Campanulaceae	Campanulaceae	Campanulaceae	Campanulaceae
P001_WB12_00084 	Asteraceae	Poaceae	Poaceae	Orobanchaceae	Poaceae	Poaceae
P001_WB12_00102 	Asteraceae	Asteraceae	Asteraceae	Asteraceae	Poaceae	Asteraceae
P001_WB12_00103 	Asteraceae	Asteraceae	Asteraceae	Asteraceae	Poaceae	Asteraceae
P001_WC02_00091 	Poaceae	Poaceae	Poaceae	Poaceae	Poaceae	Poaceae
P001_WC03_00009 	Asteraceae	Asteraceae	Asteraceae	Asteraceae	Asteraceae	Asteraceae
P001_WC03_00010 	Asteraceae	Asteraceae	Asteraceae	Asteraceae	Asteraceae	Asteraceae
P001_WC04_00044 	Betulaceae	Cupressaceae	Cupressaceae	Tofieldiaceae	Brassicaceae	Primulaceae
P001_WC06_00026 	Gentianaceae	Gentianaceae	Gentianaceae	Gentianaceae	Gentianaceae	Gentianaceae
P001_WC06_00028 	Gentianaceae	Gentianaceae	Gentianaceae	Gentianaceae	Gentianaceae	Gentianaceae
P001_WC07_00019 	Asteraceae	Asteraceae	Asteraceae	Asteraceae	Asteraceae	Asteraceae
P001_WC07_00020 	Asteraceae	Asteraceae	Asteraceae	Asteraceae	Asteraceae	Asteraceae
P001_WC08_00021 	Apiaceae	Apiaceae	Apiaceae	Apiaceae	Apiaceae	Apiaceae
P001_WC08_00022 	Apiaceae	Apiaceae	Apiaceae	Apiaceae	Apiaceae	Apiaceae
P001_WC09_00020 	Lamiaceae	Lamiaceae	Plantaginaceae	Rosaceae	Orobanchaceae	Orobanchaceae
P001_WC09_00022 	Lamiaceae	Lamiaceae	Plantaginaceae	Lentibulariaceae	Lentibulariaceae	Orobanchaceae
P001_WC10_00082 	Apiaceae	Apiaceae	Apiaceae	Apiaceae	Apiaceae	Apiaceae
P001_WC10_00083 	Apiaceae	Apiaceae	Apiaceae	Apiaceae	Apiaceae	Apiaceae
P001_WC11_00057 	Polygonaceae	Polygonaceae	Polygonaceae	Polygonaceae	Cyperaceae	Polygonaceae
P001_WC11_00059 	Polygonaceae	Polygonaceae	Polygonaceae	Polygonaceae	Cyperaceae	Polygonaceae
P001_WC12_00055 	Cyperaceae	Cyperaceae	Cyperaceae	Cyperaceae	Cyperaceae	Cyperaceae
P001_WC12_00056 	Cyperaceae	Cyperaceae	Cyperaceae	Cyperaceae	Cyperaceae	Cyperaceae
P001_WD01_00015 	Poaceae	Poaceae	Poaceae	Poaceae	Poaceae	Poaceae
P001_WD02_00086 	Saxifragaceae	Saxifragaceae	Saxifragaceae	Saxifragaceae	Saxifragaceae	Saxifragaceae
P001_WD02_00088 	Saxifragaceae	Saxifragaceae	Saxifragaceae	Saxifragaceae	Crassulaceae	Crassulaceae
P001_WD03_00070 	Poaceae	Poaceae	Poaceae	Poaceae	Poaceae	Poaceae
P001_WD04_00013 	Ericaceae	Ericaceae	Ericaceae	Ericaceae	Ericaceae	Ericaceae
P001_WD04_00014 	Ericaceae	Ericaceae	Ericaceae	Ericaceae	Ericaceae	Ericaceae
P001_WD05_00083 	Poaceae	Poaceae	Poaceae	Poaceae	Poaceae	Poaceae
P001_WD06_00049 	Campanulaceae	Campanulaceae	Campanulaceae	Campanulaceae	Campanulaceae	Campanulaceae
P001_WD06_00050 	Campanulaceae	Campanulaceae	Campanulaceae	Campanulaceae	Campanulaceae	Campanulaceae
P001_WD07_00009 	Caryophyllaceae	Caryophyllaceae	Caryophyllaceae	Caryophyllaceae	Caryophyllaceae	Caryophyllaceae
P001_WD07_00010 	Caryophyllaceae	Caryophyllaceae	Caryophyllaceae	Caryophyllaceae	Caryophyllaceae	Caryophyllaceae
P001_WD08_00109 	Caryophyllaceae	Caryophyllaceae	Caryophyllaceae	Caryophyllaceae	Cyperaceae	Caryophyllaceae
P001_WD08_00111 	Caryophyllaceae	Caryophyllaceae	Caryophyllaceae	Caryophyllaceae	Cyperaceae	Caryophyllaceae
P001_WD08_00143 	Caryophyllaceae	Boraginaceae	Boraginaceae	Lamiaceae	Lentibulariaceae	Saxifragaceae
P001_WD08_00145 	Caryophyllaceae	Boraginaceae	Boraginaceae	Plantaginaceae	Lentibulariaceae	Lentibulariaceae
P001_WD09_00102 	Gentianaceae	Gentianaceae	Gentianaceae	Gentianaceae	Gentianaceae	Orobanchaceae
P001_WD09_00103 	Gentianaceae	Gentianaceae	Gentianaceae	Gentianaceae	Gentianaceae	Gentianaceae
P001_WD10_00082 	Boraginaceae	Boraginaceae	Boraginaceae	Lamiaceae	Lentibulariaceae	Saxifragaceae
P001_WD10_00083 	Boraginaceae	Boraginaceae	Caryophyllaceae	Plantaginaceae	Lentibulariaceae	Lentibulariaceae
P001_WD11_00082 	Crassulaceae	Crassulaceae	Crassulaceae	Crassulaceae	Crassulaceae	Rosaceae
P001_WD11_00084 	Crassulaceae	Crassulaceae	Crassulaceae	Crassulaceae	Crassulaceae	Saxifragaceae
P001_WD11_00110 	Crassulaceae	Cyperaceae	Cyperaceae	Cyperaceae	Cyperaceae	Cyperaceae
P001_WD11_00143 	Crassulaceae	Cyperaceae	Crassulaceae	Cyperaceae	Cyperaceae	Cyperaceae
P001_WD11_00260 	Crassulaceae	Asteraceae	Asteraceae	Asteraceae	Asteraceae	Asteraceae
P001_WD11_00261 	Crassulaceae	Asteraceae	Asteraceae	Asteraceae	Cyperaceae	Asteraceae
P001_WD12_00023 	Asteraceae	Asteraceae	Asteraceae	Asteraceae	Asteraceae	Asteraceae
P001_WD12_00025 	Asteraceae	Asteraceae	Asteraceae	Cyperaceae	Crassulaceae	Asteraceae
P001_WE01_00077 	Caryophyllaceae	Caryophyllaceae	Caryophyllaceae	Caryophyllaceae	Caryophyllaceae	Caryophyllaceae
P001_WE01_00079 	Caryophyllaceae	Caryophyllaceae	Caryophyllaceae	Caryophyllaceae	Caryophyllaceae	Caryophyllaceae
P001_WE02_00132 	Cyperaceae	Cyperaceae	Cyperaceae	Cyperaceae	Cyperaceae	Cyperaceae
P001_WE02_00133 	Cyperaceae	Cyperaceae	Cyperaceae	Cyperaceae	Cyperaceae	Cyperaceae
P001_WE02_00136 	Cyperaceae	Cyperaceae	Cyperaceae	Cyperaceae	Cyperaceae	Cyperaceae
P001_WE02_00137 	Cyperaceae	Cyperaceae	Cyperaceae	Cyperaceae	Cyperaceae	Cyperaceae
P001_WE03_00037 	Ranunculaceae	Ranunculaceae	Ranunculaceae	Ranunculaceae	Caryophyllaceae	Ranunculaceae
P001_WE03_00038 	Ranunculaceae	Ranunculaceae	Ranunculaceae	Ranunculaceae	Brassicaceae	Ranunculaceae
P001_WE04_00103 	Tofieldiaceae	Cyperaceae	Cyperaceae	Cyperaceae	Cyperaceae	Cyperaceae
P001_WE04_00104 	Tofieldiaceae	Cyperaceae	Cyperaceae	Cyperaceae	Cyperaceae	Cyperaceae
P001_WE04_00175 	Tofieldiaceae	Tofieldiaceae	Ranunculaceae	Caprifoliaceae	Liliaceae	Papaveraceae
P001_WE04_00176 	Tofieldiaceae	Tofieldiaceae	Liliaceae	Liliaceae	Ranunculaceae	Cyperaceae
P001_WE05_00047 	Ericaceae	Ericaceae	Ericaceae	Ericaceae	Ericaceae	Ericaceae
P001_WE06_00052 	Poaceae	Poaceae	Poaceae	Poaceae	Poaceae	Poaceae
P001_WE07_00107 	Juncaceae	Doryanthaceae	Juncaceae	Juncaceae	Juncaceae	Cyperaceae
P001_WE08_00026 	Caprifoliaceae	Caprifoliaceae	Caprifoliaceae	Rosaceae	Plantaginaceae	Saxifragaceae
P001_WE08_00027 	Caprifoliaceae	Caprifoliaceae	Caprifoliaceae	Apiaceae	Apiaceae	Campanulaceae
P001_WE10_00051 	Asteraceae	Asteraceae	Asteraceae	Asteraceae	Asteraceae	Asteraceae
P001_WE10_00052 	Asteraceae	Asteraceae	Asteraceae	Cyperaceae	Crassulaceae	Asteraceae
P001_WE11_00049 	Poaceae	Poaceae	Poaceae	Poaceae	Poaceae	Poaceae
P001_WE12_00023 	Cyperaceae	Cyperaceae	Cyperaceae	Cyperaceae	Cyperaceae	Cyperaceae
P001_WE12_00024 	Cyperaceae	Cyperaceae	Cyperaceae	Cyperaceae	Cyperaceae	Cyperaceae
P001_WE12_00214 	Cyperaceae	Geraniaceae	Geraniaceae	Geraniaceae	Lamiaceae	Betulaceae
P001_WE12_00234 	Cyperaceae	Asteraceae	Asteraceae	Asteraceae	Asteraceae	Asteraceae
P001_WE12_00235 	Cyperaceae	Asteraceae	Asteraceae	Cyperaceae	Crassulaceae	Asteraceae
P001_WE12_00367 	Cyperaceae	Poaceae	Poaceae	Poaceae	Poaceae	Poaceae
P001_WF01_00057 	Equisetaceae	Equisetaceae	Equisetaceae	Equisetaceae	Equisetaceae	Equisetaceae
P001_WF01_00058 	Equisetaceae	Equisetaceae	Equisetaceae	Equisetaceae	Equisetaceae	Equisetaceae
P001_WF01_00229 	Equisetaceae	Cyperaceae	Cyperaceae	Cyperaceae	Cyperaceae	Cyperaceae
P001_WF02_00017 	Cyperaceae	Cyperaceae	Cyperaceae	Cyperaceae	Cyperaceae	Asteraceae
P001_WF02_00018 	Cyperaceae	Cyperaceae	Cyperaceae	Cyperaceae	Cyperaceae	Cyperaceae
P001_WF03_00076 	Caryophyllaceae	Caryophyllaceae	Caryophyllaceae	Caryophyllaceae	Cyperaceae	Caryophyllaceae
P001_WF03_00078 	Caryophyllaceae	Caryophyllaceae	Caryophyllaceae	Caryophyllaceae	Cyperaceae	Caryophyllaceae
P001_WF04_00019 	Caryophyllaceae	Caryophyllaceae	Caryophyllaceae	Caryophyllaceae	Caryophyllaceae	Caryophyllaceae
P001_WF04_00020 	Caryophyllaceae	Caryophyllaceae	Caryophyllaceae	Caryophyllaceae	Caryophyllaceae	Caryophyllaceae
P001_WF05_00066 	Asteraceae	Asteraceae	Asteraceae	Poaceae	Asteraceae	Asteraceae
P001_WF05_00067 	Asteraceae	Asteraceae	Asteraceae	Poaceae	Asteraceae	Asteraceae
P001_WF06_00003 	Orobanchaceae	Orobanchaceae	Orobanchaceae	Orobanchaceae	Brassicaceae	Salicaceae
P001_WF06_00005 	Orobanchaceae	Orobanchaceae	Brassicaceae	Orobanchaceae	Orobanchaceae	Orobanchaceae
P001_WF06_00125 	Orobanchaceae	Orobanchaceae	Orobanchaceae	Brassicaceae	Orobanchaceae	Orobanchaceae
P001_WF06_00181 	Orobanchaceae	Poaceae	Poaceae	Poaceae	Poaceae	Poaceae
P001_WF07_00051 	Poaceae	Poaceae	Poaceae	Poaceae	Poaceae	Poaceae
P001_WF08_00098 	Orchidaceae	Orchidaceae	Tofieldiaceae	Liliaceae	Cyperaceae	Rosaceae
P001_WF08_00099 	Orchidaceae	Orchidaceae	Liliaceae	Liliaceae	Cyperaceae	Selaginellaceae
P001_WF09_00053 	Gentianaceae	Gentianaceae	Gentianaceae	Gentianaceae	Gentianaceae	Gentianaceae
P001_WF09_00054 	Gentianaceae	Gentianaceae	Gentianaceae	Gentianaceae	Gentianaceae	Gentianaceae
P001_WF10_00079 	Fabaceae	Fabaceae	Fabaceae	Fabaceae	Fabaceae	Fabaceae
P001_WF10_00080 	Fabaceae	Fabaceae	Fabaceae	Fabaceae	Fabaceae	Fabaceae
P001_WF11_00018 	Apiaceae	Apiaceae	Apiaceae	Apiaceae	Apiaceae	Apiaceae
P001_WF11_00019 	Apiaceae	Apiaceae	Apiaceae	Apiaceae	Apiaceae	Apiaceae
P001_WF12_00028 	Geraniaceae	Geraniaceae	Geraniaceae	Geraniaceae	Lamiaceae	Betulaceae
P001_WF12_00029 	Geraniaceae	Geraniaceae	Rosaceae	Rosaceae	Rosaceae	Cyperaceae
P001_WG01_00072 	Ranunculaceae	Ranunculaceae	Cyperaceae	Selaginellaceae	Ranunculaceae	Cyperaceae
P001_WG01_00073 	Ranunculaceae	Ranunculaceae	Cyperaceae	Selaginellaceae	Ranunculaceae	Ranunculaceae
P001_WG02_00024 	Cyperaceae	Cyperaceae	Cyperaceae	Cyperaceae	Cyperaceae	Cyperaceae
P001_WG02_00025 	Cyperaceae	Cyperaceae	Cyperaceae	Cyperaceae	Cyperaceae	Cyperaceae
P001_WG02_00117 	Cyperaceae	Ranunculaceae	Cyperaceae	Selaginellaceae	Ranunculaceae	Cyperaceae
P001_WG02_00118 	Cyperaceae	Ranunculaceae	Cyperaceae	Selaginellaceae	Ranunculaceae	Ranunculaceae
P001_WG03_00213 	Selaginellaceae	Caryophyllaceae	Caryophyllaceae	Caryophyllaceae	Cyperaceae	Caryophyllaceae
P001_WG03_00215 	Selaginellaceae	Caryophyllaceae	Caryophyllaceae	Caryophyllaceae	Cyperaceae	Caryophyllaceae
P001_WG03_00232 	Selaginellaceae	Celastraceae	Celastraceae	Salicaceae	Salicaceae	Salicaceae
P001_WG03_00234 	Selaginellaceae	Celastraceae	Celastraceae	Rosaceae	Cyperaceae	Rosaceae
P001_WG03_00287 	Selaginellaceae	Ranunculaceae	Cyperaceae	Selaginellaceae	Ranunculaceae	Cyperaceae
P001_WG03_00288 	Selaginellaceae	Ranunculaceae	Cyperaceae	Selaginellaceae	Ranunculaceae	Ranunculaceae
P001_WG03_00459 	Selaginellaceae	Cyperaceae	Cyperaceae	Cyperaceae	Cyperaceae	Cyperaceae
P001_WG03_00460 	Selaginellaceae	Cyperaceae	Cyperaceae	Cyperaceae	Cyperaceae	Cyperaceae
P001_WG04_00124 	Cyperaceae	Cyperaceae	Tofieldiaceae	Cyperaceae	Cyperaceae	Cyperaceae
P001_WG04_00125 	Cyperaceae	Cyperaceae	Cyperaceae	Cyperaceae	Cyperaceae	Cyperaceae
P001_WG05_00077 	Caryophyllaceae	Caryophyllaceae	Caryophyllaceae	Caryophyllaceae	Caryophyllaceae	Caryophyllaceae
P001_WG05_00078 	Caryophyllaceae	Caryophyllaceae	Caryophyllaceae	Caryophyllaceae	Caryophyllaceae	Caryophyllaceae
P001_WG06_00044 	Saxifragaceae	Saxifragaceae	Saxifragaceae	Saxifragaceae	Ranunculaceae	Saxifragaceae
P001_WG06_00045 	Saxifragaceae	Saxifragaceae	Saxifragaceae	Saxifragaceae	Saxifragaceae	Saxifragaceae
P001_WG06_00046 	Saxifragaceae	Saxifragaceae	Saxifragaceae	Saxifragaceae	Ranunculaceae	Saxifragaceae
P001_WG06_00085 	Saxifragaceae	Saxifragaceae	Saxifragaceae	Saxifragaceae	Saxifragaceae	Saxifragaceae
P001_WG06_00086 	Saxifragaceae	Saxifragaceae	Saxifragaceae	Saxifragaceae	Saxifragaceae	Saxifragaceae
P001_WG07_00016 	Gentianaceae	Gentianaceae	Gentianaceae	Gentianaceae	Gentianaceae	Orobanchaceae
P001_WG07_00017 	Gentianaceae	Gentianaceae	Gentianaceae	Orobanchaceae	Gentianaceae	Gentianaceae
P001_WG08_00092 	Asteraceae	Asteraceae	Asteraceae	Asteraceae	Asteraceae	Asteraceae
P001_WG08_00093 	Asteraceae	Asteraceae	Asteraceae	Asteraceae	Asteraceae	Asteraceae
P001_WG10_00106 	Asteraceae	Asteraceae	Asteraceae	Asteraceae	Asteraceae	Cyperaceae
P001_WG10_00108 	Asteraceae	Asteraceae	Asteraceae	Asteraceae	Asteraceae	Asteraceae
P001_WG11_00042 	Liliaceae	Liliaceae	Liliaceae	Orchidaceae	Cyperaceae	Selaginellaceae
P001_WG11_00043 	Liliaceae	Liliaceae	Liliaceae	Tofieldiaceae	Caprifoliaceae	Rosaceae
P001_WG12_00038 	Poaceae	Poaceae	Poaceae	Poaceae	Poaceae	Poaceae
P001_WH01_00017 	Celastraceae	Celastraceae	Celastraceae	Rosaceae	Cyperaceae	Rosaceae
P001_WH01_00019 	Celastraceae	Celastraceae	Celastraceae	Salicaceae	Salicaceae	Salicaceae
P001_WH02_00004 	Salicaceae	Salicaceae	Salicaceae	Salicaceae	Salicaceae	Salicaceae
P001_WH02_00006 	Salicaceae	Salicaceae	Salicaceae	Salicaceae	Salicaceae	Salicaceae
P001_WH03_00047 	Cyperaceae	Cyperaceae	Cyperaceae	Asteraceae	Cyperaceae	Cyperaceae
P001_WH03_00048 	Cyperaceae	Cyperaceae	Cyperaceae	Cyperaceae	Cyperaceae	Cyperaceae
P001_WH04_00090 	Saxifragaceae	Saxifragaceae	Saxifragaceae	Saxifragaceae	Saxifragaceae	Saxifragaceae
P001_WH04_00091 	Saxifragaceae	Saxifragaceae	Saxifragaceae	Saxifragaceae	Ranunculaceae	Saxifragaceae
P001_WH05_00065 	Plantaginaceae	Plantaginaceae	Plantaginaceae	Plantaginaceae	Asteraceae	Fabaceae
P001_WH05_00066 	Plantaginaceae	Plantaginaceae	Plantaginaceae	Plantaginaceae	Asteraceae	Fabaceae
P001_WH06_00024 	Poaceae	Poaceae	Poaceae	Poaceae	Poaceae	Poaceae
P001_WH06_00075 	Poaceae	Poaceae	Poaceae	Poaceae	Poaceae	Poaceae
P001_WH06_00076 	Poaceae	Poaceae	Poaceae	Poaceae	Poaceae	Poaceae
P001_WH07_00112 	Asteraceae	Asteraceae	Asteraceae	Asteraceae	Asteraceae	Asteraceae
P001_WH07_00115 	Asteraceae	Asteraceae	Asteraceae	Asteraceae	Asteraceae	Asteraceae
P001_WH08_00075 	Asteraceae	Asteraceae	Asteraceae	Asteraceae	Asteraceae	Asteraceae
P001_WH08_00076 	Asteraceae	Asteraceae	Asteraceae	Asteraceae	Asteraceae	Asteraceae
P001_WH09_00058 	Primulaceae	Primulaceae	Primulaceae	Primulaceae	Primulaceae	Primulaceae
P001_WH09_00060 	Primulaceae	Primulaceae	Primulaceae	Primulaceae	Primulaceae	Primulaceae
P001_WH10_00073 	Hypericaceae	Heteromyidae	Rosaceae	Rosaceae	Rosaceae	Cyperaceae
P001_WH11_00066 	Asteraceae	Asteraceae	Asteraceae	Asteraceae	Asteraceae	Asteraceae
P001_WH11_00067 	Asteraceae	Asteraceae	Asteraceae	Asteraceae	Asteraceae	Asteraceae
P001_WH12_00035 	Asteraceae	Asteraceae	Asteraceae	Asteraceae	Asteraceae	Asteraceae
P001_WH12_00038 	Asteraceae	Asteraceae	Asteraceae	Asteraceae	Asteraceae	Asteraceae
P001_WH12_00095 	Asteraceae	Asteraceae	Asteraceae	Asteraceae	Asteraceae	Asteraceae
P001_WH12_00098 	Asteraceae	Asteraceae	Asteraceae	Asteraceae	Asteraceae	Asteraceae
P002_WA01_00060 	Poaceae	Poaceae	Poaceae	Poaceae	Poaceae	Poaceae
P002_WA02_00011 	Fabaceae	Fabaceae	Fabaceae	Fabaceae	Fabaceae	Fabaceae
P002_WA02_00013 	Fabaceae	Fabaceae	Fabaceae	Fabaceae	Fabaceae	Fabaceae
P002_WA03_00022 	Poaceae	Poaceae	Poaceae	Poaceae	Poaceae	Poaceae
P002_WA04_00081 	Apiaceae	Apiaceae	Apiaceae	Apiaceae	Apiaceae	Apiaceae
P002_WA04_00082 	Apiaceae	Apiaceae	Apiaceae	Apiaceae	Apiaceae	Apiaceae
P002_WA05_00079 	Gentianaceae	Gentianaceae	Gentianaceae	Gentianaceae	Gentianaceae	Gentianaceae
P002_WA05_00080 	Gentianaceae	Gentianaceae	Gentianaceae	Gentianaceae	Gentianaceae	Gentianaceae
P002_WA06_00088 	Apiaceae	Apiaceae	Apiaceae	Apiaceae	Apiaceae	Apiaceae
P002_WA06_00089 	Apiaceae	Apiaceae	Apiaceae	Apiaceae	Apiaceae	Apiaceae
P002_WA07_00053 	Ericaceae	Primulaceae	Ericaceae	Ericaceae	Ericaceae	Ericaceae
P002_WA07_00054 	Ericaceae	Ericaceae	Ericaceae	Ericaceae	Ericaceae	Ericaceae
P002_WA07_00056 	Ericaceae	Ericaceae	Ericaceae	Ericaceae	Ericaceae	Ericaceae
P002_WA08_00042 	Poaceae	Poaceae	Poaceae	Poaceae	Poaceae	Poaceae
P002_WA09_00077 	Rosaceae	Rosaceae	Rosaceae	Cyperaceae	Rosaceae	Rosaceae
P002_WA09_00079 	Rosaceae	Rosaceae	Rosaceae	Rosaceae	Cyperaceae	Rosaceae
P002_WA10_00054 	Ericaceae	Ericaceae	Ericaceae	Ericaceae	Ericaceae	Ericaceae
P002_WA11_00071 	Poaceae	Poaceae	Poaceae	Poaceae	Poaceae	Poaceae
P002_WA12_00065 	Saxifragaceae	Saxifragaceae	Ranunculaceae	Saxifragaceae	Saxifragaceae	Saxifragaceae
P002_WA12_00066 	Saxifragaceae	Saxifragaceae	Ranunculaceae	Saxifragaceae	Saxifragaceae	Saxifragaceae
P002_WB01_00053 	Apiaceae	Apiaceae	Apiaceae	Apiaceae	Apiaceae	Apiaceae
P002_WB01_00054 	Apiaceae	Apiaceae	Apiaceae	Apiaceae	Apiaceae	Apiaceae
P002_WB02_00065 	Primulaceae	Primulaceae	Primulaceae	Primulaceae	Primulaceae	Primulaceae
P002_WB02_00066 	Primulaceae	Primulaceae	Primulaceae	Primulaceae	Primulaceae	Primulaceae
P002_WB03_00017 	Caryophyllaceae	Caryophyllaceae	Caryophyllaceae	Rosaceae	Caryophyllaceae	Caryophyllaceae
P002_WB03_00018 	Caryophyllaceae	Caryophyllaceae	Caryophyllaceae	Caryophyllaceae	Caryophyllaceae	Caryophyllaceae
P002_WB04_00028 	Poaceae	Poaceae	Poaceae	Poaceae	Poaceae	Poaceae
P002_WB05_00104 	Orobanchaceae	Orobanchaceae	Orobanchaceae	Orobanchaceae	Orobanchaceae	Orobanchaceae
P002_WB05_00105 	Orobanchaceae	Orobanchaceae	Orobanchaceae	Orobanchaceae	Rosaceae	Orobanchaceae
P002_WB06_00018 	Rosaceae	Rosaceae	Rosaceae	Rosaceae	Rosaceae	Rosaceae
P002_WB06_00019 	Rosaceae	Rosaceae	Rosaceae	Rosaceae	Orobanchaceae	Rosaceae
P002_WB07_00112 	Ericaceae	Ericaceae	Ericaceae	Ericaceae	Ericaceae	Ericaceae
P002_WB07_00113 	Ericaceae	Ericaceae	Ericaceae	Ericaceae	Ericaceae	Ericaceae
P002_WB08_00030 	Poaceae	Poaceae	Poaceae	Poaceae	Poaceae	Poaceae
P002_WB09_00100 	Salicaceae	Salicaceae	Salicaceae	Salicaceae	Salicaceae	Salicaceae
P002_WB09_00101 	Salicaceae	Salicaceae	Salicaceae	Salicaceae	Salicaceae	Salicaceae
P002_WB10_00066 	Caryophyllaceae	Caryophyllaceae	Caryophyllaceae	Caryophyllaceae	Cyperaceae	Caryophyllaceae
P002_WB10_00068 	Caryophyllaceae	Caryophyllaceae	Caryophyllaceae	Caryophyllaceae	Cyperaceae	Caryophyllaceae
P002_WB11_00019 	Orobanchaceae	Orobanchaceae	Orobanchaceae	Orobanchaceae	Rosaceae	Orobanchaceae
P002_WB11_00021 	Orobanchaceae	Orobanchaceae	Orobanchaceae	Orobanchaceae	Orobanchaceae	Orobanchaceae
P002_WB12_00033 	Saxifragaceae	Saxifragaceae	Saxifragaceae	Saxifragaceae	Rosaceae	Crassulaceae
P002_WB12_00034 	Saxifragaceae	Saxifragaceae	Saxifragaceae	Saxifragaceae	Ranunculaceae	Saxifragaceae
P002_WC01_00013 	Rosaceae	Orobanchaceae	Orobanchaceae	Orobanchaceae	Orobanchaceae	Orobanchaceae
P002_WC01_00014 	Rosaceae	Orobanchaceae	Orobanchaceae	Orobanchaceae	Orobanchaceae	Orobanchaceae
P002_WC01_00138 	Rosaceae	Rosaceae	Orobanchaceae	Rosaceae	Rosaceae	Rosaceae
P002_WC01_00139 	Rosaceae	Rosaceae	Orobanchaceae	Rosaceae	Rosaceae	Rosaceae
P002_WC02_00086 	Fabaceae	Fabaceae	Fabaceae	Fabaceae	Fabaceae	Fabaceae
P002_WC02_00087 	Fabaceae	Fabaceae	Fabaceae	Fabaceae	Fabaceae	Fabaceae
P002_WC03_00085 	Orobanchaceae	Orobanchaceae	Brassicaceae	Orobanchaceae	Orobanchaceae	Orobanchaceae
P002_WC03_00087 	Orobanchaceae	Orobanchaceae	Orobanchaceae	Brassicaceae	Salicaceae	Orobanchaceae
P002_WC04_00016 	Asteraceae	Asteraceae	Juncaceae	Asteraceae	Asteraceae	Asteraceae
P002_WC04_00017 	Asteraceae	Asteraceae	Asteraceae	Juncaceae	Asteraceae	Asteraceae
P002_WC05_00006 	Apiaceae	Apiaceae	Apiaceae	Apiaceae	Apiaceae	Apiaceae
P002_WC05_00100 	Apiaceae	Apiaceae	Apiaceae	Apiaceae	Apiaceae	Apiaceae
P002_WC06_00082 	Juncaceae	Doryanthaceae	Juncaceae	Cyperaceae	Juncaceae	Juncaceae
P002_WC07_00055 	Ericaceae	Ericaceae	Ericaceae	Ericaceae	Ericaceae	Ericaceae
P002_WC08_00047 	Brassicaceae	Brassicaceae	Brassicaceae	Brassicaceae	Brassicaceae	Asteraceae
P002_WC08_00048 	Brassicaceae	Brassicaceae	Brassicaceae	Asteraceae	Brassicaceae	Brassicaceae
P002_WC09_00051 	Fabaceae	Fabaceae	Fabaceae	Fabaceae	Fabaceae	Fabaceae
P002_WC09_00052 	Fabaceae	Fabaceae	Fabaceae	Fabaceae	Fabaceae	Fabaceae
P002_WC10_00008 	Polygonaceae	Polygonaceae	Polygonaceae	Polygonaceae	Polygonaceae	Polygonaceae
P002_WC10_00009 	Polygonaceae	Polygonaceae	Polygonaceae	Polygonaceae	Polygonaceae	Cyperaceae
P002_WC11_00098 	Caryophyllaceae	Caryophyllaceae	Caryophyllaceae	Caryophyllaceae	Caryophyllaceae	Caryophyllaceae
P002_WC11_00099 	Caryophyllaceae	Caryophyllaceae	Caryophyllaceae	Caryophyllaceae	Caryophyllaceae	Caryophyllaceae
P002_WC12_00018 	Cyperaceae	Cyperaceae	Cyperaceae	Cyperaceae	Cyperaceae	Cyperaceae
P002_WC12_00019 	Cyperaceae	Cyperaceae	Cyperaceae	Asteraceae	Cyperaceae	Cyperaceae
P002_WD01_00063 	Orobanchaceae	Rosaceae	Orobanchaceae	Rosaceae	Rosaceae	Rosaceae
P002_WD01_00064 	Orobanchaceae	Rosaceae	Orobanchaceae	Rosaceae	Rosaceae	Rosaceae
P002_WD01_00156 	Orobanchaceae	Orobanchaceae	Orobanchaceae	Orobanchaceae	Orobanchaceae	Orobanchaceae
P002_WD01_00157 	Orobanchaceae	Orobanchaceae	Orobanchaceae	Orobanchaceae	Orobanchaceae	Orobanchaceae
P002_WD02_00019 	Violaceae	Violaceae	Violaceae	Rosaceae	Rosaceae	Rosaceae
P002_WD02_00020 	Violaceae	Violaceae	Violaceae	Salicaceae	Salicaceae	Salicaceae
P002_WD03_00097 	Asteraceae	Asteraceae	Asteraceae	Asteraceae	Asteraceae	Asteraceae
P002_WD03_00098 	Asteraceae	Asteraceae	Asteraceae	Asteraceae	Asteraceae	Asteraceae
P002_WD04_00063 	Rosaceae	Rosaceae	Rosaceae	Rosaceae	Rosaceae	Rosaceae
P002_WD04_00064 	Rosaceae	Rosaceae	Rosaceae	Rosaceae	Rosaceae	Orobanchaceae
P002_WD05_00068 	Plantaginaceae	Plantaginaceae	Plantaginaceae	Plantaginaceae	Plantaginaceae	Asteraceae
P002_WD05_00069 	Plantaginaceae	Scrophulariaceae	Lentibulariaceae	Lamiaceae	Lentibulariaceae	Asteraceae
P002_WD06_00028 	Poaceae	Poaceae	Poaceae	Poaceae	Poaceae	Poaceae
P002_WD07_00068 	Asteraceae	Asteraceae	Asteraceae	Plantaginaceae	Asteraceae	Poaceae
P002_WD07_00069 	Asteraceae	Asteraceae	Asteraceae	Poaceae	Asteraceae	Asteraceae
P002_WD08_00054 	Fabaceae	Fabaceae	Fabaceae	Fabaceae	Fabaceae	Fabaceae
P002_WD08_00056 	Fabaceae	Fabaceae	Fabaceae	Fabaceae	Fabaceae	Fabaceae
P002_WD09_00053 	Plumbaginaceae	Plumbaginaceae	Polygonaceae	Polygonaceae	Polygonaceae	Polygonaceae
P002_WD09_00054 	Plumbaginaceae	Plumbaginaceae	Polygonaceae	Polygonaceae	Polygonaceae	Polygonaceae
P002_WD10_00091 	Salicaceae	Salicaceae	Salicaceae	Salicaceae	Salicaceae	Salicaceae
P002_WD10_00092 	Salicaceae	Salicaceae	Salicaceae	Salicaceae	Salicaceae	Salicaceae
P002_WD11_00024 	Poaceae	Poaceae	Poaceae	Poaceae	Poaceae	Poaceae
P002_WD12_00086 	Polygonaceae	Polygonaceae	Polygonaceae	Polygonaceae	Cyperaceae	Polygonaceae
P002_WD12_00089 	Polygonaceae	Polygonaceae	Polygonaceae	Polygonaceae	Cyperaceae	Polygonaceae
P002_WE01_00080 	Asteraceae	Asteraceae	Poaceae	Plantaginaceae	Asteraceae	Asteraceae
P002_WE01_00082 	Asteraceae	Asteraceae	Asteraceae	Poaceae	Asteraceae	Asteraceae
P002_WE02_00040 	Plantaginaceae	Plantaginaceae	Plantaginaceae	Fabaceae	Plantaginaceae	Asteraceae
P002_WE02_00041 	Plantaginaceae	Plantaginaceae	Plantaginaceae	Plantaginaceae	Plantaginaceae	Asteraceae
P002_WE03_00028 	Ranunculaceae	Ranunculaceae	Caryophyllaceae	Ranunculaceae	Ranunculaceae	Ranunculaceae
P002_WE03_00029 	Ranunculaceae	Ranunculaceae	Ranunculaceae	Brassicaceae	Ranunculaceae	Ranunculaceae
P002_WE04_00071 	Ranunculaceae	Ranunculaceae	Ranunculaceae	Ranunculaceae	Ranunculaceae	Cyperaceae
P002_WE04_00072 	Ranunculaceae	Ranunculaceae	Ranunculaceae	Ranunculaceae	Ranunculaceae	Cyperaceae
P002_WE05_00062 	Campanulaceae	Campanulaceae	Campanulaceae	Campanulaceae	Campanulaceae	Campanulaceae
P002_WE05_00064 	Campanulaceae	Campanulaceae	Campanulaceae	Campanulaceae	Campanulaceae	Campanulaceae
P002_WE06_00066 	Caprifoliaceae	Caprifoliaceae	Caprifoliaceae	Rosaceae	Cyperaceae	Rosaceae
P002_WE06_00067 	Caprifoliaceae	Caprifoliaceae	Caprifoliaceae	Apiaceae	Apiaceae	Orobanchaceae
P002_WE07_00105 	Rosaceae	Caryophyllaceae	Caryophyllaceae	Caryophyllaceae	Caryophyllaceae	Caryophyllaceae
P002_WE07_00106 	Rosaceae	Caryophyllaceae	Caryophyllaceae	Caryophyllaceae	Caryophyllaceae	Caryophyllaceae
P002_WE07_00129 	Rosaceae	Rosaceae	Rosaceae	Rosaceae	Cyperaceae	Rosaceae
P002_WE07_00130 	Rosaceae	Rosaceae	Rosaceae	Rosaceae	Rosaceae	Cyperaceae
P002_WE08_00068 	Poaceae	Poaceae	Poaceae	Poaceae	Poaceae	Poaceae
P002_WE09_00052 	Betulaceae	Betulaceae	Betulaceae	Rosaceae	Rosaceae	Rosaceae
P002_WE09_00053 	Betulaceae	Betulaceae	Betulaceae	Salicaceae	Salicaceae	Salicaceae
P002_WE10_00058 	Saxifragaceae	Saxifragaceae	Saxifragaceae	Saxifragaceae	Saxifragaceae	Saxifragaceae
P002_WE10_00059 	Saxifragaceae	Saxifragaceae	Saxifragaceae	Saxifragaceae	Saxifragaceae	Saxifragaceae
P002_WE11_00075 	Poaceae	Poaceae	Poaceae	Poaceae	Poaceae	Poaceae
P002_WE12_00068 	Poaceae	Poaceae	Poaceae	Poaceae	Poaceae	Poaceae
P002_WF01_00022 	Poaceae	Asteraceae	Asteraceae	Poaceae	Asteraceae	Asteraceae
P002_WF01_00023 	Poaceae	Asteraceae	Plantaginaceae	Asteraceae	Asteraceae	Asteraceae
P002_WF01_00133 	Poaceae	Poaceae	Poaceae	Poaceae	Poaceae	Poaceae
P002_WF02_00091 	Plantaginaceae	Plantaginaceae	Fabaceae	Plantaginaceae	Plantaginaceae	Asteraceae
P002_WF02_00092 	Plantaginaceae	Plantaginaceae	Fabaceae	Plantaginaceae	Plantaginaceae	Asteraceae
P002_WF03_00078 	Caryophyllaceae	Caryophyllaceae	Caryophyllaceae	Caryophyllaceae	Caryophyllaceae	Caryophyllaceae
P002_WF03_00079 	Caryophyllaceae	Caryophyllaceae	Caryophyllaceae	Caryophyllaceae	Caryophyllaceae	Caryophyllaceae
P002_WF04_00084 	Orobanchaceae	Orobanchaceae	Orobanchaceae	Orobanchaceae	Orobanchaceae	Orobanchaceae
P002_WF04_00085 	Orobanchaceae	Orobanchaceae	Orobanchaceae	Orobanchaceae	Rosaceae	Orobanchaceae
P002_WF05_00030 	Ericaceae	Ericaceae	Ericaceae	Ericaceae	Ericaceae	Ericaceae
P002_WF06_00030 	Ericaceae	Ericaceae	Ericaceae	Ericaceae	Ericaceae	Ericaceae
P002_WF07_00100 	Caryophyllaceae	Caryophyllaceae	Caryophyllaceae	Caryophyllaceae	Caryophyllaceae	Caryophyllaceae
P002_WF07_00102 	Caryophyllaceae	Caryophyllaceae	Caryophyllaceae	Caryophyllaceae	Caryophyllaceae	Caryophyllaceae
P002_WF08_00026 	Poaceae	Poaceae	Poaceae	Poaceae	Poaceae	Poaceae
P002_WF09_00053 	Ericaceae	Ericaceae	Ericaceae	Ericaceae	Ericaceae	Ericaceae
P002_WF09_00056 	Ericaceae	Ericaceae	Ericaceae	Ericaceae	Ericaceae	Ericaceae
P002_WF10_00086 	Rosaceae	Rosaceae	Rosaceae	Rosaceae	Orobanchaceae	Rosaceae
P002_WF10_00087 	Rosaceae	Rosaceae	Rosaceae	Rosaceae	Rosaceae	Rosaceae
P002_WF11_00137 	Juncaceae	Doryanthaceae	Juncaceae	Juncaceae	Juncaceae	Cyperaceae
P002_WF12_00079 	Cyperaceae	Cyperaceae	Cyperaceae	Cyperaceae	Cyperaceae	Asteraceae
P002_WF12_00080 	Cyperaceae	Cyperaceae	Cyperaceae	Cyperaceae	Cyperaceae	Cyperaceae
P002_WG02_00146 	Fabaceae	Plantaginaceae	Fabaceae	Plantaginaceae	Plantaginaceae	Asteraceae
P002_WG02_00147 	Fabaceae	Plantaginaceae	Fabaceae	Plantaginaceae	Plantaginaceae	Asteraceae
P002_WG02_00178 	Fabaceae	Fabaceae	Fabaceae	Fabaceae	Fabaceae	Fabaceae
P002_WG02_00179 	Fabaceae	Fabaceae	Fabaceae	Fabaceae	Fabaceae	Fabaceae
P002_WG03_00017 	Liliaceae	Liliaceae	Liliaceae	Orchidaceae	Cyperaceae	Selaginellaceae
P002_WG03_00019 	Liliaceae	Liliaceae	Liliaceae	Tofieldiaceae	Caprifoliaceae	Cyperaceae
P002_WG04_00099 	Rosaceae	Rosaceae	Rosaceae	Rosaceae	Rosaceae	Rosaceae
P002_WG04_00100 	Rosaceae	Rosaceae	Rosaceae	Rosaceae	Rosaceae	Orobanchaceae
P002_WG05_00100 	Poaceae	Poaceae	Poaceae	Poaceae	Poaceae	Poaceae
P002_WG06_00053 	Juncaceae	Juncaceae	Juncaceae	Cyperaceae	Cyperaceae	Cyperaceae
P002_WG06_00054 	Juncaceae	Juncaceae	Juncaceae	Juncaceae	Cyperaceae	Juncaceae
P002_WG07_00126 	Cyperaceae	Cyperaceae	Cyperaceae	Asteraceae	Cyperaceae	Cyperaceae
P002_WG07_00127 	Cyperaceae	Cyperaceae	Cyperaceae	Cyperaceae	Cyperaceae	Cyperaceae
P002_WG08_00034 	Cyperaceae	Cyperaceae	Cyperaceae	Asteraceae	Cyperaceae	Cyperaceae
P002_WG08_00035 	Cyperaceae	Cyperaceae	Cyperaceae	Cyperaceae	Cyperaceae	Cyperaceae
P002_WG09_00103 	Salicaceae	Salicaceae	Salicaceae	Salicaceae	Salicaceae	Salicaceae
P002_WG09_00104 	Salicaceae	Salicaceae	Salicaceae	Salicaceae	Salicaceae	Salicaceae
P002_WG10_00084 	Saxifragaceae	Saxifragaceae	Saxifragaceae	Brassicaceae	Saxifragaceae	Saxifragaceae
P002_WG10_00086 	Saxifragaceae	Saxifragaceae	Saxifragaceae	Saxifragaceae	Crassulaceae	Crassulaceae
P002_WG11_00008 	Salicaceae	Salicaceae	Salicaceae	Salicaceae	Salicaceae	Salicaceae
P002_WG11_00009 	Salicaceae	Salicaceae	Salicaceae	Salicaceae	Salicaceae	Salicaceae
P002_WG12_00044 	Ericaceae	Ericaceae	Ericaceae	Ericaceae	Ericaceae	Ericaceae
P002_WG12_00045 	Ericaceae	Ericaceae	Ericaceae	Ericaceae	Ericaceae	Ericaceae
P002_WH01_00085 	Ranunculaceae	Ranunculaceae	Ranunculaceae	Cyperaceae	Selaginellaceae	Ranunculaceae
P002_WH01_00086 	Ranunculaceae	Ranunculaceae	Ranunculaceae	Ranunculaceae	Ranunculaceae	Cyperaceae
P002_WH02_00057 	Crassulaceae	Crassulaceae	Crassulaceae	Crassulaceae	Crassulaceae	Saxifragaceae
P002_WH02_00058 	Crassulaceae	Crassulaceae	Crassulaceae	Crassulaceae	Crassulaceae	Saxifragaceae
P002_WH03_00002 	Rubiaceae	Rubiaceae	Rubiaceae	Rubiaceae	Primulaceae	Primulaceae
P002_WH03_00003 	Rubiaceae	Rubiaceae	Rubiaceae	Rubiaceae	Gentianaceae	Gentianaceae
P002_WH04_00054 	Apiaceae	Apiaceae	Apiaceae	Apiaceae	Apiaceae	Apiaceae
P002_WH04_00056 	Apiaceae	Apiaceae	Apiaceae	Apiaceae	Apiaceae	Apiaceae
P002_WH05_00057 	Ranunculaceae	Ranunculaceae	Ranunculaceae	Ranunculaceae	Ranunculaceae	Cyperaceae
P002_WH05_00058 	Ranunculaceae	Ranunculaceae	Ranunculaceae	Ranunculaceae	Ranunculaceae	Cyperaceae
P002_WH06_00041 	Asteraceae	Asteraceae	Asteraceae	Asteraceae	Asteraceae	Asteraceae
P002_WH06_00042 	Asteraceae	Asteraceae	Asteraceae	Asteraceae	Asteraceae	Asteraceae
P002_WH07_00089 	Caryophyllaceae	Caryophyllaceae	Caryophyllaceae	Caryophyllaceae	Cyperaceae	Caryophyllaceae
P002_WH07_00091 	Caryophyllaceae	Caryophyllaceae	Caryophyllaceae	Caryophyllaceae	Cyperaceae	Caryophyllaceae
P002_WH08_00115 	Cyperaceae	Cyperaceae	Cyperaceae	Cyperaceae	Cyperaceae	Cyperaceae
P002_WH08_00116 	Cyperaceae	Cyperaceae	Cyperaceae	Cyperaceae	Cyperaceae	Cyperaceae
P002_WH09_00026 	Ericaceae	Ericaceae	Ericaceae	Ericaceae	Ericaceae	Ericaceae
P002_WH10_00102 	Poaceae	Poaceae	Poaceae	Poaceae	Poaceae	Poaceae
P002_WH11_00059 	Brassicaceae	Brassicaceae	Brassicaceae	Brassicaceae	Papaveraceae	Brassicaceae
P002_WH11_00061 	Brassicaceae	Brassicaceae	Brassicaceae	Brassicaceae	Papaveraceae	Asteraceae
P002_WH12_00077 	Orobanchaceae	Orobanchaceae	Orobanchaceae	Orobanchaceae	Rosaceae	Orobanchaceae
P002_WH12_00078 	Orobanchaceae	Orobanchaceae	Orobanchaceae	Orobanchaceae	Orobanchaceae	Orobanchaceae
P003_WA01_00041 	Rosaceae	Rosaceae	Rosaceae	Rosaceae	Rosaceae	Orobanchaceae
P003_WA01_00043 	Rosaceae	Rosaceae	Rosaceae	Orobanchaceae	Rosaceae	Rosaceae
P003_WA02_00057 	Poaceae	Poaceae	Poaceae	Poaceae	Poaceae	Poaceae
P003_WA03_00100 	Polygonaceae	Polygonaceae	Polygonaceae	Polygonaceae	Polygonaceae	Polygonaceae
P003_WA03_00102 	Polygonaceae	Polygonaceae	Polygonaceae	Polygonaceae	Polygonaceae	Cyperaceae
P003_WA04_00091 	Crassulaceae	Crassulaceae	Crassulaceae	Crassulaceae	Crassulaceae	Saxifragaceae
P003_WA04_00092 	Crassulaceae	Crassulaceae	Crassulaceae	Crassulaceae	Crassulaceae	Saxifragaceae
P003_WA05_00093 	Papaveraceae	Brassicaceae	Brassicaceae	Brassicaceae	Brassicaceae	Brassicaceae
P003_WA05_00094 	Papaveraceae	Brassicaceae	Brassicaceae	Brassicaceae	Brassicaceae	Asteraceae
P003_WA06_00025 	Poaceae	Poaceae	Poaceae	Orobanchaceae	Poaceae	Poaceae
P003_WA07_00087 	Cyperaceae	Cyperaceae	Cyperaceae	Asteraceae	Cyperaceae	Cyperaceae
P003_WA07_00088 	Cyperaceae	Cyperaceae	Cyperaceae	Cyperaceae	Cyperaceae	Onagraceae
P003_WA08_00101 	Asteraceae	Asteraceae	Asteraceae	Asteraceae	Asteraceae	Asteraceae
P003_WA08_00102 	Asteraceae	Asteraceae	Asteraceae	Asteraceae	Asteraceae	Asteraceae
P003_WA09_00056 	Caryophyllaceae	Caryophyllaceae	Caryophyllaceae	Caryophyllaceae	Cyperaceae	Caryophyllaceae
P003_WA09_00058 	Caryophyllaceae	Caryophyllaceae	Caryophyllaceae	Ranunculaceae	Caryophyllaceae	Ranunculaceae
P003_WA09_00059 	Caryophyllaceae	Caryophyllaceae	Caryophyllaceae	Caryophyllaceae	Cyperaceae	Caryophyllaceae
P003_WA10_00077 	Gentianaceae	Gentianaceae	Gentianaceae	Gentianaceae	Gentianaceae	Gentianaceae
P003_WA10_00078 	Gentianaceae	Gentianaceae	Gentianaceae	Gentianaceae	Gentianaceae	Gentianaceae
P003_WA10_00141 	Gentianaceae	Primulaceae	Primulaceae	Primulaceae	Primulaceae	Primulaceae
P003_WA11_00022 	Primulaceae	Primulaceae	Primulaceae	Primulaceae	Primulaceae	Primulaceae
P003_WA11_00023 	Primulaceae	Primulaceae	Primulaceae	Primulaceae	Primulaceae	Primulaceae
P003_WB01_00048 	Asteraceae	Asteraceae	Asteraceae	Asteraceae	Asteraceae	Asteraceae
P003_WB01_00049 	Asteraceae	Asteraceae	Asteraceae	Asteraceae	Asteraceae	Asteraceae
P003_WB02_00083 	Rubiaceae	Rubiaceae	Rubiaceae	Rubiaceae	Gentianaceae	Gentianaceae
P003_WB02_00084 	Rubiaceae	Rubiaceae	Rubiaceae	Rubiaceae	Plantaginaceae	Asteraceae
P003_WB03_00099 	Equisetaceae	Equisetaceae	Equisetaceae	Equisetaceae	Equisetaceae	Equisetaceae
P003_WB03_00100 	Equisetaceae	Equisetaceae	Equisetaceae	Equisetaceae	Equisetaceae	Equisetaceae
P003_WB04_00040 	Cyperaceae	Cyperaceae	Cyperaceae	Asteraceae	Cyperaceae	Cyperaceae
P003_WB04_00041 	Cyperaceae	Cyperaceae	Cyperaceae	Cyperaceae	Cyperaceae	Cyperaceae
P003_WB05_00024 	Salicaceae	Saxifragaceae	Saxifragaceae	Saxifragaceae	Saxifragaceae	Saxifragaceae
P003_WB06_00015 	Caryophyllaceae	Caryophyllaceae	Caryophyllaceae	Caryophyllaceae	Caryophyllaceae	Caryophyllaceae
P003_WB06_00016 	Caryophyllaceae	Caryophyllaceae	Caryophyllaceae	Caryophyllaceae	Caryophyllaceae	Caryophyllaceae
P003_WB07_00094 	Ericaceae	Ericaceae	Ericaceae	Ericaceae	Ericaceae	Ericaceae
P003_WB07_00095 	Ericaceae	Ericaceae	Ericaceae	Ericaceae	Ericaceae	Ericaceae
P003_WB08_00016 	Asteraceae	Cyperaceae	Cyperaceae	Asteraceae	Cyperaceae	Cyperaceae
P003_WB08_00178 	Asteraceae	Asteraceae	Poaceae	Asteraceae	Asteraceae	Asteraceae
P003_WB08_00179 	Asteraceae	Asteraceae	Asteraceae	Poaceae	Asteraceae	Asteraceae
P003_WB09_00054 	Cyperaceae	Cyperaceae	Cyperaceae	Cyperaceae	Cyperaceae	Cyperaceae
P003_WB09_00055 	Cyperaceae	Cyperaceae	Cyperaceae	Asteraceae	Cyperaceae	Cyperaceae
P003_WB10_00049 	Fabaceae	Fabaceae	Fabaceae	Fabaceae	Fabaceae	Fabaceae
P003_WB10_00050 	Fabaceae	Fabaceae	Fabaceae	Fabaceae	Fabaceae	Fabaceae
P003_WB11_00035 	Apiaceae	Apiaceae	Apiaceae	Apiaceae	Apiaceae	Apiaceae
P003_WB11_00036 	Apiaceae	Apiaceae	Apiaceae	Apiaceae	Apiaceae	Apiaceae
P003_WC01_00043 	Polygonaceae	Polygonaceae	Polygonaceae	Polygonaceae	Polygonaceae	Polygonaceae
P003_WC01_00044 	Polygonaceae	Polygonaceae	Polygonaceae	Polygonaceae	Polygonaceae	Cyperaceae
P003_WC02_00098 	Ericaceae	Ericaceae	Ericaceae	Ericaceae	Ericaceae	Ericaceae
P003_WC03_00066 	Ranunculaceae	Ranunculaceae	Cyperaceae	Selaginellaceae	Ranunculaceae	Cyperaceae
P003_WC03_00067 	Ranunculaceae	Ranunculaceae	Ranunculaceae	Cyperaceae	Cyperaceae	Selaginellaceae
P003_WC04_00145 	Cyperaceae	Cyperaceae	Cyperaceae	Cyperaceae	Cyperaceae	Cyperaceae
P003_WC04_00146 	Cyperaceae	Cyperaceae	Cyperaceae	Cyperaceae	Cyperaceae	Cyperaceae
P003_WC05_00147 	Saxifragaceae	Salicaceae	Salicaceae	Salicaceae	Salicaceae	Salicaceae
P003_WC05_00148 	Saxifragaceae	Salicaceae	Salicaceae	Salicaceae	Salicaceae	Salicaceae
P003_WC06_00085 	Primulaceae	Primulaceae	Primulaceae	Primulaceae	Primulaceae	Primulaceae
P003_WC06_00086 	Primulaceae	Primulaceae	Primulaceae	Primulaceae	Primulaceae	Primulaceae
P003_WC07_00025 	Juncaceae	Doryanthaceae	Juncaceae	Juncaceae	Juncaceae	Cyperaceae
P003_WC07_00187 	Juncaceae	Brassicaceae	Brassicaceae	Asteraceae	Brassicaceae	Brassicaceae
P003_WC07_00188 	Juncaceae	Brassicaceae	Brassicaceae	Brassicaceae	Asteraceae	Brassicaceae
P003_WC08_00066 	Poaceae	Poaceae	Poaceae	Poaceae	Poaceae	Poaceae
P003_WC09_00015 	Cyperaceae	Cyperaceae	Cyperaceae	Cyperaceae	Cyperaceae	Cyperaceae
P003_WC09_00016 	Cyperaceae	Cyperaceae	Cyperaceae	Cyperaceae	Cyperaceae	Cyperaceae
P003_WC10_00107 	Asteraceae	Asteraceae	Asteraceae	Asteraceae	Asteraceae	Asteraceae
P003_WC10_00108 	Asteraceae	Asteraceae	Asteraceae	Asteraceae	Asteraceae	Asteraceae
P003_WC11_00067 	Asteraceae	Asteraceae	Asteraceae	Asteraceae	Asteraceae	Asteraceae
P003_WC11_00068 	Asteraceae	Asteraceae	Asteraceae	Asteraceae	Asteraceae	Asteraceae
P003_WC12_00068 	Juncaceae	Asteraceae	Juncaceae	Asteraceae	Asteraceae	Asteraceae
P003_WC12_00069 	Juncaceae	Asteraceae	Asteraceae	Asteraceae	Asteraceae	Asteraceae
P003_WC12_00208 	Juncaceae	Doryanthaceae	Juncaceae	Juncaceae	Juncaceae	Cyperaceae
P003_WD01_00055 	Ericaceae	Ericaceae	Ericaceae	Ericaceae	Ericaceae	Ericaceae
P003_WD02_00081 	Brassicaceae	Brassicaceae	Brassicaceae	Brassicaceae	Papaveraceae	Asteraceae
P003_WD02_00083 	Brassicaceae	Brassicaceae	Brassicaceae	Brassicaceae	Papaveraceae	Brassicaceae
P003_WD03_00019 	Lentibulariaceae	Lentibulariaceae	Lentibulariaceae	Lentibulariaceae	Lamiaceae	Plantaginaceae
P003_WD03_00020 	Lentibulariaceae	Lentibulariaceae	Lentibulariaceae	Lentibulariaceae	Plantaginaceae	Lamiaceae
P003_WD04_00044 	Fabaceae	Fabaceae	Fabaceae	Fabaceae	Fabaceae	Fabaceae
P003_WD04_00045 	Fabaceae	Fabaceae	Fabaceae	Fabaceae	Fabaceae	Fabaceae
P003_WD05_00089 	Brassicaceae	Papaveraceae	Papaveraceae	Rosaceae	Cyperaceae	Rosaceae
P003_WD05_00090 	Brassicaceae	Papaveraceae	Papaveraceae	Ranunculaceae	Cyperaceae	Selaginellaceae
P003_WD06_00093 	Ranunculaceae	Ranunculaceae	Ranunculaceae	Ranunculaceae	Brassicaceae	Ranunculaceae
P003_WD06_00094 	Ranunculaceae	Ranunculaceae	Ranunculaceae	Caryophyllaceae	Ranunculaceae	Ranunculaceae
P003_WD07_00073 	Brassicaceae	Brassicaceae	Brassicaceae	Asteraceae	Brassicaceae	Brassicaceae
P003_WD07_00074 	Brassicaceae	Brassicaceae	Brassicaceae	Brassicaceae	Asteraceae	Brassicaceae
P003_WD08_00065 	Caryophyllaceae	Caryophyllaceae	Caryophyllaceae	Caryophyllaceae	Cyperaceae	Caryophyllaceae
P003_WD08_00066 	Caryophyllaceae	Caryophyllaceae	Caryophyllaceae	Caryophyllaceae	Cyperaceae	Caryophyllaceae
P003_WD09_00016 	Salicaceae	Salicaceae	Salicaceae	Salicaceae	Salicaceae	Salicaceae
P003_WD09_00017 	Salicaceae	Salicaceae	Salicaceae	Salicaceae	Salicaceae	Salicaceae
P003_WD10_00104 	Caryophyllaceae	Caryophyllaceae	Caryophyllaceae	Rosaceae	Caryophyllaceae	Caryophyllaceae
P003_WD10_00106 	Caryophyllaceae	Caryophyllaceae	Rosaceae	Caryophyllaceae	Caryophyllaceae	Caryophyllaceae
P003_WD11_00102 	Primulaceae	Primulaceae	Primulaceae	Primulaceae	Primulaceae	Primulaceae
P003_WD11_00103 	Primulaceae	Primulaceae	Primulaceae	Primulaceae	Primulaceae	Primulaceae
P003_WD12_00072 	Plantaginaceae	Plantaginaceae	Plantaginaceae	Plantaginaceae	Asteraceae	Fabaceae
P003_WD12_00073 	Plantaginaceae	Plantaginaceae	Asteraceae	Plantaginaceae	Plantaginaceae	Fabaceae
P003_WD12_00136 	Plantaginaceae	Asteraceae	Asteraceae	Poaceae	Asteraceae	Asteraceae
P003_WD12_00137 	Plantaginaceae	Asteraceae	Asteraceae	Asteraceae	Poaceae	Asteraceae
P003_WE01_00072 	Orobanchaceae	Orobanchaceae	Onagraceae	Orobanchaceae	Orobanchaceae	Orobanchaceae
P003_WE01_00073 	Orobanchaceae	Orobanchaceae	Onagraceae	Rosaceae	Orobanchaceae	Orobanchaceae
P003_WE02_00025 	Poaceae	Poaceae	Poaceae	Poaceae	Poaceae	Poaceae
P003_WE02_00175 	Poaceae	Asteraceae	Poaceae	Asteraceae	Asteraceae	Asteraceae
P003_WE02_00176 	Poaceae	Asteraceae	Asteraceae	Poaceae	Asteraceae	Asteraceae
P003_WE03_00027 	Equisetaceae	Equisetaceae	Equisetaceae	Equisetaceae	Equisetaceae	Equisetaceae
P003_WE03_00028 	Equisetaceae	Equisetaceae	Equisetaceae	Equisetaceae	Equisetaceae	Equisetaceae
P003_WE04_00063 	Poaceae	Poaceae	Poaceae	Poaceae	Poaceae	Poaceae
P003_WE05_00049 	Asteraceae	Brassicaceae	Brassicaceae	Papaveraceae	Brassicaceae	Brassicaceae
P003_WE05_00051 	Asteraceae	Brassicaceae	Brassicaceae	Papaveraceae	Juncaceae	Brassicaceae
P003_WE07_00005 	Cyperaceae	Cyperaceae	Cyperaceae	Cyperaceae	Cyperaceae	Cyperaceae
P003_WE07_00006 	Cyperaceae	Cyperaceae	Cyperaceae	Asteraceae	Cyperaceae	Cyperaceae
P003_WE08_00107 	Plantaginaceae	Plantaginaceae	Plantaginaceae	Plantaginaceae	Asteraceae	Fabaceae
P003_WE08_00109 	Plantaginaceae	Plantaginaceae	Plantaginaceae	Plantaginaceae	Asteraceae	Fabaceae
P003_WE09_00009 	Salicaceae	Salicaceae	Salicaceae	Salicaceae	Salicaceae	Salicaceae
P003_WE09_00010 	Salicaceae	Salicaceae	Salicaceae	Salicaceae	Salicaceae	Salicaceae
P003_WE10_00044 	Orobanchaceae	Orobanchaceae	Orobanchaceae	Orobanchaceae	Orobanchaceae	Orobanchaceae
P003_WE10_00081 	Orobanchaceae	Orobanchaceae	Orobanchaceae	Rosaceae	Orobanchaceae	Orobanchaceae
P003_WE11_00167 	Cyperaceae	Cyperaceae	Cyperaceae	Cyperaceae	Cyperaceae	Cyperaceae
P003_WE11_00168 	Cyperaceae	Cyperaceae	Cyperaceae	Cyperaceae	Cyperaceae	Cyperaceae
P003_WE11_00249 	Cyperaceae	Doryanthaceae	Juncaceae	Juncaceae	Juncaceae	Juncaceae
P003_WE12_00028 	Caryophyllaceae	Caryophyllaceae	Ranunculaceae	Caryophyllaceae	Caryophyllaceae	Caryophyllaceae
P003_WE12_00030 	Caryophyllaceae	Caryophyllaceae	Ranunculaceae	Caryophyllaceae	Caryophyllaceae	Caryophyllaceae
P003_WE12_00192 	Caryophyllaceae	Ranunculaceae	Ranunculaceae	Ranunculaceae	Ranunculaceae	Ranunculaceae
P003_WE12_00193 	Caryophyllaceae	Ranunculaceae	Ranunculaceae	Ranunculaceae	Ranunculaceae	Ranunculaceae
P003_WF01_00036 	Onagraceae	Orobanchaceae	Onagraceae	Rosaceae	Orobanchaceae	Orobanchaceae
P003_WF01_00037 	Onagraceae	Orobanchaceae	Onagraceae	Orobanchaceae	Orobanchaceae	Orobanchaceae
P003_WF01_00046 	Onagraceae	Cyperaceae	Cyperaceae	Orobanchaceae	Cyperaceae	Cyperaceae
P003_WF01_00047 	Onagraceae	Cyperaceae	Cyperaceae	Asteraceae	Cyperaceae	Cyperaceae
P003_WF01_00155 	Onagraceae	Onagraceae	Cyperaceae	Rosaceae	Rosaceae	Rosaceae
P003_WF01_00156 	Onagraceae	Onagraceae	Crassulaceae	Saxifragaceae	Saxifragaceae	Ranunculaceae
P003_WF02_00083 	Rosaceae	Rosaceae	Rosaceae	Cyperaceae	Rosaceae	Rosaceae
P003_WF02_00085 	Rosaceae	Rosaceae	Rosaceae	Rosaceae	Cyperaceae	Rosaceae
P003_WF03_00063 	Cyperaceae	Cyperaceae	Cyperaceae	Cyperaceae	Cyperaceae	Asteraceae
P003_WF03_00064 	Cyperaceae	Cyperaceae	Cyperaceae	Cyperaceae	Cyperaceae	Cyperaceae
P003_WF04_00100 	Brassicaceae	Brassicaceae	Brassicaceae	Brassicaceae	Asteraceae	Brassicaceae
P003_WF04_00101 	Brassicaceae	Brassicaceae	Brassicaceae	Brassicaceae	Brassicaceae	Asteraceae
P003_WF05_00057 	Orobanchaceae	Gentianaceae	Gentianaceae	Gentianaceae	Gentianaceae	Gentianaceae
P003_WF05_00058 	Orobanchaceae	Gentianaceae	Gentianaceae	Gentianaceae	Gentianaceae	Gentianaceae
P003_WF06_00104 	Asteraceae	Asteraceae	Juncaceae	Asteraceae	Asteraceae	Asteraceae
P003_WF06_00105 	Asteraceae	Asteraceae	Juncaceae	Asteraceae	Asteraceae	Asteraceae
P003_WF07_00106 	Caryophyllaceae	Caryophyllaceae	Caryophyllaceae	Caryophyllaceae	Caryophyllaceae	Caryophyllaceae
P003_WF07_00107 	Caryophyllaceae	Caryophyllaceae	Caryophyllaceae	Caryophyllaceae	Caryophyllaceae	Caryophyllaceae
P003_WF08_00068 	Salicaceae	Salicaceae	Salicaceae	Salicaceae	Salicaceae	Salicaceae
P003_WF08_00070 	Salicaceae	Salicaceae	Salicaceae	Salicaceae	Salicaceae	Salicaceae
P003_WF09_00088 	Gentianaceae	Gentianaceae	Gentianaceae	Gentianaceae	Gentianaceae	Gentianaceae
P003_WF09_00089 	Gentianaceae	Gentianaceae	Gentianaceae	Gentianaceae	Gentianaceae	Gentianaceae
P003_WF10_00047 	Caryophyllaceae	Caryophyllaceae	Caryophyllaceae	Rosaceae	Caryophyllaceae	Caryophyllaceae
P003_WF10_00048 	Caryophyllaceae	Caryophyllaceae	Caryophyllaceae	Rosaceae	Caryophyllaceae	Caryophyllaceae
P003_WF11_00044 	Ranunculaceae	Ranunculaceae	Ranunculaceae	Ranunculaceae	Ranunculaceae	Ranunculaceae
P003_WF11_00045 	Ranunculaceae	Ranunculaceae	Ranunculaceae	Ranunculaceae	Ranunculaceae	Ranunculaceae
P003_WF11_00205 	Ranunculaceae	Caryophyllaceae	Ranunculaceae	Caryophyllaceae	Caryophyllaceae	Caryophyllaceae
P003_WF11_00206 	Ranunculaceae	Caryophyllaceae	Ranunculaceae	Caryophyllaceae	Caryophyllaceae	Caryophyllaceae
P003_WF12_00088 	Poaceae	Poaceae	Poaceae	Poaceae	Poaceae	Poaceae
P003_WG01_00043 	Ranunculaceae	Ranunculaceae	Cyperaceae	Ranunculaceae	Cyperaceae	Selaginellaceae
P003_WG01_00045 	Ranunculaceae	Ranunculaceae	Cyperaceae	Ranunculaceae	Ranunculaceae	Ranunculaceae
P003_WG02_00075 	Cyperaceae	Cyperaceae	Cyperaceae	Orobanchaceae	Cyperaceae	Cyperaceae
P003_WG02_00076 	Cyperaceae	Cyperaceae	Onagraceae	Cyperaceae	Cyperaceae	Cyperaceae
P003_WG02_00344 	Cyperaceae	Rosaceae	Rosaceae	Rosaceae	Rosaceae	Rosaceae
P003_WG02_00346 	Cyperaceae	Rosaceae	Rosaceae	Cyperaceae	Rosaceae	Rosaceae
P003_WG02_00383 	Cyperaceae	Ranunculaceae	Cyperaceae	Ranunculaceae	Ranunculaceae	Ranunculaceae
P003_WG02_00384 	Cyperaceae	Ranunculaceae	Cyperaceae	Ranunculaceae	Cyperaceae	Selaginellaceae
P003_WG03_00035 	Primulaceae	Primulaceae	Primulaceae	Primulaceae	Primulaceae	Primulaceae
P003_WG03_00036 	Primulaceae	Primulaceae	Primulaceae	Primulaceae	Primulaceae	Primulaceae
P003_WG04_00023 	Brassicaceae	Brassicaceae	Brassicaceae	Brassicaceae	Brassicaceae	Asteraceae
P003_WG04_00024 	Brassicaceae	Brassicaceae	Brassicaceae	Asteraceae	Brassicaceae	Brassicaceae
P003_WG05_00069 	Asteraceae	Asteraceae	Asteraceae	Asteraceae	Asteraceae	Asteraceae
P003_WG05_00071 	Asteraceae	Asteraceae	Asteraceae	Asteraceae	Asteraceae	Asteraceae
P003_WG06_00053 	Lentibulariaceae	Lentibulariaceae	Lentibulariaceae	Lentibulariaceae	Lamiaceae	Plantaginaceae
P003_WG06_00055 	Lentibulariaceae	Lentibulariaceae	Lentibulariaceae	Lentibulariaceae	Plantaginaceae	Lamiaceae
P003_WG07_00074 	Orobanchaceae	Orobanchaceae	Orobanchaceae	Orobanchaceae	Orobanchaceae	Orobanchaceae
P003_WG07_00075 	Orobanchaceae	Orobanchaceae	Orobanchaceae	Rosaceae	Orobanchaceae	Orobanchaceae
P003_WG08_00071 	Brassicaceae	Brassicaceae	Brassicaceae	Brassicaceae	Papaveraceae	Brassicaceae
P003_WG08_00073 	Brassicaceae	Brassicaceae	Brassicaceae	Brassicaceae	Papaveraceae	Asteraceae
P003_WG08_00173 	Brassicaceae	Saxifragaceae	Saxifragaceae	Saxifragaceae	Saxifragaceae	Saxifragaceae
P003_WG08_00174 	Brassicaceae	Saxifragaceae	Saxifragaceae	Saxifragaceae	Saxifragaceae	Saxifragaceae
P003_WG09_00026 	Poaceae	Poaceae	Poaceae	Poaceae	Poaceae	Poaceae
P003_WG10_00028 	Juncaceae	Juncaceae	Juncaceae	Juncaceae	Juncaceae	Cyperaceae
P003_WG10_00029 	Juncaceae	Juncaceae	Juncaceae	Juncaceae	Juncaceae	Cyperaceae
P003_WG11_00148 	Asteraceae	Plantaginaceae	Asteraceae	Plantaginaceae	Plantaginaceae	Fabaceae
P003_WG11_00149 	Asteraceae	Plantaginaceae	Plantaginaceae	Plantaginaceae	Asteraceae	Fabaceae
P003_WG11_00360 	Asteraceae	Asteraceae	Asteraceae	Poaceae	Asteraceae	Asteraceae
P003_WG11_00361 	Asteraceae	Asteraceae	Asteraceae	Asteraceae	Poaceae	Asteraceae
P003_WG11_00387 	Asteraceae	Cyperaceae	Cyperaceae	Cyperaceae	Cyperaceae	Polygonaceae
P003_WG11_00388 	Asteraceae	Cyperaceae	Cyperaceae	Cyperaceae	Cyperaceae	Cyperaceae
P003_WG12_00066 	Cyperaceae	Cyperaceae	Cyperaceae	Cyperaceae	Cyperaceae	Cyperaceae
P003_WG12_00067 	Cyperaceae	Cyperaceae	Cyperaceae	Onagraceae	Cyperaceae	Cyperaceae
P003_WH01_00044 	Orobanchaceae	Orobanchaceae	Rosaceae	Orobanchaceae	Orobanchaceae	Orobanchaceae
P003_WH01_00046 	Orobanchaceae	Orobanchaceae	Orobanchaceae	Orobanchaceae	Orobanchaceae	Orobanchaceae
P003_WH02_00048 	Orobanchaceae	Cyperaceae	Cyperaceae	Orobanchaceae	Cyperaceae	Cyperaceae
P003_WH02_00053 	Orobanchaceae	Orobanchaceae	Orobanchaceae	Brassicaceae	Orobanchaceae	Orobanchaceae
P003_WH02_00055 	Orobanchaceae	Orobanchaceae	Orobanchaceae	Brassicaceae	Orobanchaceae	Plantaginaceae
P003_WH03_00078 	Primulaceae	Primulaceae	Primulaceae	Primulaceae	Primulaceae	Primulaceae
P003_WH03_00079 	Primulaceae	Primulaceae	Primulaceae	Primulaceae	Primulaceae	Primulaceae
P003_WH04_00106 	Cyperaceae	Papaveraceae	Caprifoliaceae	Rosaceae	Primulaceae	Primulaceae
P003_WH04_00108 	Cyperaceae	Papaveraceae	Ranunculaceae	Cyperaceae	Selaginellaceae	Ranunculaceae
P003_WH05_00066 	Campanulaceae	Campanulaceae	Campanulaceae	Campanulaceae	Campanulaceae	Campanulaceae
P003_WH05_00067 	Campanulaceae	Campanulaceae	Campanulaceae	Campanulaceae	Campanulaceae	Campanulaceae
P003_WH06_00104 	Saxifragaceae	Saxifragaceae	Saxifragaceae	Saxifragaceae	Saxifragaceae	Saxifragaceae
P003_WH06_00105 	Saxifragaceae	Saxifragaceae	Brassicaceae	Saxifragaceae	Saxifragaceae	Saxifragaceae
P003_WH07_00091 	Ranunculaceae	Saxifragaceae	Ranunculaceae	Saxifragaceae	Saxifragaceae	Saxifragaceae
P003_WH07_00093 	Ranunculaceae	Saxifragaceae	Ranunculaceae	Saxifragaceae	Saxifragaceae	Saxifragaceae
P003_WH08_00067 	Papaveraceae	Papaveraceae	Papaveraceae	Rosaceae	Cyperaceae	Rosaceae
P003_WH08_00068 	Papaveraceae	Papaveraceae	Papaveraceae	Ranunculaceae	Cyperaceae	Selaginellaceae
P003_WH09_00094 	Saxifragaceae	Saxifragaceae	Saxifragaceae	Saxifragaceae	Saxifragaceae	Saxifragaceae
P003_WH09_00095 	Saxifragaceae	Saxifragaceae	Saxifragaceae	Saxifragaceae	Saxifragaceae	Saxifragaceae
P003_WH10_00062 	Brassicaceae	Brassicaceae	Asteraceae	Brassicaceae	Papaveraceae	Brassicaceae
P003_WH10_00064 	Brassicaceae	Brassicaceae	Brassicaceae	Brassicaceae	Papaveraceae	Brassicaceae
P003_WH11_00024 	Asteraceae	Asteraceae	Juncaceae	Asteraceae	Asteraceae	Asteraceae
P003_WH11_00025 	Asteraceae	Asteraceae	Asteraceae	Asteraceae	Asteraceae	Asteraceae
P003_WH12_00070 	Cyperaceae	Cyperaceae	Cyperaceae	Cyperaceae	Cyperaceae	Cyperaceae
P003_WH12_00071 	Cyperaceae	Cyperaceae	Asteraceae	Cyperaceae	Cyperaceae	Cyperaceae
P004_WA02_00069 	Primulaceae	Primulaceae	Primulaceae	Primulaceae	Primulaceae	Primulaceae
P004_WA02_00070 	Primulaceae	Primulaceae	Primulaceae	Primulaceae	Primulaceae	Primulaceae
P004_WB01_00104 	Poaceae	Poaceae	Poaceae	Poaceae	Poaceae	Poaceae
P004_WB02_00026 	Ericaceae	Ericaceae	Ericaceae	Ericaceae	Ericaceae	Ericaceae
P004_WB02_00028 	Ericaceae	Ericaceae	Ericaceae	Ericaceae	Ericaceae	Ericaceae
P004_WC01_00024 	Poaceae	Poaceae	Poaceae	Poaceae	Poaceae	Poaceae
P004_WC02_00009 	Polygonaceae	Polygonaceae	Polygonaceae	Polygonaceae	Polygonaceae	Polygonaceae
P004_WC02_00010 	Polygonaceae	Polygonaceae	Polygonaceae	Polygonaceae	Polygonaceae	Cyperaceae
P004_WD01_00062 	Poaceae	Poaceae	Poaceae	Poaceae	Poaceae	Poaceae
P004_WD02_00082 	Asteraceae	Asteraceae	Poaceae	Asteraceae	Asteraceae	Asteraceae
P004_WD02_00083 	Asteraceae	Asteraceae	Asteraceae	Poaceae	Asteraceae	Asteraceae
P004_WF01_00013 	Cupressaceae	Cupressaceae	Cupressaceae	Tofieldiaceae	Brassicaceae	Primulaceae
P004_WG01_00052 	Rosaceae	Rosaceae	Rosaceae	Rosaceae	Rosaceae	Rosaceae
P004_WG01_00053 	Rosaceae	Rosaceae	Rosaceae	Rosaceae	Orobanchaceae	Rosaceae
P004_WH01_00048 	Caryophyllaceae	Caryophyllaceae	Caryophyllaceae	Rosaceae	Caryophyllaceae	Caryophyllaceae
P004_WH01_00049 	Caryophyllaceae	Caryophyllaceae	Caryophyllaceae	Caryophyllaceae	Caryophyllaceae	Caryophyllaceae
P8807_501_00066 	Ericaceae	Ericaceae	Ericaceae	Ericaceae	Ericaceae	Ericaceae
P8807_501_00067 	Ericaceae	Ericaceae	Ericaceae	Ericaceae	Ericaceae	Ericaceae
P8807_503_00072 	Ericaceae	Ericaceae	Ericaceae	Ericaceae	Ericaceae	Ericaceae
P8807_503_00074 	Ericaceae	Ericaceae	Ericaceae	Ericaceae	Ericaceae	Ericaceae
P8807_504_00080 	Salicaceae	Salicaceae	Salicaceae	Salicaceae	Salicaceae	Salicaceae
P8807_504_00082 	Salicaceae	Salicaceae	Salicaceae	Salicaceae	Salicaceae	Salicaceae
P8807_505_00022 	Cyperaceae	Cyperaceae	Cyperaceae	Cyperaceae	Cyperaceae	Cyperaceae
P8807_505_00023 	Cyperaceae	Cyperaceae	Cyperaceae	Cyperaceae	Cyperaceae	Cyperaceae
P8807_505_00032 	Cyperaceae	Cyperaceae	Cyperaceae	Cyperaceae	Cyperaceae	Cyperaceae
P8807_505_00033 	Cyperaceae	Cyperaceae	Cyperaceae	Cyperaceae	Cyperaceae	Cyperaceae
P8807_506_00062 	Poaceae	Poaceae	Poaceae	Poaceae	Poaceae	Poaceae
P8807_507_00008 	Crassulaceae	Crassulaceae	Crassulaceae	Crassulaceae	Crassulaceae	Saxifragaceae
P8807_507_00009 	Crassulaceae	Crassulaceae	Crassulaceae	Crassulaceae	Crassulaceae	Saxifragaceae
P8807_508_00100 	Asteraceae	Asteraceae	Asteraceae	Asteraceae	Asteraceae	Asteraceae
P8807_508_00103 	Asteraceae	Asteraceae	Asteraceae	Asteraceae	Asteraceae	Asteraceae
P8807_509_00042 	Orobanchaceae	Orobanchaceae	Orobanchaceae	Onagraceae	Orobanchaceae	Orobanchaceae
P8807_509_00043 	Orobanchaceae	Orobanchaceae	Rosaceae	Orobanchaceae	Orobanchaceae	Onagraceae
P8807_510_00015 	Violaceae	Violaceae	Violaceae	Salicaceae	Salicaceae	Salicaceae
P8807_510_00016 	Violaceae	Violaceae	Violaceae	Rosaceae	Rosaceae	Rosaceae
P8807_511_00054 	Poaceae	Poaceae	Poaceae	Poaceae	Poaceae	Poaceae
P8807_512_00094 	Cyperaceae	Cyperaceae	Cyperaceae	Cyperaceae	Cyperaceae	Cyperaceae
P8807_512_00095 	Cyperaceae	Cyperaceae	Cyperaceae	Cyperaceae	Cyperaceae	Asteraceae
P8807_513_00063 	Juncaceae	Doryanthaceae	Juncaceae	Cyperaceae	Juncaceae	Juncaceae
P8807_514_00048 	Ericaceae	Ericaceae	Ericaceae	Ericaceae	Ericaceae	Ericaceae
P8807_514_00049 	Ericaceae	Ericaceae	Ericaceae	Ericaceae	Ericaceae	Ericaceae
P8807_515_00021 	Asteraceae	Asteraceae	Asteraceae	Poaceae	Asteraceae	Asteraceae
P8807_515_00022 	Asteraceae	Asteraceae	Asteraceae	Plantaginaceae	Asteraceae	Poaceae
P8807_516_00093 	Caryophyllaceae	Caryophyllaceae	Caryophyllaceae	Caryophyllaceae	Cyperaceae	Caryophyllaceae
P8807_516_00095 	Caryophyllaceae	Caryophyllaceae	Caryophyllaceae	Caryophyllaceae	Cyperaceae	Caryophyllaceae
P8807_517_00122 	Ericaceae	Ericaceae	Ericaceae	Ericaceae	Ericaceae	Ericaceae
P8807_517_00123 	Ericaceae	Ericaceae	Ericaceae	Ericaceae	Ericaceae	Ericaceae
P8807_518_00051 	Cyperaceae	Cyperaceae	Cyperaceae	Cyperaceae	Cyperaceae	Cyperaceae
P8807_518_00052 	Cyperaceae	Cyperaceae	Cyperaceae	Cyperaceae	Cyperaceae	Cyperaceae
P8807_519_00115 	Salicaceae	Salicaceae	Salicaceae	Salicaceae	Salicaceae	Salicaceae
P8807_519_00117 	Salicaceae	Salicaceae	Salicaceae	Salicaceae	Salicaceae	Salicaceae
P8807_520_00053 	Juncaceae	Cyperaceae	Juncaceae	Cyperaceae	Cyperaceae	Cyperaceae
P8807_520_00054 	Juncaceae	Juncaceae	Juncaceae	Juncaceae	Juncaceae	Juncaceae
P8807_521_00052 	Ericaceae	Ericaceae	Ericaceae	Ericaceae	Ericaceae	Ericaceae
P8807_521_00053 	Ericaceae	Ericaceae	Ericaceae	Ericaceae	Ericaceae	Ericaceae
P8807_522_00092 	Rosaceae	Rosaceae	Rosaceae	Rosaceae	Cyperaceae	Rosaceae
P8807_522_00093 	Rosaceae	Rosaceae	Rosaceae	Cyperaceae	Rosaceae	Rosaceae
P8807_523_00059 	Salicaceae	Salicaceae	Salicaceae	Salicaceae	Salicaceae	Salicaceae
P8807_523_00060 	Salicaceae	Salicaceae	Salicaceae	Salicaceae	Salicaceae	Salicaceae
P8807_524_00122 	Orobanchaceae	Orobanchaceae	Orobanchaceae	Orobanchaceae	Orobanchaceae	Orobanchaceae
P8807_524_00123 	Orobanchaceae	Orobanchaceae	Rosaceae	Orobanchaceae	Orobanchaceae	Orobanchaceae
P8807_525_00037 	Rosaceae	Rosaceae	Rosaceae	Orobanchaceae	Rosaceae	Rosaceae
P8807_525_00038 	Rosaceae	Rosaceae	Rosaceae	Rosaceae	Rosaceae	Rosaceae
P8807_526_00037 	Equisetaceae	Equisetaceae	Equisetaceae	Equisetaceae	Equisetaceae	Equisetaceae
P8807_526_00038 	Equisetaceae	Equisetaceae	Equisetaceae	Equisetaceae	Equisetaceae	Equisetaceae
P8807_527_00043 	Fabaceae	Fabaceae	Fabaceae	Fabaceae	Fabaceae	Fabaceae
P8807_527_00045 	Fabaceae	Fabaceae	Fabaceae	Fabaceae	Fabaceae	Fabaceae
P8807_528_00043 	Diapensiaceae	Diapensiaceae	Rosaceae	Ericaceae	Primulaceae	Primulaceae
P8807_529_00075 	Cyperaceae	Caryophyllaceae	Caryophyllaceae	Caryophyllaceae	Cyperaceae	Caryophyllaceae
P8807_529_00077 	Cyperaceae	Caryophyllaceae	Caryophyllaceae	Caryophyllaceae	Cyperaceae	Caryophyllaceae
P8807_530_00029 	Cyperaceae	Cyperaceae	Cyperaceae	Cyperaceae	Cyperaceae	Cyperaceae
P8807_530_00030 	Cyperaceae	Cyperaceae	Cyperaceae	Cyperaceae	Cyperaceae	Cyperaceae
WA01_00106 	Rosaceae	Rosaceae	Rosaceae	Rosaceae	Rosaceae	Orobanchaceae
WA02_00015 	Salicaceae	Salicaceae	Salicaceae	Salicaceae	Salicaceae	Salicaceae
WA02_00016 	Salicaceae	Salicaceae	Salicaceae	Salicaceae	Salicaceae	Salicaceae
WA03_00101 	Poaceae	Poaceae	Poaceae	Poaceae	Poaceae	Poaceae
WA04_00086 	Ericaceae	Ericaceae	Ericaceae	Ericaceae	Ericaceae	Ericaceae
WA04_00089 	Ericaceae	Ericaceae	Ericaceae	Ericaceae	Ericaceae	Ericaceae
WA05_00078 	Lentibulariaceae	Lentibulariaceae	Lentibulariaceae	Lentibulariaceae	Plantaginaceae	Lamiaceae
WA05_00079 	Lentibulariaceae	Lentibulariaceae	Lentibulariaceae	Lentibulariaceae	Lamiaceae	Plantaginaceae
WA06_00070 	Caryophyllaceae	Caryophyllaceae	Caryophyllaceae	Caryophyllaceae	Cyperaceae	Caryophyllaceae
WA06_00072 	Caryophyllaceae	Caryophyllaceae	Caryophyllaceae	Caryophyllaceae	Cyperaceae	Caryophyllaceae
WA07_00099 	Saxifragaceae	Saxifragaceae	Saxifragaceae	Saxifragaceae	Ranunculaceae	Saxifragaceae
WA07_00100 	Saxifragaceae	Saxifragaceae	Saxifragaceae	Saxifragaceae	Saxifragaceae	Saxifragaceae
WA08_00117 	Ericaceae	Ericaceae	Ericaceae	Ericaceae	Ericaceae	Ericaceae
WA08_00118 	Ericaceae	Ericaceae	Ericaceae	Ericaceae	Ericaceae	Ericaceae
WA09_00059 	Ericaceae	Ericaceae	Ericaceae	Ericaceae	Ericaceae	Ericaceae
WA09_00061 	Ericaceae	Ericaceae	Ericaceae	Ericaceae	Ericaceae	Ericaceae
WA11_00098 	Polygonaceae	Cyperaceae	Asteraceae	Cyperaceae	Cyperaceae	Cyperaceae
WA11_00099 	Polygonaceae	Cyperaceae	Cyperaceae	Cyperaceae	Cyperaceae	Cyperaceae
WA12_00002 	Cyperaceae	Polygonaceae	Polygonaceae	Polygonaceae	Polygonaceae	Polygonaceae
WA12_00077 	Cyperaceae	Polygonaceae	Polygonaceae	Polygonaceae	Polygonaceae	Polygonaceae
WB01_00007 	Cyperaceae	Cyperaceae	Cyperaceae	Cyperaceae	Cyperaceae	Cyperaceae
WB01_00008 	Cyperaceae	Cyperaceae	Cyperaceae	Cyperaceae	Cyperaceae	Asteraceae
WB02_00055 	Geraniaceae	Geraniaceae	Cyperaceae	Geraniaceae	Cupressaceae	Betulaceae
WB02_00074 	Geraniaceae	Geraniaceae	Geraniaceae	Rosaceae	Rosaceae	Rosaceae
WB02_00096 	Geraniaceae	Geraniaceae	Geraniaceae	Geraniaceae	Ranunculaceae	Cyperaceae
WB03_00118 	Campanulaceae	Campanulaceae	Campanulaceae	Campanulaceae	Campanulaceae	Campanulaceae
WB03_00119 	Campanulaceae	Campanulaceae	Campanulaceae	Campanulaceae	Campanulaceae	Campanulaceae
WB04_00114 	Equisetaceae	Equisetaceae	Equisetaceae	Equisetaceae	Equisetaceae	Equisetaceae
WB04_00115 	Equisetaceae	Equisetaceae	Equisetaceae	Equisetaceae	Equisetaceae	Equisetaceae
WB05_00067 	Asteraceae	Asteraceae	Asteraceae	Asteraceae	Asteraceae	Asteraceae
WB05_00068 	Asteraceae	Asteraceae	Asteraceae	Asteraceae	Asteraceae	Asteraceae
WB06_00065 	Poaceae	Poaceae	Poaceae	Poaceae	Poaceae	Poaceae
WB07_00080 	Polygonaceae	Polygonaceae	Polygonaceae	Polygonaceae	Cyperaceae	Polygonaceae
WB07_00081 	Polygonaceae	Polygonaceae	Polygonaceae	Polygonaceae	Cyperaceae	Polygonaceae
WB08_00083 	Primulaceae	Primulaceae	Primulaceae	Primulaceae	Primulaceae	Primulaceae
WB08_00084 	Primulaceae	Primulaceae	Primulaceae	Primulaceae	Primulaceae	Primulaceae
WB09_00055 	Saxifragaceae	Saxifragaceae	Saxifragaceae	Brassicaceae	Saxifragaceae	Saxifragaceae
WB09_00057 	Saxifragaceae	Saxifragaceae	Saxifragaceae	Saxifragaceae	Saxifragaceae	Saxifragaceae
WB10_00082 	Rosaceae	Rosaceae	Rosaceae	Rosaceae	Rosaceae	Rosaceae
WB10_00083 	Rosaceae	Rosaceae	Rosaceae	Rosaceae	Rosaceae	Orobanchaceae
WB11_00077 	Asteraceae	Asteraceae	Asteraceae	Asteraceae	Asteraceae	Asteraceae
WB11_00080 	Asteraceae	Asteraceae	Asteraceae	Asteraceae	Asteraceae	Asteraceae
WB12_00040 	Asteraceae	Asteraceae	Asteraceae	Asteraceae	Asteraceae	Asteraceae
WB12_00043 	Asteraceae	Asteraceae	Asteraceae	Asteraceae	Asteraceae	Cyperaceae
WC01_00056 	Cyperaceae	Cyperaceae	Cyperaceae	Cyperaceae	Cyperaceae	Cyperaceae
WC01_00057 	Cyperaceae	Cyperaceae	Cyperaceae	Cyperaceae	Cyperaceae	Cyperaceae
WC02_00006 	Ericaceae	Ericaceae	Primulaceae	Primulaceae	Primulaceae	Primulaceae
WC02_00008 	Ericaceae	Ericaceae	Ericaceae	Ericaceae	Ericaceae	Ericaceae
WC03_00116 	Ericaceae	Ericaceae	Ericaceae	Ericaceae	Ericaceae	Ericaceae
WC03_00119 	Ericaceae	Ericaceae	Ericaceae	Ericaceae	Ericaceae	Ericaceae
WC04_00068 	Poaceae	Poaceae	Poaceae	Poaceae	Poaceae	Poaceae
WC05_00085 	Cyperaceae	Cyperaceae	Cyperaceae	Cyperaceae	Cyperaceae	Cyperaceae
WC05_00086 	Cyperaceae	Cyperaceae	Cyperaceae	Cyperaceae	Cyperaceae	Asteraceae
WC06_00094 	Ericaceae	Ericaceae	Ericaceae	Ericaceae	Ericaceae	Ericaceae
WC06_00095 	Ericaceae	Ericaceae	Ericaceae	Ericaceae	Ericaceae	Ericaceae
