P001_WA03_00027 	Cyperaceae	Cyperaceae	Cyperaceae	Cyperaceae	Cyperaceae	Cyperaceae	Cyperaceae	100%	7	k141_8776
P001_WA04_00107 	Salicaceae	Salicaceae	Salicaceae	Salicaceae	Salicaceae	Salicaceae	Salicaceae	100%	12	k141_23065
P001_WA05_00119 	Poaceae	Poaceae	Poaceae	Poaceae	Poaceae	Poaceae	Poaceae	100%	12	k141_77472
P001_WA06_00104 	Cyperaceae	Cyperaceae	Cyperaceae	Cyperaceae	Cyperaceae	Cyperaceae	Cyperaceae	100%	4	k141_4463
P001_WA07_00101 	Asteraceae	Asteraceae	Asteraceae	Asteraceae	Asteraceae	Asteraceae	Asteraceae	100%	12	k141_63300
P001_WA08_00022 	Cyperaceae	Cyperaceae	Cyperaceae	Cyperaceae	Cyperaceae	Cyperaceae	Cyperaceae	100%	1	k141_13021
P001_WA10_00106 	Rubiaceae	Rubiaceae	Rubiaceae	Rubiaceae	Apiaceae	Apiaceae	Rubiaceae	100%	12	k141_139055
P001_WA11_00103 	Campanulaceae	Campanulaceae	Campanulaceae	Campanulaceae	Campanulaceae	Campanulaceae	Campanulaceae	100%	5	k141_27064
P001_WA12_00032 	Asteraceae	Asteraceae	Asteraceae	Asteraceae	Asteraceae	Asteraceae	Asteraceae	100%	12	k141_206338
P001_WB01_00247 	Brassicaceae	Ranunculaceae	Caryophyllaceae	Ranunculaceae	Ranunculaceae	Ranunculaceae	Ranunculaceae	100%	12	k141_75847
P001_WB01_00267 	Brassicaceae	Salicaceae	Salicaceae	Salicaceae	Salicaceae	Salicaceae	Salicaceae	100%	2	k141_82879
P001_WB01_00422 	Brassicaceae	Brassicaceae	Brassicaceae	Brassicaceae	Brassicaceae	Brassicaceae	Brassicaceae	100%	11	k141_118261
P001_WB01_00463 	Brassicaceae	Poaceae	Poaceae	Poaceae	Poaceae	Poaceae	Poaceae	100%	9	k141_32508
P001_WB02_00111 	Salicaceae	Salicaceae	Salicaceae	Salicaceae	Salicaceae	Salicaceae	Salicaceae	100%	12	k141_51224
P001_WB02_00229 	Salicaceae	Poaceae	Salicaceae	Poaceae	Poaceae	Poaceae	Poaceae	100%	4	k141_75889
P001_WB03_00063 	Cyperaceae	Cyperaceae	Cyperaceae	Cyperaceae	Cyperaceae	Cyperaceae	Cyperaceae	100%	6	k141_18170
P001_WB04_00130 	Betulaceae	Betulaceae	Betulaceae	Rosaceae	Rosaceae	Cyperaceae	Betulaceae	100%	13	k141_26021
P001_WB05_00029 	Poaceae	Poaceae	Poaceae	Poaceae	Poaceae	Poaceae	Poaceae	100%	10	k141_13881
P001_WB06_00078 	Gentianaceae	Gentianaceae	Gentianaceae	Gentianaceae	Gentianaceae	Gentianaceae	Gentianaceae	100%	9	k141_11134
P001_WB07_00030 	Fabaceae	Fabaceae	Fabaceae	Fabaceae	Fabaceae	Fabaceae	Fabaceae	100%	73	k141_48354
P001_WB08_00120 	Poaceae	Poaceae	Poaceae	Poaceae	Poaceae	Poaceae	Poaceae	100%	10	k141_83158
P001_WB09_00115 	Asteraceae	Asteraceae	Asteraceae	Asteraceae	Asteraceae	Asteraceae	Asteraceae	100%	11	k141_2106
P001_WB10_00125 	Poaceae	Poaceae	Poaceae	Poaceae	Poaceae	Poaceae	Poaceae	100%	11	k141_62937
P001_WB11_00039 	Campanulaceae	Campanulaceae	Campanulaceae	Campanulaceae	Campanulaceae	Campanulaceae	Campanulaceae	100%	10	k141_7195
P001_WB12_00132 	Asteraceae	Asteraceae	Asteraceae	Asteraceae	Asteraceae	Asteraceae	Asteraceae	100%	12	k141_141211
P001_WC02_00061 	Poaceae	Poaceae	Poaceae	Poaceae	Poaceae	Poaceae	Poaceae	100%	12	k141_64606
P001_WC03_00086 	Asteraceae	Asteraceae	Asteraceae	Asteraceae	Asteraceae	Asteraceae	Asteraceae	100%	11	k141_28486
P001_WC04_00013 	Cupressaceae	Cupressaceae	Cupressaceae	Juncaceae	Lycopodiaceae	Lycopodiaceae	Cupressaceae	100%	12	k141_5332
P001_WC06_00044 	Gentianaceae	Gentianaceae	Gentianaceae	Gentianaceae	Gentianaceae	Gentianaceae	Gentianaceae	100%	12	k141_49616
P001_WC07_00057 	Asteraceae	Asteraceae	Asteraceae	Asteraceae	Asteraceae	Asteraceae	Asteraceae	100%	12	k141_40998
P001_WC08_00128 	Apiaceae	Apiaceae	Apiaceae	Apiaceae	Apiaceae	Apiaceae	Apiaceae	100%	22	k141_57576
P001_WC09_00104 	Lamiaceae	Lamiaceae	Rosaceae	Orobanchaceae	Orobanchaceae	Onagraceae	Lamiaceae	100%	10	k141_61335
P001_WC10_00015 	Apiaceae	Apiaceae	Apiaceae	Apiaceae	Apiaceae	Apiaceae	Apiaceae	100%	12	k141_39499
P001_WC11_00036 	Polygonaceae	Polygonaceae	Polygonaceae	Polygonaceae	Polygonaceae	Polygonaceae	Polygonaceae	100%	11	k141_107847
P001_WC12_00081 	Cyperaceae	Cyperaceae	Cyperaceae	Cyperaceae	Cyperaceae	Cyperaceae	Cyperaceae	100%	5	k141_7163
P001_WD01_00118 	Poaceae	Poaceae	Poaceae	Poaceae	Poaceae	Poaceae	Poaceae	100%	11	k141_24617
P001_WD02_00105 	Saxifragaceae	Saxifragaceae	Saxifragaceae	Saxifragaceae	Saxifragaceae	Saxifragaceae	Saxifragaceae	100%	12	k141_26020
P001_WD03_00023 	Poaceae	Poaceae	Poaceae	Poaceae	Poaceae	Poaceae	Poaceae	100%	11	k141_38631
P001_WD04_00088 	Ericaceae	Ericaceae	Ericaceae	Ericaceae	Ericaceae	Ericaceae	Ericaceae	87%	7	k141_8370
P001_WD05_00030 	Poaceae	Poaceae	Brassicaceae	Poaceae	Poaceae	Poaceae	Poaceae	100%	11	k141_25471
P001_WD06_00109 	Campanulaceae	Campanulaceae	Campanulaceae	Campanulaceae	Campanulaceae	Campanulaceae	Campanulaceae	100%	5	k141_33463
P001_WD07_00109 	Caryophyllaceae	Caryophyllaceae	Caryophyllaceae	Caryophyllaceae	Caryophyllaceae	Caryophyllaceae	Caryophyllaceae	100%	11	k141_58962
P001_WD08_00005 	Caryophyllaceae	Caryophyllaceae	Caryophyllaceae	Caryophyllaceae	Caryophyllaceae	Caryophyllaceae	Caryophyllaceae	100%	11	k141_64422
P001_WD08_00237 	Caryophyllaceae	Boraginaceae	Boraginaceae	Apiaceae	Apiaceae	Apiaceae	Boraginaceae	100%	12	k141_35476
P001_WD09_00071 	Gentianaceae	Gentianaceae	Gentianaceae	Gentianaceae	Gentianaceae	Gentianaceae	Gentianaceae	100%	11	k141_18391
P001_WD10_00109 	Boraginaceae	Boraginaceae	Caryophyllaceae	Apiaceae	Asteraceae	Poaceae	Boraginaceae	100%	12	k141_62677
P001_WD11_00067 	Crassulaceae	Asteraceae	Asteraceae	Cyperaceae	Asteraceae	Asteraceae	Asteraceae	100%	1	k141_53175
P001_WD11_00111 	Crassulaceae	Crassulaceae	Crassulaceae	Crassulaceae	Apiaceae	Apiaceae	Crassulaceae	100%	12	k141_1552
P001_WD11_00141 	Crassulaceae	Cyperaceae	Cyperaceae	Cyperaceae	Cyperaceae	Cyperaceae	Cyperaceae	100%	2	k141_1642
P001_WD11_00247 	Crassulaceae	Asteraceae	Asteraceae	Cyperaceae	Asteraceae	Asteraceae	Asteraceae	100%	2	k141_102143
P001_WD12_00130 	Asteraceae	Asteraceae	Cyperaceae	Asteraceae	Asteraceae	Asteraceae	Asteraceae	100%	12	k141_29509
P001_WE01_00093 	Caryophyllaceae	Caryophyllaceae	Caryophyllaceae	Caryophyllaceae	Rosaceae	Caryophyllaceae	Caryophyllaceae	100%	11	k141_34654
P001_WE02_00077 	Cyperaceae	Cyperaceae	Cyperaceae	Cyperaceae	Cyperaceae	Cyperaceae	Cyperaceae	100%	11	k141_4574
P001_WE03_00002 	Ranunculaceae	Ranunculaceae	Ranunculaceae	Ranunculaceae	Caryophyllaceae	Ranunculaceae	Ranunculaceae	100%	10	k141_16618
P001_WE04_00004 	Tofieldiaceae	Cyperaceae	Cyperaceae	Cyperaceae	Cyperaceae	Cyperaceae	Cyperaceae	100%	2	k141_54156
P001_WE04_00054 	Tofieldiaceae	Tofieldiaceae	Liliaceae	Gentianaceae	Primulaceae	Primulaceae	Tofieldiaceae	100%	7	k141_10018
P001_WE04_00055 	Tofieldiaceae	Tofieldiaceae	Liliaceae	Liliaceae	Orchidaceae	Ranunculaceae	Tofieldiaceae	100%	7	k141_10018
P001_WE05_00001 	Ericaceae	Ericaceae	Ericaceae	Ericaceae	Ericaceae	Ericaceae	Ericaceae	100%	1	k141_9185
P001_WE06_00096 	Poaceae	Poaceae	Poaceae	Poaceae	Poaceae	Poaceae	Poaceae	100%	11	k141_45303
P001_WE08_00002 	Caprifoliaceae	Caprifoliaceae	Caprifoliaceae	Plantaginaceae	Asteraceae	Asteraceae	Caprifoliaceae	100%	10	k141_59993
P001_WE10_00023 	Asteraceae	Asteraceae	Asteraceae	Cyperaceae	Asteraceae	Asteraceae	Asteraceae	100%	11	k141_44574
P001_WE11_00127 	Poaceae	Poaceae	Poaceae	Poaceae	Poaceae	Poaceae	Poaceae	100%	12	k141_85424
P001_WE12_00001 	Cyperaceae	Hypericaceae	Hypericaceae	Poaceae	Poaceae	Poaceae	Hypericaceae	100%	1	k141_166928
P001_WE12_00007 	Cyperaceae	Asteraceae	Cyperaceae	Asteraceae	Asteraceae	Asteraceae	Asteraceae	100%	5	k141_102235
P001_WE12_00223 	Cyperaceae	Cyperaceae	Cyperaceae	Cyperaceae	Cyperaceae	Cyperaceae	Cyperaceae	100%	6	k141_69386
P001_WF01_00007 	Equisetaceae	Equisetaceae	Equisetaceae	Equisetaceae	Equisetaceae	Equisetaceae	Equisetaceae	100%	1	k141_15466
P001_WF01_00153 	Equisetaceae	Equisetaceae	Equisetaceae	Equisetaceae	Equisetaceae	Saxifragaceae	Equisetaceae	100%	17	k141_121409
P001_WF02_00023 	Cyperaceae	Cyperaceae	Cyperaceae	Cyperaceae	Cyperaceae	Orobanchaceae	Cyperaceae	100%	7	k141_53517
P001_WF03_00100 	Caryophyllaceae	Caryophyllaceae	Caryophyllaceae	Caryophyllaceae	Caryophyllaceae	Cyperaceae	Caryophyllaceae	100%	11	k141_197893
P001_WF04_00078 	Caryophyllaceae	Caryophyllaceae	Caryophyllaceae	Caryophyllaceae	Caryophyllaceae	Salicaceae	Caryophyllaceae	100%	11	k141_62352
P001_WF05_00046 	Asteraceae	Asteraceae	Asteraceae	Poaceae	Asteraceae	Poaceae	Asteraceae	100%	11	k141_39924
P001_WF06_00017 	Orobanchaceae	Poaceae	Poaceae	Poaceae	Poaceae	Cyperaceae	Poaceae	100%	11	k141_11648
P001_WF07_00121 	Poaceae	Poaceae	Poaceae	Poaceae	Poaceae	Asteraceae	Poaceae	100%	11	k141_32746
P001_WF08_00001 	Orchidaceae	Orchidaceae	Liliaceae	Liliaceae	Betulaceae	Cyperaceae	Orchidaceae	100%	11	k141_33
P001_WF09_00023 	Gentianaceae	Gentianaceae	Gentianaceae	Gentianaceae	Gentianaceae	Ophioglossaceae	Gentianaceae	100%	12	k141_72801
P001_WF10_00001 	Fabaceae	Fabaceae	Fabaceae	Fabaceae	Fabaceae	Rubiaceae	Fabaceae	100%	11	k141_5155
P001_WF11_00113 	Apiaceae	Apiaceae	Apiaceae	Apiaceae	Apiaceae	Campanulaceae	Apiaceae	100%	13	k141_93090
P001_WF12_00093 	Geraniaceae	Geraniaceae	Geraniaceae	Betulaceae	Betulaceae	Asteraceae	Geraniaceae	100%	30	k141_7110
P001_WG01_00001 	Ranunculaceae	Ranunculaceae	Cyperaceae	Ranunculaceae	Ranunculaceae	Brassicaceae	Ranunculaceae	100%	12	k141_13059
P001_WG01_00002 	Ranunculaceae	Ranunculaceae	Cyperaceae	Ranunculaceae	Ranunculaceae	Salicaceae	Ranunculaceae	100%	12	k141_13059
P001_WG02_00324 	Cyperaceae	Ranunculaceae	Cyperaceae	Ranunculaceae	Ranunculaceae	Cyperaceae	Ranunculaceae	100%	12	k141_107616
P001_WG02_00325 	Cyperaceae	Ranunculaceae	Cyperaceae	Ranunculaceae	Ranunculaceae	Betulaceae	Ranunculaceae	100%	12	k141_107616
P001_WG04_00141 	Cyperaceae	Cyperaceae	Cyperaceae	Cyperaceae	Cyperaceae	Poaceae	Cyperaceae	100%	2	k141_30564
P001_WG05_00011 	Caryophyllaceae	Caryophyllaceae	Caryophyllaceae	Caryophyllaceae	Caryophyllaceae	Gentianaceae	Caryophyllaceae	100%	11	k141_79486
P001_WG06_00047 	Saxifragaceae	Saxifragaceae	Saxifragaceae	Saxifragaceae	Saxifragaceae	Fabaceae	Saxifragaceae	100%	12	k141_49638
P001_WG07_00100 	Gentianaceae	Gentianaceae	Gentianaceae	Gentianaceae	Gentianaceae	Poaceae	Gentianaceae	100%	9	k141_11901
P001_WG08_00123 	Asteraceae	Asteraceae	Asteraceae	Asteraceae	Asteraceae	Asteraceae	Asteraceae	100%	12	k141_55180
P001_WG10_00024 	Asteraceae	Asteraceae	Asteraceae	Asteraceae	Cyperaceae	Poaceae	Asteraceae	100%	22	k141_57258
P001_WG11_00115 	Liliaceae	Liliaceae	Liliaceae	Orchidaceae	Ranunculaceae	Campanulaceae	Liliaceae	100%	1	k141_63943
P001_WG12_00081 	Poaceae	Poaceae	Poaceae	Poaceae	Poaceae	Asteraceae	Poaceae	100%	11	k141_83060
P001_WH01_00117 	Celastraceae	Celastraceae	Rosaceae	Rosaceae	Cyperaceae	Ranunculaceae	Celastraceae	100%	14	k141_166641
P001_WH01_00118 	Celastraceae	Celastraceae	Rosaceae	Rosaceae	Betulaceae	Poaceae	Celastraceae	100%	14	k141_166641
P001_WH02_00154 	Salicaceae	Salicaceae	Salicaceae	Salicaceae	Salicaceae	Asteraceae	Salicaceae	100%	12	k141_72472
P001_WH03_00053 	Cyperaceae	Cyperaceae	Cyperaceae	Cyperaceae	Cyperaceae	Cupressaceae	Cyperaceae	100%	6	k141_20822
P001_WH04_00093 	Saxifragaceae	Saxifragaceae	Saxifragaceae	Saxifragaceae	Saxifragaceae	Ericaceae	Saxifragaceae	100%	14	k141_40580
P001_WH04_00094 	Saxifragaceae	Saxifragaceae	Saxifragaceae	Saxifragaceae	Saxifragaceae	Gentianaceae	Saxifragaceae	100%	14	k141_40580
P001_WH05_00119 	Plantaginaceae	Plantaginaceae	Plantaginaceae	Plantaginaceae	Asteraceae	Asteraceae	Plantaginaceae	100%	10	k141_162087
P001_WH06_00178 	Poaceae	Poaceae	Poaceae	Poaceae	Poaceae	Apiaceae	Poaceae	100%	11	k141_110716
P001_WH06_00199 	Poaceae	Asteraceae	Asteraceae	Asteraceae	Asteraceae	Lamiaceae	Asteraceae	100%	1	k141_103467
P001_WH07_00026 	Asteraceae	Asteraceae	Asteraceae	Asteraceae	Asteraceae	Apiaceae	Asteraceae	100%	12	k141_131959
P001_WH08_00107 	Asteraceae	Asteraceae	Asteraceae	Asteraceae	Asteraceae	Polygonaceae	Asteraceae	100%	13	k141_61925
P001_WH09_00001 	Primulaceae	Primulaceae	Primulaceae	Primulaceae	Primulaceae	Cyperaceae	Primulaceae	100%	11	k141_51323
P001_WH10_00127 	Hypericaceae	Hypericaceae	Cyperaceae	Salicaceae	Salicaceae	Poaceae	Hypericaceae	100%	1	k141_155898
P001_WH11_00102 	Asteraceae	Asteraceae	Asteraceae	Asteraceae	Asteraceae	Saxifragaceae	Asteraceae	100%	11	k141_153672
P001_WH12_00156 	Asteraceae	Asteraceae	Asteraceae	Asteraceae	Asteraceae	Poaceae	Asteraceae	100%	11	k141_36331
P002_WA01_00037 	Poaceae	Poaceae	Poaceae	Poaceae	Poaceae	Ericaceae	Poaceae	100%	11	k141_113256
P002_WA02_00091 	Fabaceae	Fabaceae	Fabaceae	Fabaceae	Fabaceae	Poaceae	Fabaceae	100%	72	k141_8712
P002_WA03_00093 	Poaceae	Poaceae	Poaceae	Poaceae	Poaceae	Campanulaceae	Poaceae	100%	11	k141_92134
P002_WA04_00014 	Apiaceae	Apiaceae	Apiaceae	Apiaceae	Apiaceae	Caryophyllaceae	Apiaceae	100%	12	k141_17559
P002_WA06_00123 	Apiaceae	Apiaceae	Apiaceae	Apiaceae	Apiaceae	Caryophyllaceae	Apiaceae	100%	1	k141_56603
P002_WA08_00002 	Poaceae	Poaceae	Poaceae	Poaceae	Poaceae	Gentianaceae	Poaceae	100%	11	k141_45271
P002_WA09_00110 	Rosaceae	Rosaceae	Rosaceae	Cyperaceae	Rosaceae	Boraginaceae	Rosaceae	100%	12	k141_107974
P002_WA11_00008 	Poaceae	Poaceae	Poaceae	Poaceae	Poaceae	Crassulaceae	Poaceae	100%	11	k141_277121
P002_WA12_00111 	Saxifragaceae	Saxifragaceae	Saxifragaceae	Saxifragaceae	Saxifragaceae	Asteraceae	Saxifragaceae	100%	13	k141_11672
P002_WB01_00034 	Apiaceae	Apiaceae	Apiaceae	Apiaceae	Apiaceae	Caryophyllaceae	Apiaceae	100%	11	k141_38683
P002_WB02_00003 	Primulaceae	Primulaceae	Primulaceae	Primulaceae	Primulaceae	Cyperaceae	Primulaceae	100%	12	k141_21931
P002_WB03_00077 	Caryophyllaceae	Caryophyllaceae	Caryophyllaceae	Caryophyllaceae	Caryophyllaceae	Ranunculaceae	Caryophyllaceae	100%	12	k141_48531
P002_WB04_00116 	Poaceae	Poaceae	Poaceae	Poaceae	Poaceae	Tofieldiaceae	Poaceae	100%	12	k141_34772
P002_WB06_00110 	Rosaceae	Rosaceae	Rosaceae	Rosaceae	Orobanchaceae	Ericaceae	Rosaceae	100%	12	k141_15890
P002_WB08_00064 	Poaceae	Poaceae	Poaceae	Poaceae	Poaceae	Poaceae	Poaceae	100%	11	k141_67874
P002_WB09_00016 	Salicaceae	Salicaceae	Salicaceae	Salicaceae	Salicaceae	Juncaceae	Salicaceae	100%	12	k141_32189
P002_WB10_00019 	Caryophyllaceae	Caryophyllaceae	Caryophyllaceae	Caryophyllaceae	Caryophyllaceae	Caprifoliaceae	Caryophyllaceae	100%	12	k141_35009
P002_WB11_00110 	Orobanchaceae	Orobanchaceae	Orobanchaceae	Orobanchaceae	Orobanchaceae	Asteraceae	Orobanchaceae	100%	18	k141_40467
P002_WB11_00111 	Orobanchaceae	Orobanchaceae	Orobanchaceae	Rosaceae	Orobanchaceae	Asteraceae	Orobanchaceae	100%	18	k141_40467
P002_WB11_00112 	Orobanchaceae	Orobanchaceae	Orobanchaceae	Rosaceae	Orobanchaceae	Poaceae	Orobanchaceae	100%	18	k141_40467
P002_WB11_00113 	Orobanchaceae	Orobanchaceae	Orobanchaceae	Rosaceae	Orobanchaceae	Cyperaceae	Orobanchaceae	100%	18	k141_40467
P002_WB12_00001 	Saxifragaceae	Saxifragaceae	Saxifragaceae	Saxifragaceae	Saxifragaceae	Equisetaceae	Saxifragaceae	100%	12	k141_113801
P002_WC01_00156 	Rosaceae	Rosaceae	Orobanchaceae	Rosaceae	Rosaceae	Cyperaceae	Rosaceae	100%	12	k141_49384
P002_WC01_00219 	Rosaceae	Orobanchaceae	Orobanchaceae	Orobanchaceae	Orobanchaceae	Caryophyllaceae	Orobanchaceae	100%	12	k141_56472
P002_WC02_00050 	Fabaceae	Fabaceae	Fabaceae	Fabaceae	Fabaceae	Caryophyllaceae	Fabaceae	100%	73	k141_18130
P002_WC04_00106 	Asteraceae	Asteraceae	Asteraceae	Juncaceae	Asteraceae	Asteraceae	Asteraceae	100%	11	k141_34986
P002_WC05_00117 	Apiaceae	Apiaceae	Apiaceae	Apiaceae	Apiaceae	Orobanchaceae	Apiaceae	100%	12	k141_35552
P002_WC08_00020 	Brassicaceae	Brassicaceae	Brassicaceae	Brassicaceae	Juncaceae	Poaceae	Brassicaceae	100%	11	k141_42577
P002_WC09_00018 	Fabaceae	Fabaceae	Fabaceae	Fabaceae	Fabaceae	Orchidaceae	Fabaceae	100%	75	k141_79203
P002_WC09_00090 	Fabaceae	Fabaceae	Fabaceae	Fabaceae	Fabaceae	Gentianaceae	Fabaceae	100%	75	k141_79203
P002_WC10_00111 	Polygonaceae	Polygonaceae	Polygonaceae	Polygonaceae	Polygonaceae	Fabaceae	Polygonaceae	100%	11	k141_54284
P002_WC11_00021 	Caryophyllaceae	Caryophyllaceae	Caryophyllaceae	Caryophyllaceae	Caryophyllaceae	Apiaceae	Caryophyllaceae	100%	11	k141_36616
P002_WC12_00145 	Cyperaceae	Cyperaceae	Cyperaceae	Cyperaceae	Cyperaceae	Geraniaceae	Cyperaceae	100%	6	k141_89719
P002_WD01_00126 	Orobanchaceae	Rosaceae	Orobanchaceae	Rosaceae	Rosaceae	Ranunculaceae	Rosaceae	100%	12	k141_40527
P002_WD01_00228 	Orobanchaceae	Orobanchaceae	Orobanchaceae	Orobanchaceae	Orobanchaceae	Cyperaceae	Orobanchaceae	100%	12	k141_51449
P002_WD02_00095 	Violaceae	Violaceae	Violaceae	Salicaceae	Salicaceae	Selaginellaceae	Violaceae	100%	11	k141_17168
P002_WD03_00019 	Asteraceae	Asteraceae	Asteraceae	Asteraceae	Asteraceae	Cyperaceae	Asteraceae	100%	11	k141_7563
P002_WD04_00115 	Rosaceae	Rosaceae	Rosaceae	Rosaceae	Orobanchaceae	Caryophyllaceae	Rosaceae	100%	12	k141_46963
P002_WD06_00104 	Poaceae	Poaceae	Poaceae	Poaceae	Poaceae	Saxifragaceae	Poaceae	100%	11	k141_63002
P002_WD07_00087 	Asteraceae	Asteraceae	Asteraceae	Plantaginaceae	Asteraceae	Gentianaceae	Asteraceae	100%	11	k141_23510
P002_WD08_00018 	Fabaceae	Fabaceae	Fabaceae	Fabaceae	Fabaceae	Asteraceae	Fabaceae	100%	72	k141_38748
P002_WD09_00001 	Plumbaginaceae	Plumbaginaceae	Polygonaceae	Polygonaceae	Polygonaceae	Gentianaceae	Plumbaginaceae	100%	17	k141_49135
P002_WD10_00003 	Salicaceae	Salicaceae	Salicaceae	Salicaceae	Salicaceae	Asteraceae	Salicaceae	100%	8	k141_52465
P002_WD11_00088 	Poaceae	Poaceae	Poaceae	Poaceae	Poaceae	Liliaceae	Poaceae	100%	10	k141_62752
P002_WD12_00120 	Polygonaceae	Polygonaceae	Polygonaceae	Polygonaceae	Polygonaceae	Poaceae	Polygonaceae	100%	11	k141_37418
P002_WE01_00014 	Asteraceae	Asteraceae	Poaceae	Plantaginaceae	Asteraceae	Celastraceae	Asteraceae	100%	11	k141_99935
P002_WE02_00123 	Plantaginaceae	Plantaginaceae	Plantaginaceae	Fabaceae	Plantaginaceae	Salicaceae	Plantaginaceae	100%	10	k141_151951
P002_WE03_00012 	Ranunculaceae	Ranunculaceae	Caryophyllaceae	Ranunculaceae	Brassicaceae	Cyperaceae	Ranunculaceae	100%	10	k141_37554
P002_WE04_00030 	Ranunculaceae	Ranunculaceae	Ranunculaceae	Ranunculaceae	Ranunculaceae	Saxifragaceae	Ranunculaceae	100%	11	k141_33285
P002_WE05_00007 	Campanulaceae	Campanulaceae	Campanulaceae	Campanulaceae	Campanulaceae	Plantaginaceae	Campanulaceae	100%	5	k141_14720
P002_WE06_00084 	Caprifoliaceae	Caprifoliaceae	Caprifoliaceae	Plantaginaceae	Asteraceae	Poaceae	Caprifoliaceae	100%	11	k141_67919
P002_WE07_00062 	Rosaceae	Caryophyllaceae	Caryophyllaceae	Caryophyllaceae	Caryophyllaceae	Asteraceae	Caryophyllaceae	100%	11	k141_32538
P002_WE07_00233 	Rosaceae	Rosaceae	Rosaceae	Rosaceae	Cyperaceae	Asteraceae	Rosaceae	100%	12	k141_148845
P002_WE08_00043 	Poaceae	Poaceae	Poaceae	Poaceae	Poaceae	Primulaceae	Poaceae	100%	11	k141_17258
P002_WE09_00127 	Betulaceae	Betulaceae	Betulaceae	Rosaceae	Rosaceae	Hypericaceae	Betulaceae	100%	14	k141_29043
P002_WE10_00095 	Saxifragaceae	Saxifragaceae	Saxifragaceae	Saxifragaceae	Saxifragaceae	Asteraceae	Saxifragaceae	100%	11	k141_29175
P002_WE11_00122 	Poaceae	Poaceae	Poaceae	Poaceae	Poaceae	Asteraceae	Poaceae	100%	12	k141_40926
P002_WE12_00042 	Poaceae	Poaceae	Poaceae	Poaceae	Poaceae	Poaceae	Poaceae	100%	12	k141_58213
P002_WF01_00214 	Poaceae	Poaceae	Poaceae	Poaceae	Poaceae	Fabaceae	Poaceae	100%	11	k141_99026
P002_WF01_00241 	Poaceae	Asteraceae	Poaceae	Plantaginaceae	Asteraceae	Poaceae	Asteraceae	100%	11	k141_138479
P002_WF02_00108 	Plantaginaceae	Plantaginaceae	Fabaceae	Plantaginaceae	Asteraceae	Apiaceae	Plantaginaceae	100%	11	k141_95577
P002_WF03_00094 	Caryophyllaceae	Caryophyllaceae	Caryophyllaceae	Caryophyllaceae	Rosaceae	Gentianaceae	Caryophyllaceae	100%	11	k141_81159
P002_WF04_00056 	Orobanchaceae	Orobanchaceae	Rosaceae	Orobanchaceae	Orobanchaceae	Apiaceae	Orobanchaceae	100%	12	k141_30894
P002_WF07_00104 	Caryophyllaceae	Caryophyllaceae	Caryophyllaceae	Caryophyllaceae	Caryophyllaceae	Ericaceae	Caryophyllaceae	100%	11	k141_30166
P002_WF08_00101 	Poaceae	Poaceae	Poaceae	Poaceae	Poaceae	Poaceae	Poaceae	100%	11	k141_20454
P002_WF09_00122 	Ericaceae	Ericaceae	Ericaceae	Ericaceae	Ericaceae	Rosaceae	Ericaceae	87%	14	k141_13966
P002_WF09_00123 	Ericaceae	Ericaceae	Ericaceae	Ericaceae	Ericaceae	Ericaceae	Ericaceae	87%	14	k141_13966
P002_WF09_00124 	Ericaceae	Ericaceae	Caprifoliaceae	Ericaceae	Ericaceae	Poaceae	Ericaceae	87%	14	k141_13966
P002_WF09_00125 	Ericaceae	Ericaceae	Ericaceae	Ericaceae	Ericaceae	Saxifragaceae	Ericaceae	87%	14	k141_13966
P002_WF10_00108 	Rosaceae	Rosaceae	Rosaceae	Orobanchaceae	Rosaceae	Apiaceae	Rosaceae	100%	12	k141_54003
P002_WF12_00055 	Cyperaceae	Cyperaceae	Cyperaceae	Cyperaceae	Cyperaceae	Primulaceae	Cyperaceae	100%	7	k141_72142
P002_WG02_00021 	Fabaceae	Fabaceae	Fabaceae	Fabaceae	Fabaceae	Caryophyllaceae	Fabaceae	100%	28	k141_129190
P002_WG02_00117 	Fabaceae	Plantaginaceae	Fabaceae	Plantaginaceae	Asteraceae	Poaceae	Plantaginaceae	100%	11	k141_141936
P002_WG03_00114 	Liliaceae	Liliaceae	Liliaceae	Orchidaceae	Ranunculaceae	Orobanchaceae	Liliaceae	100%	13	k141_36743
P002_WG04_00037 	Rosaceae	Rosaceae	Rosaceae	Rosaceae	Rosaceae	Rosaceae	Rosaceae	100%	12	k141_13754
P002_WG05_00052 	Poaceae	Poaceae	Poaceae	Poaceae	Poaceae	Ericaceae	Poaceae	100%	11	k141_44763
P002_WG06_00080 	Juncaceae	Juncaceae	Juncaceae	Cyperaceae	Cyperaceae	Poaceae	Juncaceae	100%	4	k141_12613
P002_WG07_00146 	Cyperaceae	Cyperaceae	Cyperaceae	Cyperaceae	Cyperaceae	Salicaceae	Cyperaceae	100%	7	k141_30322
P002_WG08_00141 	Cyperaceae	Cyperaceae	Cyperaceae	Cyperaceae	Cyperaceae	Caryophyllaceae	Cyperaceae	100%	6	k141_29788
P002_WG09_00033 	Salicaceae	Salicaceae	Salicaceae	Salicaceae	Salicaceae	Orobanchaceae	Salicaceae	100%	12	k141_21392
P002_WG10_00119 	Saxifragaceae	Saxifragaceae	Saxifragaceae	Saxifragaceae	Saxifragaceae	Saxifragaceae	Saxifragaceae	100%	4	k141_10905
P002_WG10_00124 	Saxifragaceae	Saxifragaceae	Saxifragaceae	Saxifragaceae	Saxifragaceae	Rosaceae	Saxifragaceae	100%	4	k141_10905
P002_WG11_00115 	Salicaceae	Salicaceae	Salicaceae	Salicaceae	Salicaceae	Fabaceae	Salicaceae	100%	12	k141_65753
P002_WG12_00077 	Ericaceae	Ericaceae	Ericaceae	Ericaceae	Ericaceae	Orobanchaceae	Ericaceae	100%	1	k141_66606
P002_WH01_00129 	Ranunculaceae	Ranunculaceae	Ranunculaceae	Ranunculaceae	Ranunculaceae	Asteraceae	Ranunculaceae	100%	11	k141_540
P002_WH02_00005 	Crassulaceae	Crassulaceae	Crassulaceae	Crassulaceae	Saxifragaceae	Apiaceae	Crassulaceae	100%	11	k141_129889
P002_WH02_00046 	Crassulaceae	Ranunculaceae	Crassulaceae	Ranunculaceae	Ranunculaceae	Juncaceae	Ranunculaceae	100%	1	k141_69856
P002_WH03_00115 	Rubiaceae	Rubiaceae	Rubiaceae	Rubiaceae	Apiaceae	Ericaceae	Rubiaceae	100%	13	k141_125252
P002_WH04_00014 	Apiaceae	Apiaceae	Apiaceae	Apiaceae	Apiaceae	Brassicaceae	Apiaceae	100%	11	k141_47910
P002_WH05_00106 	Ranunculaceae	Ranunculaceae	Ranunculaceae	Ranunculaceae	Ranunculaceae	Fabaceae	Ranunculaceae	100%	11	k141_71367
P002_WH06_00112 	Asteraceae	Asteraceae	Asteraceae	Asteraceae	Asteraceae	Polygonaceae	Asteraceae	100%	12	k141_81796
P002_WH07_00001 	Caryophyllaceae	Caryophyllaceae	Caryophyllaceae	Caryophyllaceae	Caryophyllaceae	Caryophyllaceae	Caryophyllaceae	100%	11	k141_195407
P002_WH08_00179 	Cyperaceae	Cyperaceae	Cyperaceae	Cyperaceae	Cyperaceae	Cyperaceae	Cyperaceae	100%	6	k141_102398
P002_WH08_00180 	Cyperaceae	Cyperaceae	Cyperaceae	Cyperaceae	Cyperaceae	Orobanchaceae	Cyperaceae	100%	1	k141_41411
P002_WH10_00003 	Poaceae	Poaceae	Poaceae	Poaceae	Poaceae	Violaceae	Poaceae	100%	11	k141_61010
P002_WH11_00078 	Brassicaceae	Brassicaceae	Brassicaceae	Brassicaceae	Brassicaceae	Asteraceae	Brassicaceae	100%	11	k141_160064
P003_WA01_00055 	Rosaceae	Rosaceae	Rosaceae	Rosaceae	Rosaceae	Rosaceae	Rosaceae	100%	12	k141_148152
P003_WA02_00121 	Poaceae	Poaceae	Poaceae	Poaceae	Poaceae	Plantaginaceae	Poaceae	100%	11	k141_79456
P003_WA03_00013 	Polygonaceae	Polygonaceae	Polygonaceae	Polygonaceae	Polygonaceae	Poaceae	Polygonaceae	100%	11	k141_47497
P003_WA04_00107 	Crassulaceae	Crassulaceae	Crassulaceae	Crassulaceae	Apiaceae	Asteraceae	Crassulaceae	100%	11	k141_103733
P003_WA06_00047 	Poaceae	Poaceae	Poaceae	Poaceae	Poaceae	Fabaceae	Poaceae	100%	11	k141_137789
P003_WA07_00111 	Cyperaceae	Cyperaceae	Cyperaceae	Cyperaceae	Cyperaceae	Plumbaginaceae	Cyperaceae	100%	1	k141_28404
P003_WA07_00214 	Cyperaceae	Poaceae	Cyperaceae	Poaceae	Poaceae	Salicaceae	Poaceae	100%	3	k141_50688
P003_WA07_00215 	Cyperaceae	Poaceae	Poaceae	Cyperaceae	Poaceae	Poaceae	Poaceae	100%	1	k141_162553
P003_WA08_00053 	Asteraceae	Asteraceae	Asteraceae	Asteraceae	Plantaginaceae	Polygonaceae	Asteraceae	100%	11	k141_40568
P003_WA09_00082 	Caryophyllaceae	Caryophyllaceae	Caryophyllaceae	Caryophyllaceae	Caryophyllaceae	Asteraceae	Caryophyllaceae	100%	11	k141_109629
P003_WA10_00115 	Gentianaceae	Primulaceae	Primulaceae	Primulaceae	Primulaceae	Plantaginaceae	Primulaceae	100%	2	k141_68478
P003_WA10_00178 	Gentianaceae	Gentianaceae	Gentianaceae	Gentianaceae	Gentianaceae	Ranunculaceae	Gentianaceae	100%	12	k141_82999
P003_WA11_00108 	Primulaceae	Primulaceae	Primulaceae	Primulaceae	Primulaceae	Ranunculaceae	Primulaceae	100%	12	k141_28226
P003_WB01_00033 	Asteraceae	Asteraceae	Asteraceae	Asteraceae	Plantaginaceae	Campanulaceae	Asteraceae	100%	11	k141_103372
P003_WB02_00086 	Rubiaceae	Rubiaceae	Rubiaceae	Rubiaceae	Apiaceae	Caprifoliaceae	Rubiaceae	100%	12	k141_74561
P003_WB03_00052 	Equisetaceae	Equisetaceae	Equisetaceae	Equisetaceae	Equisetaceae	Rosaceae	Equisetaceae	100%	1	k141_3855
P003_WB03_00072 	Equisetaceae	Equisetaceae	Equisetaceae	Equisetaceae	Equisetaceae	Poaceae	Equisetaceae	100%	17	k141_47168
P003_WB04_00044 	Cyperaceae	Cyperaceae	Cyperaceae	Cyperaceae	Cyperaceae	Betulaceae	Cyperaceae	100%	5	k141_31098
P003_WB05_00074 	Saxifragaceae	Saxifragaceae	Saxifragaceae	Saxifragaceae	Saxifragaceae	Saxifragaceae	Saxifragaceae	100%	11	k141_71095
P003_WB06_00013 	Caryophyllaceae	Caryophyllaceae	Caryophyllaceae	Caryophyllaceae	Caryophyllaceae	Poaceae	Caryophyllaceae	100%	11	k141_1494
P003_WB07_00002 	Ericaceae	Ericaceae	Ericaceae	Ericaceae	Ericaceae	Poaceae	Ericaceae	100%	1	k141_57508
P003_WB08_00084 	Asteraceae	Asteraceae	Asteraceae	Asteraceae	Poaceae	Poaceae	Asteraceae	100%	11	k141_60184
P003_WB09_00024 	Cyperaceae	Cyperaceae	Cyperaceae	Cyperaceae	Cyperaceae	Plantaginaceae	Cyperaceae	100%	6	k141_23955
P003_WB10_00013 	Fabaceae	Fabaceae	Fabaceae	Fabaceae	Fabaceae	Caryophyllaceae	Fabaceae	100%	71	k141_69206
P003_WB11_00001 	Apiaceae	Apiaceae	Apiaceae	Apiaceae	Apiaceae	Orobanchaceae	Apiaceae	100%	12	k141_105133
P003_WC01_00100 	Polygonaceae	Polygonaceae	Polygonaceae	Polygonaceae	Polygonaceae	Ericaceae	Polygonaceae	100%	12	k141_105838
P003_WC03_00108 	Ranunculaceae	Ranunculaceae	Ranunculaceae	Cyperaceae	Ranunculaceae	Ericaceae	Ranunculaceae	100%	11	k141_77841
P003_WC04_00050 	Cyperaceae	Cyperaceae	Cyperaceae	Cyperaceae	Cyperaceae	Caryophyllaceae	Cyperaceae	100%	6	k141_27040
P003_WC05_00013 	Salicaceae	Salicaceae	Salicaceae	Salicaceae	Salicaceae	Poaceae	Salicaceae	100%	12	k141_50202
P003_WC06_00118 	Primulaceae	Primulaceae	Primulaceae	Primulaceae	Primulaceae	Ericaceae	Primulaceae	100%	11	k141_98705
P003_WC07_00217 	Juncaceae	Brassicaceae	Brassicaceae	Brassicaceae	Brassicaceae	Rosaceae	Brassicaceae	100%	11	k141_42119
P003_WC08_00028 	Poaceae	Poaceae	Poaceae	Poaceae	Poaceae	Juncaceae	Poaceae	100%	12	k141_76499
P003_WC09_00102 	Cyperaceae	Cyperaceae	Cyperaceae	Cyperaceae	Cyperaceae	Cyperaceae	Cyperaceae	100%	6	k141_42933
P003_WC10_00002 	Asteraceae	Asteraceae	Asteraceae	Asteraceae	Asteraceae	Poaceae	Asteraceae	100%	12	k141_72196
P003_WC11_00106 	Asteraceae	Asteraceae	Asteraceae	Asteraceae	Asteraceae	Fabaceae	Asteraceae	100%	11	k141_90505
P003_WC12_00244 	Juncaceae	Asteraceae	Asteraceae	Asteraceae	Asteraceae	Liliaceae	Asteraceae	100%	13	k141_139069
P003_WD02_00100 	Brassicaceae	Brassicaceae	Brassicaceae	Brassicaceae	Brassicaceae	Rosaceae	Brassicaceae	100%	11	k141_117077
P003_WD03_00173 	Lentibulariaceae	Lamiaceae	Lamiaceae	Plantaginaceae	Orobanchaceae	Poaceae	Lentibulariaceae	62%	15	k141_83338
P003_WD03_00174 	Lentibulariaceae	Bignoniaceae	Lamiaceae	Rosaceae	Orobanchaceae	Juncaceae	Lentibulariaceae	62%	15	k141_83338
P003_WD04_00001 	Fabaceae	Fabaceae	Fabaceae	Fabaceae	Fabaceae	Cyperaceae	Fabaceae	100%	74	k141_114140
P003_WD06_00111 	Ranunculaceae	Ranunculaceae	Ranunculaceae	Ranunculaceae	Caryophyllaceae	Cyperaceae	Ranunculaceae	100%	12	k141_92352
P003_WD07_00091 	Brassicaceae	Brassicaceae	Brassicaceae	Brassicaceae	Brassicaceae	Salicaceae	Brassicaceae	100%	11	k141_120990
P003_WD08_00033 	Caryophyllaceae	Caryophyllaceae	Caryophyllaceae	Caryophyllaceae	Caryophyllaceae	Saxifragaceae	Caryophyllaceae	100%	11	k141_58787
P003_WD09_00078 	Salicaceae	Salicaceae	Salicaceae	Salicaceae	Salicaceae	Salicaceae	Salicaceae	100%	12	k141_59274
P003_WD10_00026 	Caryophyllaceae	Caryophyllaceae	Rosaceae	Caryophyllaceae	Caryophyllaceae	Ericaceae	Caryophyllaceae	100%	12	k141_38378
P003_WD11_00021 	Primulaceae	Primulaceae	Primulaceae	Primulaceae	Primulaceae	Ranunculaceae	Primulaceae	100%	11	k141_105733
P003_WD12_00167 	Plantaginaceae	Asteraceae	Asteraceae	Asteraceae	Asteraceae	Crassulaceae	Asteraceae	100%	10	k141_44848
P003_WD12_00181 	Plantaginaceae	Plantaginaceae	Asteraceae	Plantaginaceae	Plantaginaceae	Rubiaceae	Plantaginaceae	100%	10	k141_102087
P003_WE01_00018 	Orobanchaceae	Orobanchaceae	Onagraceae	Rosaceae	Orobanchaceae	Apiaceae	Orobanchaceae	100%	12	k141_8739
P003_WE02_00127 	Poaceae	Poaceae	Poaceae	Poaceae	Poaceae	Ranunculaceae	Poaceae	100%	11	k141_118898
P003_WE02_00195 	Poaceae	Asteraceae	Asteraceae	Asteraceae	Asteraceae	Asteraceae	Asteraceae	100%	2	k141_12602
P003_WE03_00101 	Equisetaceae	Equisetaceae	Equisetaceae	Equisetaceae	Equisetaceae	Caryophyllaceae	Equisetaceae	100%	1	k141_49049
P003_WE03_00110 	Equisetaceae	Equisetaceae	Equisetaceae	Equisetaceae	Equisetaceae	Cyperaceae	Equisetaceae	100%	17	k141_15608
P003_WE04_00011 	Poaceae	Poaceae	Poaceae	Poaceae	Poaceae	Ericaceae	Poaceae	100%	11	k141_112061
P003_WE06_00029 	Lycopodiaceae	Lycopodiaceae	Lycopodiaceae	Cupressaceae	Cupressaceae	Poaceae	Lycopodiaceae	100%	1	k141_19218
P003_WE07_00144 	Cyperaceae	Cyperaceae	Cyperaceae	Cyperaceae	Cyperaceae	Brassicaceae	Cyperaceae	100%	6	k141_71039
P003_WE08_00012 	Plantaginaceae	Plantaginaceae	Plantaginaceae	Plantaginaceae	Asteraceae	Orobanchaceae	Plantaginaceae	100%	10	k141_125096
P003_WE09_00118 	Salicaceae	Salicaceae	Salicaceae	Salicaceae	Salicaceae	Rosaceae	Salicaceae	100%	12	k141_77922
P003_WE11_00010 	Cyperaceae	Cyperaceae	Cyperaceae	Cyperaceae	Cyperaceae	Poaceae	Cyperaceae	100%	7	k141_95150
P003_WE12_00052 	Caryophyllaceae	Ranunculaceae	Ranunculaceae	Ranunculaceae	Brassicaceae	Polygonaceae	Ranunculaceae	100%	12	k141_52573
P003_WE12_00132 	Caryophyllaceae	Caryophyllaceae	Ranunculaceae	Caryophyllaceae	Rosaceae	Crassulaceae	Caryophyllaceae	100%	11	k141_79837
P003_WF01_00321 	Onagraceae	Orobanchaceae	Onagraceae	Rosaceae	Orobanchaceae	Papaveraceae	Orobanchaceae	100%	11	k141_129634
P003_WF02_00125 	Rosaceae	Rosaceae	Rosaceae	Cyperaceae	Rosaceae	Poaceae	Rosaceae	100%	12	k141_132018
P003_WF03_00034 	Cyperaceae	Cyperaceae	Cyperaceae	Cyperaceae	Cyperaceae	Cyperaceae	Cyperaceae	100%	7	k141_80014
P003_WF04_00001 	Brassicaceae	Brassicaceae	Brassicaceae	Brassicaceae	Juncaceae	Asteraceae	Brassicaceae	100%	11	k141_112590
P003_WF06_00036 	Asteraceae	Asteraceae	Asteraceae	Juncaceae	Asteraceae	Caryophyllaceae	Asteraceae	100%	12	k141_138716
P003_WF07_00072 	Caryophyllaceae	Caryophyllaceae	Caryophyllaceae	Caryophyllaceae	Caryophyllaceae	Gentianaceae	Caryophyllaceae	100%	11	k141_7715
P003_WF08_00122 	Salicaceae	Salicaceae	Salicaceae	Salicaceae	Salicaceae	Primulaceae	Salicaceae	100%	12	k141_81919
P003_WF09_00002 	Gentianaceae	Gentianaceae	Gentianaceae	Gentianaceae	Gentianaceae	Poaceae	Gentianaceae	100%	11	k141_97592
P003_WF10_00114 	Caryophyllaceae	Caryophyllaceae	Rosaceae	Caryophyllaceae	Caryophyllaceae	Asteraceae	Caryophyllaceae	100%	12	k141_55102
P003_WF11_00177 	Ranunculaceae	Caryophyllaceae	Ranunculaceae	Caryophyllaceae	Rosaceae	Rubiaceae	Caryophyllaceae	100%	5	k141_5536
P003_WF11_00196 	Ranunculaceae	Ranunculaceae	Ranunculaceae	Ranunculaceae	Brassicaceae	Equisetaceae	Ranunculaceae	100%	11	k141_105020
P003_WF12_00011 	Poaceae	Poaceae	Poaceae	Poaceae	Poaceae	Cyperaceae	Poaceae	100%	11	k141_83604
P003_WG01_00115 	Ranunculaceae	Ranunculaceae	Cyperaceae	Ranunculaceae	Ranunculaceae	Saxifragaceae	Ranunculaceae	100%	10	k141_131240
P003_WG02_00220 	Cyperaceae	Ranunculaceae	Ranunculaceae	Ranunculaceae	Ranunculaceae	Caryophyllaceae	Ranunculaceae	100%	7	k141_13546
P003_WG02_00323 	Cyperaceae	Cyperaceae	Cyperaceae	Cyperaceae	Cyperaceae	Ericaceae	Cyperaceae	100%	1	k141_31081
P003_WG02_00403 	Cyperaceae	Rosaceae	Rosaceae	Cyperaceae	Rosaceae	Asteraceae	Rosaceae	100%	12	k141_80424
P003_WG03_00021 	Primulaceae	Primulaceae	Primulaceae	Primulaceae	Primulaceae	Cyperaceae	Primulaceae	100%	12	k141_22044
P003_WG04_00102 	Brassicaceae	Brassicaceae	Brassicaceae	Brassicaceae	Juncaceae	Fabaceae	Brassicaceae	100%	11	k141_45251
P003_WG05_00123 	Asteraceae	Asteraceae	Asteraceae	Asteraceae	Asteraceae	Apiaceae	Asteraceae	100%	11	k141_136735
P003_WG06_00031 	Lentibulariaceae	Lamiaceae	Lentibulariaceae	Fabaceae	Plantaginaceae	Crassulaceae	Lentibulariaceae	50%	6	k141_97737
P003_WG07_00001 	Orobanchaceae	Orobanchaceae	Orobanchaceae	Rosaceae	Orobanchaceae	Polygonaceae	Orobanchaceae	100%	3	k141_113774
P003_WG07_00002 	Orobanchaceae	Orobanchaceae	Orobanchaceae	Orobanchaceae	Orobanchaceae	Ericaceae	Orobanchaceae	100%	3	k141_113774
P003_WG07_00003 	Orobanchaceae	Orobanchaceae	Rosaceae	Orobanchaceae	Orobanchaceae	Ranunculaceae	Orobanchaceae	100%	3	k141_113774
P003_WG08_00001 	Brassicaceae	Saxifragaceae	Saxifragaceae	Saxifragaceae	Saxifragaceae	Cyperaceae	Saxifragaceae	100%	14	k141_53069
P003_WG08_00096 	Brassicaceae	Brassicaceae	Brassicaceae	Brassicaceae	Brassicaceae	Salicaceae	Brassicaceae	100%	12	k141_128537
P003_WG09_00097 	Poaceae	Poaceae	Poaceae	Poaceae	Poaceae	Primulaceae	Poaceae	100%	11	k141_119877
P003_WG11_00122 	Asteraceae	Asteraceae	Asteraceae	Asteraceae	Asteraceae	Juncaceae	Asteraceae	100%	11	k141_72394
P003_WG11_00195 	Asteraceae	Cyperaceae	Cyperaceae	Cyperaceae	Cyperaceae	Poaceae	Cyperaceae	100%	2	k141_53970
P003_WG11_00412 	Asteraceae	Plantaginaceae	Plantaginaceae	Plantaginaceae	Plantaginaceae	Cyperaceae	Plantaginaceae	100%	10	k141_128044
P003_WG12_00123 	Cyperaceae	Cyperaceae	Asteraceae	Cyperaceae	Cyperaceae	Asteraceae	Cyperaceae	100%	6	k141_30295
P003_WH02_00165 	Orobanchaceae	Orobanchaceae	Orobanchaceae	Rosaceae	Orobanchaceae	Asteraceae	Orobanchaceae	100%	12	k141_95057
P003_WH03_00001 	Primulaceae	Primulaceae	Primulaceae	Primulaceae	Primulaceae	Juncaceae	Primulaceae	100%	11	k141_57612
P003_WH05_00121 	Campanulaceae	Campanulaceae	Campanulaceae	Campanulaceae	Campanulaceae	Ericaceae	Campanulaceae	100%	5	k141_25026
P003_WH06_00016 	Saxifragaceae	Saxifragaceae	Brassicaceae	Saxifragaceae	Saxifragaceae	Brassicaceae	Saxifragaceae	100%	13	k141_42543
P003_WH08_00121 	Papaveraceae	Papaveraceae	Ranunculaceae	Cyperaceae	Ranunculaceae	Lentibulariaceae	Papaveraceae	100%	12	k141_71911
P003_WH09_00046 	Saxifragaceae	Saxifragaceae	Saxifragaceae	Saxifragaceae	Saxifragaceae	Fabaceae	Saxifragaceae	100%	11	k141_2070
P003_WH10_00106 	Brassicaceae	Brassicaceae	Brassicaceae	Brassicaceae	Brassicaceae	Brassicaceae	Brassicaceae	100%	11	k141_156880
P003_WH11_00098 	Asteraceae	Asteraceae	Asteraceae	Asteraceae	Asteraceae	Ranunculaceae	Asteraceae	100%	12	k141_91382
P003_WH12_00081 	Cyperaceae	Cyperaceae	Asteraceae	Cyperaceae	Cyperaceae	Brassicaceae	Cyperaceae	100%	1	k141_48280
P004_WA02_00109 	Primulaceae	Primulaceae	Primulaceae	Primulaceae	Primulaceae	Caryophyllaceae	Primulaceae	100%	11	k141_33871
P004_WB01_00042 	Poaceae	Poaceae	Poaceae	Poaceae	Poaceae	Salicaceae	Poaceae	100%	23	k141_30287
P004_WB02_00034 	Ericaceae	Ericaceae	Ericaceae	Ericaceae	Ericaceae	Caryophyllaceae	Ericaceae	100%	5	k141_7407
P004_WC01_00060 	Poaceae	Poaceae	Poaceae	Poaceae	Poaceae	Primulaceae	Poaceae	100%	11	k141_56017
P004_WC02_00041 	Polygonaceae	Polygonaceae	Polygonaceae	Polygonaceae	Polygonaceae	Plantaginaceae	Polygonaceae	100%	11	k141_55432
P004_WD01_00036 	Poaceae	Poaceae	Poaceae	Poaceae	Poaceae	Orobanchaceae	Poaceae	100%	12	k141_139402
P004_WD02_00100 	Asteraceae	Asteraceae	Asteraceae	Poaceae	Asteraceae	Poaceae	Asteraceae	100%	11	k141_5952
P004_WF01_00050 	Cupressaceae	Cupressaceae	Cupressaceae	Juncaceae	Lycopodiaceae	Equisetaceae	Cupressaceae	100%	44	k141_9113
P004_WG01_00112 	Rosaceae	Rosaceae	Rosaceae	Rosaceae	Rosaceae	Poaceae	Rosaceae	100%	12	k141_57121
P004_WH01_00018 	Caryophyllaceae	Caryophyllaceae	Caryophyllaceae	Caryophyllaceae	Rosaceae	Asteraceae	Caryophyllaceae	100%	11	k141_9951
P8807_501_00004 	Ericaceae	Ericaceae	Ericaceae	Ericaceae	Ericaceae	Lycopodiaceae	Ericaceae	100%	1	k141_45667
P8807_502_00027 	Lycopodiaceae	Lycopodiaceae	Lycopodiaceae	Cupressaceae	Cupressaceae	Cyperaceae	Lycopodiaceae	100%	1	k141_35945
P8807_503_00010 	Ericaceae	Ericaceae	Ericaceae	Ericaceae	Ericaceae	Plantaginaceae	Ericaceae	100%	4	k141_2577
P8807_503_00011 	Ericaceae	Ericaceae	Ericaceae	Ericaceae	Asteraceae	Salicaceae	Ericaceae	100%	4	k141_2577
P8807_503_00012 	Ericaceae	Ericaceae	Ericaceae	Ericaceae	Ericaceae	Orobanchaceae	Ericaceae	100%	4	k141_2577
P8807_503_00013 	Ericaceae	Ericaceae	Ericaceae	Ericaceae	Ericaceae	Cyperaceae	Ericaceae	100%	4	k141_2577
P8807_504_00026 	Salicaceae	Salicaceae	Salicaceae	Salicaceae	Salicaceae	Caryophyllaceae	Salicaceae	100%	8	k141_23844
P8807_505_00127 	Cyperaceae	Cyperaceae	Cyperaceae	Cyperaceae	Cyperaceae	Onagraceae	Cyperaceae	100%	1	k141_153169
P8807_506_00052 	Poaceae	Poaceae	Poaceae	Poaceae	Poaceae	Rosaceae	Poaceae	100%	12	k141_47336
P8807_508_00083 	Asteraceae	Asteraceae	Asteraceae	Asteraceae	Asteraceae	Cyperaceae	Asteraceae	100%	2	k141_28004
P8807_509_00027 	Orobanchaceae	Orobanchaceae	Rosaceae	Orobanchaceae	Orobanchaceae	Brassicaceae	Orobanchaceae	100%	5	k141_9841
P8807_509_00028 	Orobanchaceae	Orobanchaceae	Orobanchaceae	Orobanchaceae	Onagraceae	Orobanchaceae	Orobanchaceae	100%	5	k141_9841
P8807_509_00029 	Orobanchaceae	Orobanchaceae	Rosaceae	Orobanchaceae	Orobanchaceae	Asteraceae	Orobanchaceae	100%	5	k141_9841
P8807_510_00025 	Violaceae	Violaceae	Violaceae	Salicaceae	Salicaceae	Caryophyllaceae	Violaceae	100%	1	k141_26519
P8807_511_00117 	Poaceae	Poaceae	Poaceae	Poaceae	Poaceae	Salicaceae	Poaceae	100%	12	k141_77488
P8807_512_00062 	Cyperaceae	Cyperaceae	Cyperaceae	Cyperaceae	Asteraceae	Gentianaceae	Cyperaceae	100%	7	k141_55611
P8807_514_00119 	Ericaceae	Ericaceae	Ericaceae	Ericaceae	Ericaceae	Caryophyllaceae	Ericaceae	100%	1	k141_106042
P8807_515_00112 	Asteraceae	Asteraceae	Asteraceae	Plantaginaceae	Asteraceae	Ranunculaceae	Asteraceae	100%	12	k141_56692
P8807_516_00015 	Caryophyllaceae	Caryophyllaceae	Caryophyllaceae	Caryophyllaceae	Caryophyllaceae	Poaceae	Caryophyllaceae	100%	1	k141_21236
P8807_517_00062 	Ericaceae	Ericaceae	Ericaceae	Ericaceae	Ericaceae	Ranunculaceae	Ericaceae	100%	6	k141_38648
P8807_518_00002 	Cyperaceae	Cyperaceae	Cyperaceae	Cyperaceae	Cyperaceae	Cyperaceae	Cyperaceae	100%	1	k141_5465
P8807_519_00091 	Salicaceae	Salicaceae	Salicaceae	Salicaceae	Salicaceae	Primulaceae	Salicaceae	100%	8	k141_120665
P8807_520_00070 	Juncaceae	Juncaceae	Juncaceae	Cyperaceae	Cyperaceae	Brassicaceae	Juncaceae	100%	1	k141_63603
P8807_521_00098 	Ericaceae	Ericaceae	Ericaceae	Ericaceae	Ericaceae	Asteraceae	Ericaceae	100%	1	k141_163580
P8807_522_00087 	Rosaceae	Rosaceae	Rosaceae	Rosaceae	Cyperaceae	Lentibulariaceae	Rosaceae	100%	1	k141_110593
P8807_523_00075 	Salicaceae	Salicaceae	Salicaceae	Salicaceae	Salicaceae	Orobanchaceae	Salicaceae	100%	8	k141_126816
P8807_524_00044 	Orobanchaceae	Orobanchaceae	Rosaceae	Orobanchaceae	Orobanchaceae	Brassicaceae	Orobanchaceae	100%	2	k141_40370
P8807_524_00045 	Orobanchaceae	Orobanchaceae	Orobanchaceae	Orobanchaceae	Orobanchaceae	Poaceae	Orobanchaceae	100%	2	k141_40370
P8807_525_00105 	Rosaceae	Rosaceae	Rosaceae	Rosaceae	Rosaceae	Juncaceae	Rosaceae	100%	1	k141_129804
P8807_526_00024 	Equisetaceae	Equisetaceae	Equisetaceae	Equisetaceae	Equisetaceae	Asteraceae	Equisetaceae	100%	1	k141_6621
P8807_526_00053 	Equisetaceae	Equisetaceae	Equisetaceae	Equisetaceae	Equisetaceae	Cyperaceae	Equisetaceae	100%	6	k141_16019
P8807_528_00036 	Diapensiaceae	Diapensiaceae	Ericaceae	Primulaceae	Asteraceae	Orobanchaceae	Diapensiaceae	100%	12	k141_9189
P8807_528_00037 	Diapensiaceae	Diapensiaceae	Primulaceae	Primulaceae	Primulaceae	Orobanchaceae	Diapensiaceae	100%	12	k141_9189
P8807_530_00101 	Cyperaceae	Cyperaceae	Cyperaceae	Cyperaceae	Cyperaceae	Primulaceae	Cyperaceae	100%	7	k141_58266
WA01_00081 	Rosaceae	Rosaceae	Rosaceae	Rosaceae	Rosaceae	Cyperaceae	Rosaceae	100%	12	k141_68407
WA02_00090 	Salicaceae	Salicaceae	Salicaceae	Salicaceae	Salicaceae	Campanulaceae	Salicaceae	100%	12	k141_27267
WA03_00061 	Poaceae	Poaceae	Poaceae	Poaceae	Poaceae	Saxifragaceae	Poaceae	100%	11	k141_71915
WA04_00106 	Ericaceae	Ericaceae	Ericaceae	Ericaceae	Ericaceae	Ranunculaceae	Ericaceae	95%	20	k141_33897
WA04_00107 	Ericaceae	Ericaceae	Ericaceae	Ericaceae	Ericaceae	Papaveraceae	Ericaceae	95%	20	k141_33897
WA04_00108 	Ericaceae	Ericaceae	Ericaceae	Ericaceae	Ericaceae	Saxifragaceae	Ericaceae	95%	20	k141_33897
WA04_00109 	Ericaceae	Ericaceae	Ericaceae	Ericaceae	Ericaceae	Brassicaceae	Ericaceae	95%	20	k141_33897
WA05_00062 	Lentibulariaceae	Scrophulariaceae	Lentibulariaceae	Rosaceae	Orobanchaceae	Asteraceae	Lentibulariaceae	56%	9	k141_4826
WA05_00063 	Lentibulariaceae	Lamiaceae	Lamiaceae	Orobanchaceae	Onagraceae	Cyperaceae	Lentibulariaceae	56%	9	k141_4826
WA05_00064 	Lentibulariaceae	Oleaceae	Lentibulariaceae	Lamiaceae	Plantaginaceae	Cyperaceae	Lentibulariaceae	56%	9	k141_4826
WA05_00065 	Lentibulariaceae	Paulowniaceae	Plantaginaceae	Asteraceae	Lamiaceae	Primulaceae	Lentibulariaceae	56%	9	k141_4826
WA06_00001 	Caryophyllaceae	Caryophyllaceae	Caryophyllaceae	Caryophyllaceae	Caryophyllaceae	Poaceae	Caryophyllaceae	100%	11	k141_10648
WA07_00013 	Saxifragaceae	Saxifragaceae	Saxifragaceae	Saxifragaceae	Saxifragaceae	Ericaceae	Saxifragaceae	100%	11	k141_4551
WA08_00038 	Ericaceae	Ericaceae	Ericaceae	Ericaceae	Ericaceae	Poaceae	Ericaceae	100%	1	k141_44547
WA09_00102 	Ericaceae	Ericaceae	Ericaceae	Ericaceae	Ericaceae	Polygonaceae	Ericaceae	85%	6	k141_39431
WA10_00038 	Juncaceae	Cupressaceae	Cupressaceae	Juncaceae	Lycopodiaceae	Poaceae	Cupressaceae	100%	12	k141_19883
WA11_00114 	Cyperaceae	Cyperaceae	Cyperaceae	Cyperaceae	Cyperaceae	Asteraceae	Cyperaceae	100%	1	k141_47451
WA12_00059 	Polygonaceae	Polygonaceae	Polygonaceae	Polygonaceae	Polygonaceae	Pinaceae	Polygonaceae	100%	11	k141_24804
WB01_00128 	Cyperaceae	Cyperaceae	Cyperaceae	Cyperaceae	Asteraceae	Cupressaceae	Cyperaceae	100%	1	k141_46437
WB02_00067 	Geraniaceae	Geraniaceae	Geraniaceae	Betulaceae	Betulaceae	Rosaceae	Geraniaceae	100%	1	k141_11125
WB03_00001 	Campanulaceae	Campanulaceae	Campanulaceae	Campanulaceae	Campanulaceae	Caryophyllaceae	Campanulaceae	100%	1	k141_2176
WB04_00001 	Equisetaceae	Equisetaceae	Equisetaceae	Equisetaceae	Equisetaceae	Rosaceae	Equisetaceae	100%	1	k141_1264
WB05_00024 	Asteraceae	Asteraceae	Asteraceae	Asteraceae	Plantaginaceae	Salicaceae	Asteraceae	100%	13	k141_8219
WB06_00027 	Poaceae	Poaceae	Poaceae	Poaceae	Poaceae	Poaceae	Poaceae	100%	11	k141_11199
WB07_00012 	Polygonaceae	Polygonaceae	Polygonaceae	Polygonaceae	Polygonaceae	Ericaceae	Polygonaceae	100%	21	k141_17442
WB08_00005 	Primulaceae	Primulaceae	Primulaceae	Primulaceae	Primulaceae	Lentibulariaceae	Primulaceae	100%	1	k141_24496
WB10_00094 	Rosaceae	Rosaceae	Rosaceae	Rosaceae	Rosaceae	Caryophyllaceae	Rosaceae	100%	12	k141_39168
WB11_00111 	Asteraceae	Asteraceae	Asteraceae	Asteraceae	Asteraceae	Saxifragaceae	Asteraceae	100%	2	k141_41432
WB12_00127 	Asteraceae	Asteraceae	Asteraceae	Asteraceae	Cyperaceae	Ericaceae	Asteraceae	100%	12	k141_38664
WC01_00148 	Cyperaceae	Cyperaceae	Cyperaceae	Cyperaceae	Cyperaceae	Ericaceae	Cyperaceae	100%	6	k141_44900
WC02_00004 	Ericaceae	Ericaceae	Ericaceae	Ericaceae	Primulaceae	Juncaceae	Ericaceae	100%	1	k141_1073
WC03_00026 	Ericaceae	Ericaceae	Ericaceae	Ericaceae	Ericaceae	Cyperaceae	Ericaceae	100%	34	k141_5656
WC03_00027 	Ericaceae	Ericaceae	Ericaceae	Ericaceae	Ericaceae	Polygonaceae	Ericaceae	100%	34	k141_5656
WC03_00028 	Ericaceae	Ericaceae	Ericaceae	Ericaceae	Asteraceae	Cyperaceae	Ericaceae	100%	34	k141_5656
WC03_00029 	Ericaceae	Ericaceae	Ericaceae	Ericaceae	Ericaceae	Geraniaceae	Ericaceae	100%	34	k141_5656
WC03_00032 	Ericaceae	Ericaceae	Ericaceae	Ericaceae	Ericaceae	Campanulaceae	Ericaceae	100%	34	k141_5656
WC03_00033 	Ericaceae	Ericaceae	Ericaceae	Ericaceae	Asteraceae	Equisetaceae	Ericaceae	100%	34	k141_5656
WC03_00034 	Ericaceae	Ericaceae	Ericaceae	Ericaceae	Ericaceae	Asteraceae	Ericaceae	100%	34	k141_5656
WC03_00035 	Ericaceae	Ericaceae	Ericaceae	Ericaceae	Ericaceae	Poaceae	Ericaceae	100%	34	k141_5656
WC04_00015 	Poaceae	Poaceae	Poaceae	Poaceae	Poaceae	Polygonaceae	Poaceae	100%	11	k141_41371
WC05_00091 	Cyperaceae	Cyperaceae	Cyperaceae	Cyperaceae	Asteraceae	Primulaceae	Cyperaceae	100%	1	k141_56671
WC06_00079 	Ericaceae	Ericaceae	Ericaceae	Ericaceae	Ericaceae	Saxifragaceae	Ericaceae	100%	1	k141_93146
