P001_WA03_00027 	Cyperaceae	Cyperaceae	Cyperaceae	Cyperaceae	Cyperaceae	Cyperaceae
P001_WA04_00107 	Salicaceae	Salicaceae	Salicaceae	Salicaceae	Salicaceae	Salicaceae
P001_WA05_00119 	Poaceae	Poaceae	Poaceae	Poaceae	Poaceae	Poaceae
P001_WA06_00104 	Cyperaceae	Cyperaceae	Cyperaceae	Cyperaceae	Cyperaceae	Cyperaceae
P001_WA07_00101 	Asteraceae	Asteraceae	Asteraceae	Asteraceae	Asteraceae	Asteraceae
P001_WA08_00022 	Cyperaceae	Cyperaceae	Cyperaceae	Cyperaceae	Cyperaceae	Cyperaceae
P001_WA10_00106 	Rubiaceae	Rubiaceae	Rubiaceae	Rubiaceae	Apiaceae	Apiaceae
P001_WA11_00103 	Campanulaceae	Campanulaceae	Campanulaceae	Campanulaceae	Campanulaceae	Campanulaceae
P001_WA12_00032 	Asteraceae	Asteraceae	Asteraceae	Asteraceae	Asteraceae	Asteraceae
P001_WB01_00247 	Brassicaceae	Ranunculaceae	Caryophyllaceae	Ranunculaceae	Ranunculaceae	Ranunculaceae
P001_WB01_00267 	Brassicaceae	Salicaceae	Salicaceae	Salicaceae	Salicaceae	Salicaceae
P001_WB01_00422 	Brassicaceae	Brassicaceae	Brassicaceae	Brassicaceae	Brassicaceae	Brassicaceae
P001_WB01_00463 	Brassicaceae	Poaceae	Poaceae	Poaceae	Poaceae	Poaceae
P001_WB02_00111 	Salicaceae	Salicaceae	Salicaceae	Salicaceae	Salicaceae	Salicaceae
P001_WB02_00229 	Salicaceae	Poaceae	Salicaceae	Poaceae	Poaceae	Poaceae
P001_WB03_00063 	Cyperaceae	Cyperaceae	Cyperaceae	Cyperaceae	Cyperaceae	Cyperaceae
P001_WB04_00130 	Betulaceae	Betulaceae	Betulaceae	Rosaceae	Rosaceae	Cyperaceae
P001_WB05_00029 	Poaceae	Poaceae	Poaceae	Poaceae	Poaceae	Poaceae
P001_WB06_00078 	Gentianaceae	Gentianaceae	Gentianaceae	Gentianaceae	Gentianaceae	Gentianaceae
P001_WB07_00030 	Fabaceae	Fabaceae	Fabaceae	Fabaceae	Fabaceae	Fabaceae
P001_WB08_00120 	Poaceae	Poaceae	Poaceae	Poaceae	Poaceae	Poaceae
P001_WB09_00115 	Asteraceae	Asteraceae	Asteraceae	Asteraceae	Asteraceae	Asteraceae
P001_WB10_00125 	Poaceae	Poaceae	Poaceae	Poaceae	Poaceae	Poaceae
P001_WB11_00039 	Campanulaceae	Campanulaceae	Campanulaceae	Campanulaceae	Campanulaceae	Campanulaceae
P001_WB12_00132 	Asteraceae	Asteraceae	Asteraceae	Asteraceae	Asteraceae	Asteraceae
P001_WC02_00061 	Poaceae	Poaceae	Poaceae	Poaceae	Poaceae	Poaceae
P001_WC03_00086 	Asteraceae	Asteraceae	Asteraceae	Asteraceae	Asteraceae	Asteraceae
P001_WC04_00013 	Cupressaceae	Cupressaceae	Cupressaceae	Juncaceae	Lycopodiaceae	Lycopodiaceae
P001_WC06_00044 	Gentianaceae	Gentianaceae	Gentianaceae	Gentianaceae	Gentianaceae	Gentianaceae
P001_WC07_00057 	Asteraceae	Asteraceae	Asteraceae	Asteraceae	Asteraceae	Asteraceae
P001_WC08_00128 	Apiaceae	Apiaceae	Apiaceae	Apiaceae	Apiaceae	Apiaceae
P001_WC09_00104 	Lamiaceae	Lamiaceae	Rosaceae	Orobanchaceae	Orobanchaceae	Onagraceae
P001_WC10_00015 	Apiaceae	Apiaceae	Apiaceae	Apiaceae	Apiaceae	Apiaceae
P001_WC11_00036 	Polygonaceae	Polygonaceae	Polygonaceae	Polygonaceae	Polygonaceae	Polygonaceae
P001_WC12_00081 	Cyperaceae	Cyperaceae	Cyperaceae	Cyperaceae	Cyperaceae	Cyperaceae
P001_WD01_00118 	Poaceae	Poaceae	Poaceae	Poaceae	Poaceae	Poaceae
P001_WD02_00105 	Saxifragaceae	Saxifragaceae	Saxifragaceae	Saxifragaceae	Saxifragaceae	Saxifragaceae
P001_WD03_00023 	Poaceae	Poaceae	Poaceae	Poaceae	Poaceae	Poaceae
P001_WD04_00088 	Ericaceae	Ericaceae	Ericaceae	Ericaceae	Ericaceae	Ericaceae
P001_WD05_00030 	Poaceae	Poaceae	Brassicaceae	Poaceae	Poaceae	Poaceae
P001_WD06_00109 	Campanulaceae	Campanulaceae	Campanulaceae	Campanulaceae	Campanulaceae	Campanulaceae
P001_WD07_00109 	Caryophyllaceae	Caryophyllaceae	Caryophyllaceae	Caryophyllaceae	Caryophyllaceae	Caryophyllaceae
P001_WD08_00005 	Caryophyllaceae	Caryophyllaceae	Caryophyllaceae	Caryophyllaceae	Caryophyllaceae	Caryophyllaceae
P001_WD08_00237 	Caryophyllaceae	Boraginaceae	Boraginaceae	Apiaceae	Apiaceae	Apiaceae
P001_WD09_00071 	Gentianaceae	Gentianaceae	Gentianaceae	Gentianaceae	Gentianaceae	Gentianaceae
P001_WD10_00109 	Boraginaceae	Boraginaceae	Caryophyllaceae	Apiaceae	Asteraceae	Poaceae
P001_WD11_00067 	Crassulaceae	Asteraceae	Asteraceae	Cyperaceae	Asteraceae	Asteraceae
P001_WD11_00111 	Crassulaceae	Crassulaceae	Crassulaceae	Crassulaceae	Apiaceae	Apiaceae
P001_WD11_00141 	Crassulaceae	Cyperaceae	Cyperaceae	Cyperaceae	Cyperaceae	Cyperaceae
P001_WD11_00247 	Crassulaceae	Asteraceae	Asteraceae	Cyperaceae	Asteraceae	Asteraceae
P001_WD12_00130 	Asteraceae	Asteraceae	Cyperaceae	Asteraceae	Asteraceae	Asteraceae
P001_WE01_00093 	Caryophyllaceae	Caryophyllaceae	Caryophyllaceae	Caryophyllaceae	Rosaceae	Caryophyllaceae
P001_WE02_00077 	Cyperaceae	Cyperaceae	Cyperaceae	Cyperaceae	Cyperaceae	Cyperaceae
P001_WE03_00002 	Ranunculaceae	Ranunculaceae	Ranunculaceae	Ranunculaceae	Caryophyllaceae	Ranunculaceae
P001_WE04_00004 	Tofieldiaceae	Cyperaceae	Cyperaceae	Cyperaceae	Cyperaceae	Cyperaceae
P001_WE04_00054 	Tofieldiaceae	Tofieldiaceae	Liliaceae	Gentianaceae	Primulaceae	Primulaceae
P001_WE04_00055 	Tofieldiaceae	Tofieldiaceae	Liliaceae	Liliaceae	Orchidaceae	Ranunculaceae
P001_WE05_00001 	Ericaceae	Ericaceae	Ericaceae	Ericaceae	Ericaceae	Ericaceae
P001_WE06_00096 	Poaceae	Poaceae	Poaceae	Poaceae	Poaceae	Poaceae
P001_WE08_00002 	Caprifoliaceae	Caprifoliaceae	Caprifoliaceae	Plantaginaceae	Asteraceae	Asteraceae
P001_WE10_00023 	Asteraceae	Asteraceae	Asteraceae	Cyperaceae	Asteraceae	Asteraceae
P001_WE11_00127 	Poaceae	Poaceae	Poaceae	Poaceae	Poaceae	Poaceae
P001_WE12_00001 	Cyperaceae	Hypericaceae	Hypericaceae	Poaceae	Poaceae	Poaceae
P001_WE12_00007 	Cyperaceae	Asteraceae	Cyperaceae	Asteraceae	Asteraceae	Asteraceae
P001_WE12_00223 	Cyperaceae	Cyperaceae	Cyperaceae	Cyperaceae	Cyperaceae	Cyperaceae
P001_WF01_00007 	Equisetaceae	Equisetaceae	Equisetaceae	Equisetaceae	Equisetaceae	Equisetaceae
P001_WF01_00153 	Equisetaceae	Equisetaceae	Equisetaceae	Equisetaceae	Equisetaceae	Saxifragaceae
P001_WF02_00023 	Cyperaceae	Cyperaceae	Cyperaceae	Cyperaceae	Cyperaceae	Orobanchaceae
P001_WF03_00100 	Caryophyllaceae	Caryophyllaceae	Caryophyllaceae	Caryophyllaceae	Caryophyllaceae	Cyperaceae
P001_WF04_00078 	Caryophyllaceae	Caryophyllaceae	Caryophyllaceae	Caryophyllaceae	Caryophyllaceae	Salicaceae
P001_WF05_00046 	Asteraceae	Asteraceae	Asteraceae	Poaceae	Asteraceae	Poaceae
P001_WF06_00017 	Orobanchaceae	Poaceae	Poaceae	Poaceae	Poaceae	Cyperaceae
P001_WF07_00121 	Poaceae	Poaceae	Poaceae	Poaceae	Poaceae	Asteraceae
P001_WF08_00001 	Orchidaceae	Orchidaceae	Liliaceae	Liliaceae	Betulaceae	Cyperaceae
P001_WF09_00023 	Gentianaceae	Gentianaceae	Gentianaceae	Gentianaceae	Gentianaceae	Ophioglossaceae
P001_WF10_00001 	Fabaceae	Fabaceae	Fabaceae	Fabaceae	Fabaceae	Rubiaceae
P001_WF11_00113 	Apiaceae	Apiaceae	Apiaceae	Apiaceae	Apiaceae	Campanulaceae
P001_WF12_00093 	Geraniaceae	Geraniaceae	Geraniaceae	Betulaceae	Betulaceae	Asteraceae
P001_WG01_00001 	Ranunculaceae	Ranunculaceae	Cyperaceae	Ranunculaceae	Ranunculaceae	Brassicaceae
P001_WG01_00002 	Ranunculaceae	Ranunculaceae	Cyperaceae	Ranunculaceae	Ranunculaceae	Salicaceae
P001_WG02_00324 	Cyperaceae	Ranunculaceae	Cyperaceae	Ranunculaceae	Ranunculaceae	Cyperaceae
P001_WG02_00325 	Cyperaceae	Ranunculaceae	Cyperaceae	Ranunculaceae	Ranunculaceae	Betulaceae
P001_WG04_00141 	Cyperaceae	Cyperaceae	Cyperaceae	Cyperaceae	Cyperaceae	Poaceae
P001_WG05_00011 	Caryophyllaceae	Caryophyllaceae	Caryophyllaceae	Caryophyllaceae	Caryophyllaceae	Gentianaceae
P001_WG06_00047 	Saxifragaceae	Saxifragaceae	Saxifragaceae	Saxifragaceae	Saxifragaceae	Fabaceae
P001_WG07_00100 	Gentianaceae	Gentianaceae	Gentianaceae	Gentianaceae	Gentianaceae	Poaceae
P001_WG08_00123 	Asteraceae	Asteraceae	Asteraceae	Asteraceae	Asteraceae	Asteraceae
P001_WG10_00024 	Asteraceae	Asteraceae	Asteraceae	Asteraceae	Cyperaceae	Poaceae
P001_WG11_00115 	Liliaceae	Liliaceae	Liliaceae	Orchidaceae	Ranunculaceae	Campanulaceae
P001_WG12_00081 	Poaceae	Poaceae	Poaceae	Poaceae	Poaceae	Asteraceae
P001_WH01_00117 	Celastraceae	Celastraceae	Rosaceae	Rosaceae	Cyperaceae	Ranunculaceae
P001_WH01_00118 	Celastraceae	Celastraceae	Rosaceae	Rosaceae	Betulaceae	Poaceae
P001_WH02_00154 	Salicaceae	Salicaceae	Salicaceae	Salicaceae	Salicaceae	Asteraceae
P001_WH03_00053 	Cyperaceae	Cyperaceae	Cyperaceae	Cyperaceae	Cyperaceae	Cupressaceae
P001_WH04_00093 	Saxifragaceae	Saxifragaceae	Saxifragaceae	Saxifragaceae	Saxifragaceae	Ericaceae
P001_WH04_00094 	Saxifragaceae	Saxifragaceae	Saxifragaceae	Saxifragaceae	Saxifragaceae	Gentianaceae
P001_WH05_00119 	Plantaginaceae	Plantaginaceae	Plantaginaceae	Plantaginaceae	Asteraceae	Asteraceae
P001_WH06_00178 	Poaceae	Poaceae	Poaceae	Poaceae	Poaceae	Apiaceae
P001_WH06_00199 	Poaceae	Asteraceae	Asteraceae	Asteraceae	Asteraceae	Lamiaceae
P001_WH07_00026 	Asteraceae	Asteraceae	Asteraceae	Asteraceae	Asteraceae	Apiaceae
P001_WH08_00107 	Asteraceae	Asteraceae	Asteraceae	Asteraceae	Asteraceae	Polygonaceae
P001_WH09_00001 	Primulaceae	Primulaceae	Primulaceae	Primulaceae	Primulaceae	Cyperaceae
P001_WH10_00127 	Hypericaceae	Hypericaceae	Cyperaceae	Salicaceae	Salicaceae	Poaceae
P001_WH11_00102 	Asteraceae	Asteraceae	Asteraceae	Asteraceae	Asteraceae	Saxifragaceae
P001_WH12_00156 	Asteraceae	Asteraceae	Asteraceae	Asteraceae	Asteraceae	Poaceae
P002_WA01_00037 	Poaceae	Poaceae	Poaceae	Poaceae	Poaceae	Ericaceae
P002_WA02_00091 	Fabaceae	Fabaceae	Fabaceae	Fabaceae	Fabaceae	Poaceae
P002_WA03_00093 	Poaceae	Poaceae	Poaceae	Poaceae	Poaceae	Campanulaceae
P002_WA04_00014 	Apiaceae	Apiaceae	Apiaceae	Apiaceae	Apiaceae	Caryophyllaceae
P002_WA06_00123 	Apiaceae	Apiaceae	Apiaceae	Apiaceae	Apiaceae	Caryophyllaceae
P002_WA08_00002 	Poaceae	Poaceae	Poaceae	Poaceae	Poaceae	Gentianaceae
P002_WA09_00110 	Rosaceae	Rosaceae	Rosaceae	Cyperaceae	Rosaceae	Boraginaceae
P002_WA11_00008 	Poaceae	Poaceae	Poaceae	Poaceae	Poaceae	Crassulaceae
P002_WA12_00111 	Saxifragaceae	Saxifragaceae	Saxifragaceae	Saxifragaceae	Saxifragaceae	Asteraceae
P002_WB01_00034 	Apiaceae	Apiaceae	Apiaceae	Apiaceae	Apiaceae	Caryophyllaceae
P002_WB02_00003 	Primulaceae	Primulaceae	Primulaceae	Primulaceae	Primulaceae	Cyperaceae
P002_WB03_00077 	Caryophyllaceae	Caryophyllaceae	Caryophyllaceae	Caryophyllaceae	Caryophyllaceae	Ranunculaceae
P002_WB04_00116 	Poaceae	Poaceae	Poaceae	Poaceae	Poaceae	Tofieldiaceae
P002_WB06_00110 	Rosaceae	Rosaceae	Rosaceae	Rosaceae	Orobanchaceae	Ericaceae
P002_WB08_00064 	Poaceae	Poaceae	Poaceae	Poaceae	Poaceae	Poaceae
P002_WB09_00016 	Salicaceae	Salicaceae	Salicaceae	Salicaceae	Salicaceae	Juncaceae
P002_WB10_00019 	Caryophyllaceae	Caryophyllaceae	Caryophyllaceae	Caryophyllaceae	Caryophyllaceae	Caprifoliaceae
P002_WB11_00110 	Orobanchaceae	Orobanchaceae	Orobanchaceae	Orobanchaceae	Orobanchaceae	Asteraceae
P002_WB11_00111 	Orobanchaceae	Orobanchaceae	Orobanchaceae	Rosaceae	Orobanchaceae	Asteraceae
P002_WB11_00112 	Orobanchaceae	Orobanchaceae	Orobanchaceae	Rosaceae	Orobanchaceae	Poaceae
P002_WB11_00113 	Orobanchaceae	Orobanchaceae	Orobanchaceae	Rosaceae	Orobanchaceae	Cyperaceae
P002_WB12_00001 	Saxifragaceae	Saxifragaceae	Saxifragaceae	Saxifragaceae	Saxifragaceae	Equisetaceae
P002_WC01_00156 	Rosaceae	Rosaceae	Orobanchaceae	Rosaceae	Rosaceae	Cyperaceae
P002_WC01_00219 	Rosaceae	Orobanchaceae	Orobanchaceae	Orobanchaceae	Orobanchaceae	Caryophyllaceae
P002_WC02_00050 	Fabaceae	Fabaceae	Fabaceae	Fabaceae	Fabaceae	Caryophyllaceae
P002_WC04_00106 	Asteraceae	Asteraceae	Asteraceae	Juncaceae	Asteraceae	Asteraceae
P002_WC05_00117 	Apiaceae	Apiaceae	Apiaceae	Apiaceae	Apiaceae	Orobanchaceae
P002_WC08_00020 	Brassicaceae	Brassicaceae	Brassicaceae	Brassicaceae	Juncaceae	Poaceae
P002_WC09_00018 	Fabaceae	Fabaceae	Fabaceae	Fabaceae	Fabaceae	Orchidaceae
P002_WC09_00090 	Fabaceae	Fabaceae	Fabaceae	Fabaceae	Fabaceae	Gentianaceae
P002_WC10_00111 	Polygonaceae	Polygonaceae	Polygonaceae	Polygonaceae	Polygonaceae	Fabaceae
P002_WC11_00021 	Caryophyllaceae	Caryophyllaceae	Caryophyllaceae	Caryophyllaceae	Caryophyllaceae	Apiaceae
P002_WC12_00145 	Cyperaceae	Cyperaceae	Cyperaceae	Cyperaceae	Cyperaceae	Geraniaceae
P002_WD01_00126 	Orobanchaceae	Rosaceae	Orobanchaceae	Rosaceae	Rosaceae	Ranunculaceae
P002_WD01_00228 	Orobanchaceae	Orobanchaceae	Orobanchaceae	Orobanchaceae	Orobanchaceae	Cyperaceae
P002_WD02_00095 	Violaceae	Violaceae	Violaceae	Salicaceae	Salicaceae	Selaginellaceae
P002_WD03_00019 	Asteraceae	Asteraceae	Asteraceae	Asteraceae	Asteraceae	Cyperaceae
P002_WD04_00115 	Rosaceae	Rosaceae	Rosaceae	Rosaceae	Orobanchaceae	Caryophyllaceae
P002_WD06_00104 	Poaceae	Poaceae	Poaceae	Poaceae	Poaceae	Saxifragaceae
P002_WD07_00087 	Asteraceae	Asteraceae	Asteraceae	Plantaginaceae	Asteraceae	Gentianaceae
P002_WD08_00018 	Fabaceae	Fabaceae	Fabaceae	Fabaceae	Fabaceae	Asteraceae
P002_WD09_00001 	Plumbaginaceae	Plumbaginaceae	Polygonaceae	Polygonaceae	Polygonaceae	Gentianaceae
P002_WD10_00003 	Salicaceae	Salicaceae	Salicaceae	Salicaceae	Salicaceae	Asteraceae
P002_WD11_00088 	Poaceae	Poaceae	Poaceae	Poaceae	Poaceae	Liliaceae
P002_WD12_00120 	Polygonaceae	Polygonaceae	Polygonaceae	Polygonaceae	Polygonaceae	Poaceae
P002_WE01_00014 	Asteraceae	Asteraceae	Poaceae	Plantaginaceae	Asteraceae	Celastraceae
P002_WE02_00123 	Plantaginaceae	Plantaginaceae	Plantaginaceae	Fabaceae	Plantaginaceae	Salicaceae
P002_WE03_00012 	Ranunculaceae	Ranunculaceae	Caryophyllaceae	Ranunculaceae	Brassicaceae	Cyperaceae
P002_WE04_00030 	Ranunculaceae	Ranunculaceae	Ranunculaceae	Ranunculaceae	Ranunculaceae	Saxifragaceae
P002_WE05_00007 	Campanulaceae	Campanulaceae	Campanulaceae	Campanulaceae	Campanulaceae	Plantaginaceae
P002_WE06_00084 	Caprifoliaceae	Caprifoliaceae	Caprifoliaceae	Plantaginaceae	Asteraceae	Poaceae
P002_WE07_00062 	Rosaceae	Caryophyllaceae	Caryophyllaceae	Caryophyllaceae	Caryophyllaceae	Asteraceae
P002_WE07_00233 	Rosaceae	Rosaceae	Rosaceae	Rosaceae	Cyperaceae	Asteraceae
P002_WE08_00043 	Poaceae	Poaceae	Poaceae	Poaceae	Poaceae	Primulaceae
P002_WE09_00127 	Betulaceae	Betulaceae	Betulaceae	Rosaceae	Rosaceae	Hypericaceae
P002_WE10_00095 	Saxifragaceae	Saxifragaceae	Saxifragaceae	Saxifragaceae	Saxifragaceae	Asteraceae
P002_WE11_00122 	Poaceae	Poaceae	Poaceae	Poaceae	Poaceae	Asteraceae
P002_WE12_00042 	Poaceae	Poaceae	Poaceae	Poaceae	Poaceae	Poaceae
P002_WF01_00214 	Poaceae	Poaceae	Poaceae	Poaceae	Poaceae	Fabaceae
P002_WF01_00241 	Poaceae	Asteraceae	Poaceae	Plantaginaceae	Asteraceae	Poaceae
P002_WF02_00108 	Plantaginaceae	Plantaginaceae	Fabaceae	Plantaginaceae	Asteraceae	Apiaceae
P002_WF03_00094 	Caryophyllaceae	Caryophyllaceae	Caryophyllaceae	Caryophyllaceae	Rosaceae	Gentianaceae
P002_WF04_00056 	Orobanchaceae	Orobanchaceae	Rosaceae	Orobanchaceae	Orobanchaceae	Apiaceae
P002_WF07_00104 	Caryophyllaceae	Caryophyllaceae	Caryophyllaceae	Caryophyllaceae	Caryophyllaceae	Ericaceae
P002_WF08_00101 	Poaceae	Poaceae	Poaceae	Poaceae	Poaceae	Poaceae
P002_WF09_00122 	Ericaceae	Ericaceae	Ericaceae	Ericaceae	Ericaceae	Rosaceae
P002_WF09_00123 	Ericaceae	Ericaceae	Ericaceae	Ericaceae	Ericaceae	Ericaceae
P002_WF09_00124 	Ericaceae	Ericaceae	Caprifoliaceae	Ericaceae	Ericaceae	Poaceae
P002_WF09_00125 	Ericaceae	Ericaceae	Ericaceae	Ericaceae	Ericaceae	Saxifragaceae
P002_WF10_00108 	Rosaceae	Rosaceae	Rosaceae	Orobanchaceae	Rosaceae	Apiaceae
P002_WF12_00055 	Cyperaceae	Cyperaceae	Cyperaceae	Cyperaceae	Cyperaceae	Primulaceae
P002_WG02_00021 	Fabaceae	Fabaceae	Fabaceae	Fabaceae	Fabaceae	Caryophyllaceae
P002_WG02_00117 	Fabaceae	Plantaginaceae	Fabaceae	Plantaginaceae	Asteraceae	Poaceae
P002_WG03_00114 	Liliaceae	Liliaceae	Liliaceae	Orchidaceae	Ranunculaceae	Orobanchaceae
P002_WG04_00037 	Rosaceae	Rosaceae	Rosaceae	Rosaceae	Rosaceae	Rosaceae
P002_WG05_00052 	Poaceae	Poaceae	Poaceae	Poaceae	Poaceae	Ericaceae
P002_WG06_00080 	Juncaceae	Juncaceae	Juncaceae	Cyperaceae	Cyperaceae	Poaceae
P002_WG07_00146 	Cyperaceae	Cyperaceae	Cyperaceae	Cyperaceae	Cyperaceae	Salicaceae
P002_WG08_00141 	Cyperaceae	Cyperaceae	Cyperaceae	Cyperaceae	Cyperaceae	Caryophyllaceae
P002_WG09_00033 	Salicaceae	Salicaceae	Salicaceae	Salicaceae	Salicaceae	Orobanchaceae
P002_WG10_00119 	Saxifragaceae	Saxifragaceae	Saxifragaceae	Saxifragaceae	Saxifragaceae	Saxifragaceae
P002_WG10_00124 	Saxifragaceae	Saxifragaceae	Saxifragaceae	Saxifragaceae	Saxifragaceae	Rosaceae
P002_WG11_00115 	Salicaceae	Salicaceae	Salicaceae	Salicaceae	Salicaceae	Fabaceae
P002_WG12_00077 	Ericaceae	Ericaceae	Ericaceae	Ericaceae	Ericaceae	Orobanchaceae
P002_WH01_00129 	Ranunculaceae	Ranunculaceae	Ranunculaceae	Ranunculaceae	Ranunculaceae	Asteraceae
P002_WH02_00005 	Crassulaceae	Crassulaceae	Crassulaceae	Crassulaceae	Saxifragaceae	Apiaceae
P002_WH02_00046 	Crassulaceae	Ranunculaceae	Crassulaceae	Ranunculaceae	Ranunculaceae	Juncaceae
P002_WH03_00115 	Rubiaceae	Rubiaceae	Rubiaceae	Rubiaceae	Apiaceae	Ericaceae
P002_WH04_00014 	Apiaceae	Apiaceae	Apiaceae	Apiaceae	Apiaceae	Brassicaceae
P002_WH05_00106 	Ranunculaceae	Ranunculaceae	Ranunculaceae	Ranunculaceae	Ranunculaceae	Fabaceae
P002_WH06_00112 	Asteraceae	Asteraceae	Asteraceae	Asteraceae	Asteraceae	Polygonaceae
P002_WH07_00001 	Caryophyllaceae	Caryophyllaceae	Caryophyllaceae	Caryophyllaceae	Caryophyllaceae	Caryophyllaceae
P002_WH08_00179 	Cyperaceae	Cyperaceae	Cyperaceae	Cyperaceae	Cyperaceae	Cyperaceae
P002_WH08_00180 	Cyperaceae	Cyperaceae	Cyperaceae	Cyperaceae	Cyperaceae	Orobanchaceae
P002_WH10_00003 	Poaceae	Poaceae	Poaceae	Poaceae	Poaceae	Violaceae
P002_WH11_00078 	Brassicaceae	Brassicaceae	Brassicaceae	Brassicaceae	Brassicaceae	Asteraceae
P003_WA01_00055 	Rosaceae	Rosaceae	Rosaceae	Rosaceae	Rosaceae	Rosaceae
P003_WA02_00121 	Poaceae	Poaceae	Poaceae	Poaceae	Poaceae	Plantaginaceae
P003_WA03_00013 	Polygonaceae	Polygonaceae	Polygonaceae	Polygonaceae	Polygonaceae	Poaceae
P003_WA04_00107 	Crassulaceae	Crassulaceae	Crassulaceae	Crassulaceae	Apiaceae	Asteraceae
P003_WA06_00047 	Poaceae	Poaceae	Poaceae	Poaceae	Poaceae	Fabaceae
P003_WA07_00111 	Cyperaceae	Cyperaceae	Cyperaceae	Cyperaceae	Cyperaceae	Plumbaginaceae
P003_WA07_00214 	Cyperaceae	Poaceae	Cyperaceae	Poaceae	Poaceae	Salicaceae
P003_WA07_00215 	Cyperaceae	Poaceae	Poaceae	Cyperaceae	Poaceae	Poaceae
P003_WA08_00053 	Asteraceae	Asteraceae	Asteraceae	Asteraceae	Plantaginaceae	Polygonaceae
P003_WA09_00082 	Caryophyllaceae	Caryophyllaceae	Caryophyllaceae	Caryophyllaceae	Caryophyllaceae	Asteraceae
P003_WA10_00115 	Gentianaceae	Primulaceae	Primulaceae	Primulaceae	Primulaceae	Plantaginaceae
P003_WA10_00178 	Gentianaceae	Gentianaceae	Gentianaceae	Gentianaceae	Gentianaceae	Ranunculaceae
P003_WA11_00108 	Primulaceae	Primulaceae	Primulaceae	Primulaceae	Primulaceae	Ranunculaceae
P003_WB01_00033 	Asteraceae	Asteraceae	Asteraceae	Asteraceae	Plantaginaceae	Campanulaceae
P003_WB02_00086 	Rubiaceae	Rubiaceae	Rubiaceae	Rubiaceae	Apiaceae	Caprifoliaceae
P003_WB03_00052 	Equisetaceae	Equisetaceae	Equisetaceae	Equisetaceae	Equisetaceae	Rosaceae
P003_WB03_00072 	Equisetaceae	Equisetaceae	Equisetaceae	Equisetaceae	Equisetaceae	Poaceae
P003_WB04_00044 	Cyperaceae	Cyperaceae	Cyperaceae	Cyperaceae	Cyperaceae	Betulaceae
P003_WB05_00074 	Saxifragaceae	Saxifragaceae	Saxifragaceae	Saxifragaceae	Saxifragaceae	Saxifragaceae
P003_WB06_00013 	Caryophyllaceae	Caryophyllaceae	Caryophyllaceae	Caryophyllaceae	Caryophyllaceae	Poaceae
P003_WB07_00002 	Ericaceae	Ericaceae	Ericaceae	Ericaceae	Ericaceae	Poaceae
P003_WB08_00084 	Asteraceae	Asteraceae	Asteraceae	Asteraceae	Poaceae	Poaceae
P003_WB09_00024 	Cyperaceae	Cyperaceae	Cyperaceae	Cyperaceae	Cyperaceae	Plantaginaceae
P003_WB10_00013 	Fabaceae	Fabaceae	Fabaceae	Fabaceae	Fabaceae	Caryophyllaceae
P003_WB11_00001 	Apiaceae	Apiaceae	Apiaceae	Apiaceae	Apiaceae	Orobanchaceae
P003_WC01_00100 	Polygonaceae	Polygonaceae	Polygonaceae	Polygonaceae	Polygonaceae	Ericaceae
P003_WC03_00108 	Ranunculaceae	Ranunculaceae	Ranunculaceae	Cyperaceae	Ranunculaceae	Ericaceae
P003_WC04_00050 	Cyperaceae	Cyperaceae	Cyperaceae	Cyperaceae	Cyperaceae	Caryophyllaceae
P003_WC05_00013 	Salicaceae	Salicaceae	Salicaceae	Salicaceae	Salicaceae	Poaceae
P003_WC06_00118 	Primulaceae	Primulaceae	Primulaceae	Primulaceae	Primulaceae	Ericaceae
P003_WC07_00217 	Juncaceae	Brassicaceae	Brassicaceae	Brassicaceae	Brassicaceae	Rosaceae
P003_WC08_00028 	Poaceae	Poaceae	Poaceae	Poaceae	Poaceae	Juncaceae
P003_WC09_00102 	Cyperaceae	Cyperaceae	Cyperaceae	Cyperaceae	Cyperaceae	Cyperaceae
P003_WC10_00002 	Asteraceae	Asteraceae	Asteraceae	Asteraceae	Asteraceae	Poaceae
P003_WC11_00106 	Asteraceae	Asteraceae	Asteraceae	Asteraceae	Asteraceae	Fabaceae
P003_WC12_00244 	Juncaceae	Asteraceae	Asteraceae	Asteraceae	Asteraceae	Liliaceae
P003_WD02_00100 	Brassicaceae	Brassicaceae	Brassicaceae	Brassicaceae	Brassicaceae	Rosaceae
P003_WD03_00173 	Lentibulariaceae	Lamiaceae	Lamiaceae	Plantaginaceae	Orobanchaceae	Poaceae
P003_WD03_00174 	Lentibulariaceae	Bignoniaceae	Lamiaceae	Rosaceae	Orobanchaceae	Juncaceae
P003_WD04_00001 	Fabaceae	Fabaceae	Fabaceae	Fabaceae	Fabaceae	Cyperaceae
P003_WD06_00111 	Ranunculaceae	Ranunculaceae	Ranunculaceae	Ranunculaceae	Caryophyllaceae	Cyperaceae
P003_WD07_00091 	Brassicaceae	Brassicaceae	Brassicaceae	Brassicaceae	Brassicaceae	Salicaceae
P003_WD08_00033 	Caryophyllaceae	Caryophyllaceae	Caryophyllaceae	Caryophyllaceae	Caryophyllaceae	Saxifragaceae
P003_WD09_00078 	Salicaceae	Salicaceae	Salicaceae	Salicaceae	Salicaceae	Salicaceae
P003_WD10_00026 	Caryophyllaceae	Caryophyllaceae	Rosaceae	Caryophyllaceae	Caryophyllaceae	Ericaceae
P003_WD11_00021 	Primulaceae	Primulaceae	Primulaceae	Primulaceae	Primulaceae	Ranunculaceae
P003_WD12_00167 	Plantaginaceae	Asteraceae	Asteraceae	Asteraceae	Asteraceae	Crassulaceae
P003_WD12_00181 	Plantaginaceae	Plantaginaceae	Asteraceae	Plantaginaceae	Plantaginaceae	Rubiaceae
P003_WE01_00018 	Orobanchaceae	Orobanchaceae	Onagraceae	Rosaceae	Orobanchaceae	Apiaceae
P003_WE02_00127 	Poaceae	Poaceae	Poaceae	Poaceae	Poaceae	Ranunculaceae
P003_WE02_00195 	Poaceae	Asteraceae	Asteraceae	Asteraceae	Asteraceae	Asteraceae
P003_WE03_00101 	Equisetaceae	Equisetaceae	Equisetaceae	Equisetaceae	Equisetaceae	Caryophyllaceae
P003_WE03_00110 	Equisetaceae	Equisetaceae	Equisetaceae	Equisetaceae	Equisetaceae	Cyperaceae
P003_WE04_00011 	Poaceae	Poaceae	Poaceae	Poaceae	Poaceae	Ericaceae
P003_WE06_00029 	Lycopodiaceae	Lycopodiaceae	Lycopodiaceae	Cupressaceae	Cupressaceae	Poaceae
P003_WE07_00144 	Cyperaceae	Cyperaceae	Cyperaceae	Cyperaceae	Cyperaceae	Brassicaceae
P003_WE08_00012 	Plantaginaceae	Plantaginaceae	Plantaginaceae	Plantaginaceae	Asteraceae	Orobanchaceae
P003_WE09_00118 	Salicaceae	Salicaceae	Salicaceae	Salicaceae	Salicaceae	Rosaceae
P003_WE11_00010 	Cyperaceae	Cyperaceae	Cyperaceae	Cyperaceae	Cyperaceae	Poaceae
P003_WE12_00052 	Caryophyllaceae	Ranunculaceae	Ranunculaceae	Ranunculaceae	Brassicaceae	Polygonaceae
P003_WE12_00132 	Caryophyllaceae	Caryophyllaceae	Ranunculaceae	Caryophyllaceae	Rosaceae	Crassulaceae
P003_WF01_00321 	Onagraceae	Orobanchaceae	Onagraceae	Rosaceae	Orobanchaceae	Papaveraceae
P003_WF02_00125 	Rosaceae	Rosaceae	Rosaceae	Cyperaceae	Rosaceae	Poaceae
P003_WF03_00034 	Cyperaceae	Cyperaceae	Cyperaceae	Cyperaceae	Cyperaceae	Cyperaceae
P003_WF04_00001 	Brassicaceae	Brassicaceae	Brassicaceae	Brassicaceae	Juncaceae	Asteraceae
P003_WF06_00036 	Asteraceae	Asteraceae	Asteraceae	Juncaceae	Asteraceae	Caryophyllaceae
P003_WF07_00072 	Caryophyllaceae	Caryophyllaceae	Caryophyllaceae	Caryophyllaceae	Caryophyllaceae	Gentianaceae
P003_WF08_00122 	Salicaceae	Salicaceae	Salicaceae	Salicaceae	Salicaceae	Primulaceae
P003_WF09_00002 	Gentianaceae	Gentianaceae	Gentianaceae	Gentianaceae	Gentianaceae	Poaceae
P003_WF10_00114 	Caryophyllaceae	Caryophyllaceae	Rosaceae	Caryophyllaceae	Caryophyllaceae	Asteraceae
P003_WF11_00177 	Ranunculaceae	Caryophyllaceae	Ranunculaceae	Caryophyllaceae	Rosaceae	Rubiaceae
P003_WF11_00196 	Ranunculaceae	Ranunculaceae	Ranunculaceae	Ranunculaceae	Brassicaceae	Equisetaceae
P003_WF12_00011 	Poaceae	Poaceae	Poaceae	Poaceae	Poaceae	Cyperaceae
P003_WG01_00115 	Ranunculaceae	Ranunculaceae	Cyperaceae	Ranunculaceae	Ranunculaceae	Saxifragaceae
P003_WG02_00220 	Cyperaceae	Ranunculaceae	Ranunculaceae	Ranunculaceae	Ranunculaceae	Caryophyllaceae
P003_WG02_00323 	Cyperaceae	Cyperaceae	Cyperaceae	Cyperaceae	Cyperaceae	Ericaceae
P003_WG02_00403 	Cyperaceae	Rosaceae	Rosaceae	Cyperaceae	Rosaceae	Asteraceae
P003_WG03_00021 	Primulaceae	Primulaceae	Primulaceae	Primulaceae	Primulaceae	Cyperaceae
P003_WG04_00102 	Brassicaceae	Brassicaceae	Brassicaceae	Brassicaceae	Juncaceae	Fabaceae
P003_WG05_00123 	Asteraceae	Asteraceae	Asteraceae	Asteraceae	Asteraceae	Apiaceae
P003_WG06_00031 	Lentibulariaceae	Lamiaceae	Lentibulariaceae	Fabaceae	Plantaginaceae	Crassulaceae
P003_WG07_00001 	Orobanchaceae	Orobanchaceae	Orobanchaceae	Rosaceae	Orobanchaceae	Polygonaceae
P003_WG07_00002 	Orobanchaceae	Orobanchaceae	Orobanchaceae	Orobanchaceae	Orobanchaceae	Ericaceae
P003_WG07_00003 	Orobanchaceae	Orobanchaceae	Rosaceae	Orobanchaceae	Orobanchaceae	Ranunculaceae
P003_WG08_00001 	Brassicaceae	Saxifragaceae	Saxifragaceae	Saxifragaceae	Saxifragaceae	Cyperaceae
P003_WG08_00096 	Brassicaceae	Brassicaceae	Brassicaceae	Brassicaceae	Brassicaceae	Salicaceae
P003_WG09_00097 	Poaceae	Poaceae	Poaceae	Poaceae	Poaceae	Primulaceae
P003_WG11_00122 	Asteraceae	Asteraceae	Asteraceae	Asteraceae	Asteraceae	Juncaceae
P003_WG11_00195 	Asteraceae	Cyperaceae	Cyperaceae	Cyperaceae	Cyperaceae	Poaceae
P003_WG11_00412 	Asteraceae	Plantaginaceae	Plantaginaceae	Plantaginaceae	Plantaginaceae	Cyperaceae
P003_WG12_00123 	Cyperaceae	Cyperaceae	Asteraceae	Cyperaceae	Cyperaceae	Asteraceae
P003_WH02_00165 	Orobanchaceae	Orobanchaceae	Orobanchaceae	Rosaceae	Orobanchaceae	Asteraceae
P003_WH03_00001 	Primulaceae	Primulaceae	Primulaceae	Primulaceae	Primulaceae	Juncaceae
P003_WH05_00121 	Campanulaceae	Campanulaceae	Campanulaceae	Campanulaceae	Campanulaceae	Ericaceae
P003_WH06_00016 	Saxifragaceae	Saxifragaceae	Brassicaceae	Saxifragaceae	Saxifragaceae	Brassicaceae
P003_WH08_00121 	Papaveraceae	Papaveraceae	Ranunculaceae	Cyperaceae	Ranunculaceae	Lentibulariaceae
P003_WH09_00046 	Saxifragaceae	Saxifragaceae	Saxifragaceae	Saxifragaceae	Saxifragaceae	Fabaceae
P003_WH10_00106 	Brassicaceae	Brassicaceae	Brassicaceae	Brassicaceae	Brassicaceae	Brassicaceae
P003_WH11_00098 	Asteraceae	Asteraceae	Asteraceae	Asteraceae	Asteraceae	Ranunculaceae
P003_WH12_00081 	Cyperaceae	Cyperaceae	Asteraceae	Cyperaceae	Cyperaceae	Brassicaceae
P004_WA02_00109 	Primulaceae	Primulaceae	Primulaceae	Primulaceae	Primulaceae	Caryophyllaceae
P004_WB01_00042 	Poaceae	Poaceae	Poaceae	Poaceae	Poaceae	Salicaceae
P004_WB02_00034 	Ericaceae	Ericaceae	Ericaceae	Ericaceae	Ericaceae	Caryophyllaceae
P004_WC01_00060 	Poaceae	Poaceae	Poaceae	Poaceae	Poaceae	Primulaceae
P004_WC02_00041 	Polygonaceae	Polygonaceae	Polygonaceae	Polygonaceae	Polygonaceae	Plantaginaceae
P004_WD01_00036 	Poaceae	Poaceae	Poaceae	Poaceae	Poaceae	Orobanchaceae
P004_WD02_00100 	Asteraceae	Asteraceae	Asteraceae	Poaceae	Asteraceae	Poaceae
P004_WF01_00050 	Cupressaceae	Cupressaceae	Cupressaceae	Juncaceae	Lycopodiaceae	Equisetaceae
P004_WG01_00112 	Rosaceae	Rosaceae	Rosaceae	Rosaceae	Rosaceae	Poaceae
P004_WH01_00018 	Caryophyllaceae	Caryophyllaceae	Caryophyllaceae	Caryophyllaceae	Rosaceae	Asteraceae
P8807_501_00004 	Ericaceae	Ericaceae	Ericaceae	Ericaceae	Ericaceae	Lycopodiaceae
P8807_502_00027 	Lycopodiaceae	Lycopodiaceae	Lycopodiaceae	Cupressaceae	Cupressaceae	Cyperaceae
P8807_503_00010 	Ericaceae	Ericaceae	Ericaceae	Ericaceae	Ericaceae	Plantaginaceae
P8807_503_00011 	Ericaceae	Ericaceae	Ericaceae	Ericaceae	Asteraceae	Salicaceae
P8807_503_00012 	Ericaceae	Ericaceae	Ericaceae	Ericaceae	Ericaceae	Orobanchaceae
P8807_503_00013 	Ericaceae	Ericaceae	Ericaceae	Ericaceae	Ericaceae	Cyperaceae
P8807_504_00026 	Salicaceae	Salicaceae	Salicaceae	Salicaceae	Salicaceae	Caryophyllaceae
P8807_505_00127 	Cyperaceae	Cyperaceae	Cyperaceae	Cyperaceae	Cyperaceae	Onagraceae
P8807_506_00052 	Poaceae	Poaceae	Poaceae	Poaceae	Poaceae	Rosaceae
P8807_508_00083 	Asteraceae	Asteraceae	Asteraceae	Asteraceae	Asteraceae	Cyperaceae
P8807_509_00027 	Orobanchaceae	Orobanchaceae	Rosaceae	Orobanchaceae	Orobanchaceae	Brassicaceae
P8807_509_00028 	Orobanchaceae	Orobanchaceae	Orobanchaceae	Orobanchaceae	Onagraceae	Orobanchaceae
P8807_509_00029 	Orobanchaceae	Orobanchaceae	Rosaceae	Orobanchaceae	Orobanchaceae	Asteraceae
P8807_510_00025 	Violaceae	Violaceae	Violaceae	Salicaceae	Salicaceae	Caryophyllaceae
P8807_511_00117 	Poaceae	Poaceae	Poaceae	Poaceae	Poaceae	Salicaceae
P8807_512_00062 	Cyperaceae	Cyperaceae	Cyperaceae	Cyperaceae	Asteraceae	Gentianaceae
P8807_514_00119 	Ericaceae	Ericaceae	Ericaceae	Ericaceae	Ericaceae	Caryophyllaceae
P8807_515_00112 	Asteraceae	Asteraceae	Asteraceae	Plantaginaceae	Asteraceae	Ranunculaceae
P8807_516_00015 	Caryophyllaceae	Caryophyllaceae	Caryophyllaceae	Caryophyllaceae	Caryophyllaceae	Poaceae
P8807_517_00062 	Ericaceae	Ericaceae	Ericaceae	Ericaceae	Ericaceae	Ranunculaceae
P8807_518_00002 	Cyperaceae	Cyperaceae	Cyperaceae	Cyperaceae	Cyperaceae	Cyperaceae
P8807_519_00091 	Salicaceae	Salicaceae	Salicaceae	Salicaceae	Salicaceae	Primulaceae
P8807_520_00070 	Juncaceae	Juncaceae	Juncaceae	Cyperaceae	Cyperaceae	Brassicaceae
P8807_521_00098 	Ericaceae	Ericaceae	Ericaceae	Ericaceae	Ericaceae	Asteraceae
P8807_522_00087 	Rosaceae	Rosaceae	Rosaceae	Rosaceae	Cyperaceae	Lentibulariaceae
P8807_523_00075 	Salicaceae	Salicaceae	Salicaceae	Salicaceae	Salicaceae	Orobanchaceae
P8807_524_00044 	Orobanchaceae	Orobanchaceae	Rosaceae	Orobanchaceae	Orobanchaceae	Brassicaceae
P8807_524_00045 	Orobanchaceae	Orobanchaceae	Orobanchaceae	Orobanchaceae	Orobanchaceae	Poaceae
P8807_525_00105 	Rosaceae	Rosaceae	Rosaceae	Rosaceae	Rosaceae	Juncaceae
P8807_526_00024 	Equisetaceae	Equisetaceae	Equisetaceae	Equisetaceae	Equisetaceae	Asteraceae
P8807_526_00053 	Equisetaceae	Equisetaceae	Equisetaceae	Equisetaceae	Equisetaceae	Cyperaceae
P8807_528_00036 	Diapensiaceae	Diapensiaceae	Ericaceae	Primulaceae	Asteraceae	Orobanchaceae
P8807_528_00037 	Diapensiaceae	Diapensiaceae	Primulaceae	Primulaceae	Primulaceae	Orobanchaceae
P8807_530_00101 	Cyperaceae	Cyperaceae	Cyperaceae	Cyperaceae	Cyperaceae	Primulaceae
WA01_00081 	Rosaceae	Rosaceae	Rosaceae	Rosaceae	Rosaceae	Cyperaceae
WA02_00090 	Salicaceae	Salicaceae	Salicaceae	Salicaceae	Salicaceae	Campanulaceae
WA03_00061 	Poaceae	Poaceae	Poaceae	Poaceae	Poaceae	Saxifragaceae
WA04_00106 	Ericaceae	Ericaceae	Ericaceae	Ericaceae	Ericaceae	Ranunculaceae
WA04_00107 	Ericaceae	Ericaceae	Ericaceae	Ericaceae	Ericaceae	Papaveraceae
WA04_00108 	Ericaceae	Ericaceae	Ericaceae	Ericaceae	Ericaceae	Saxifragaceae
WA04_00109 	Ericaceae	Ericaceae	Ericaceae	Ericaceae	Ericaceae	Brassicaceae
WA05_00062 	Lentibulariaceae	Scrophulariaceae	Lentibulariaceae	Rosaceae	Orobanchaceae	Asteraceae
WA05_00063 	Lentibulariaceae	Lamiaceae	Lamiaceae	Orobanchaceae	Onagraceae	Cyperaceae
WA05_00064 	Lentibulariaceae	Oleaceae	Lentibulariaceae	Lamiaceae	Plantaginaceae	Cyperaceae
WA05_00065 	Lentibulariaceae	Paulowniaceae	Plantaginaceae	Asteraceae	Lamiaceae	Primulaceae
WA06_00001 	Caryophyllaceae	Caryophyllaceae	Caryophyllaceae	Caryophyllaceae	Caryophyllaceae	Poaceae
WA07_00013 	Saxifragaceae	Saxifragaceae	Saxifragaceae	Saxifragaceae	Saxifragaceae	Ericaceae
WA08_00038 	Ericaceae	Ericaceae	Ericaceae	Ericaceae	Ericaceae	Poaceae
WA09_00102 	Ericaceae	Ericaceae	Ericaceae	Ericaceae	Ericaceae	Polygonaceae
WA10_00038 	Juncaceae	Cupressaceae	Cupressaceae	Juncaceae	Lycopodiaceae	Poaceae
WA11_00114 	Cyperaceae	Cyperaceae	Cyperaceae	Cyperaceae	Cyperaceae	Asteraceae
WA12_00059 	Polygonaceae	Polygonaceae	Polygonaceae	Polygonaceae	Polygonaceae	Pinaceae
WB01_00128 	Cyperaceae	Cyperaceae	Cyperaceae	Cyperaceae	Asteraceae	Cupressaceae
WB02_00067 	Geraniaceae	Geraniaceae	Geraniaceae	Betulaceae	Betulaceae	Rosaceae
WB03_00001 	Campanulaceae	Campanulaceae	Campanulaceae	Campanulaceae	Campanulaceae	Caryophyllaceae
WB04_00001 	Equisetaceae	Equisetaceae	Equisetaceae	Equisetaceae	Equisetaceae	Rosaceae
WB05_00024 	Asteraceae	Asteraceae	Asteraceae	Asteraceae	Plantaginaceae	Salicaceae
WB06_00027 	Poaceae	Poaceae	Poaceae	Poaceae	Poaceae	Poaceae
WB07_00012 	Polygonaceae	Polygonaceae	Polygonaceae	Polygonaceae	Polygonaceae	Ericaceae
WB08_00005 	Primulaceae	Primulaceae	Primulaceae	Primulaceae	Primulaceae	Lentibulariaceae
WB10_00094 	Rosaceae	Rosaceae	Rosaceae	Rosaceae	Rosaceae	Caryophyllaceae
WB11_00111 	Asteraceae	Asteraceae	Asteraceae	Asteraceae	Asteraceae	Saxifragaceae
WB12_00127 	Asteraceae	Asteraceae	Asteraceae	Asteraceae	Cyperaceae	Ericaceae
WC01_00148 	Cyperaceae	Cyperaceae	Cyperaceae	Cyperaceae	Cyperaceae	Ericaceae
WC02_00004 	Ericaceae	Ericaceae	Ericaceae	Ericaceae	Primulaceae	Juncaceae
WC03_00026 	Ericaceae	Ericaceae	Ericaceae	Ericaceae	Ericaceae	Cyperaceae
WC03_00027 	Ericaceae	Ericaceae	Ericaceae	Ericaceae	Ericaceae	Polygonaceae
WC03_00028 	Ericaceae	Ericaceae	Ericaceae	Ericaceae	Asteraceae	Cyperaceae
WC03_00029 	Ericaceae	Ericaceae	Ericaceae	Ericaceae	Ericaceae	Geraniaceae
WC03_00032 	Ericaceae	Ericaceae	Ericaceae	Ericaceae	Ericaceae	Campanulaceae
WC03_00033 	Ericaceae	Ericaceae	Ericaceae	Ericaceae	Asteraceae	Equisetaceae
WC03_00034 	Ericaceae	Ericaceae	Ericaceae	Ericaceae	Ericaceae	Asteraceae
WC03_00035 	Ericaceae	Ericaceae	Ericaceae	Ericaceae	Ericaceae	Poaceae
WC04_00015 	Poaceae	Poaceae	Poaceae	Poaceae	Poaceae	Polygonaceae
WC05_00091 	Cyperaceae	Cyperaceae	Cyperaceae	Cyperaceae	Asteraceae	Primulaceae
WC06_00079 	Ericaceae	Ericaceae	Ericaceae	Ericaceae	Ericaceae	Saxifragaceae
