P001_WA05_00090 	Poaceae	Poaceae	Poaceae	Poaceae	Poaceae	Poaceae
P001_WA09_00007 	Ophioglossaceae	Ophioglossaceae	Polygonaceae	Polygonaceae	Polygonaceae	Orobanchaceae
P001_WB08_00091 	Poaceae	Poaceae	Poaceae	Poaceae	Poaceae	Poaceae
P001_WB10_00007 	Poaceae	Poaceae	Crassulaceae	Saxifragaceae	Ranunculaceae	Saxifragaceae
P001_WC08_00106 	Apiaceae	Apiaceae	Apiaceae	Apiaceae	Orobanchaceae	Asteraceae
P001_WC11_00015 	Polygonaceae	Polygonaceae	Polygonaceae	Polygonaceae	Rubiaceae	Rubiaceae
P001_WD11_00021 	Crassulaceae	Crassulaceae	Crassulaceae	Geraniaceae	Ericaceae	Poaceae
P001_WE03_00109 	Ranunculaceae	Ranunculaceae	Ranunculaceae	Ranunculaceae	Ranunculaceae	Ranunculaceae
P001_WE07_00028 	Juncaceae	Juncaceae	Juncaceae	Juncaceae	Poaceae	Poaceae
P001_WG01_00133 	Ranunculaceae	Ranunculaceae	Cyperaceae	Selaginellaceae	Ranunculaceae	Ranunculaceae
P001_WG02_00287 	Cyperaceae	Ranunculaceae	Cyperaceae	Selaginellaceae	Ranunculaceae	Ranunculaceae
P001_WG03_00060 	Selaginellaceae	Ranunculaceae	Cyperaceae	Selaginellaceae	Ranunculaceae	Ranunculaceae
P001_WG03_00318 	Selaginellaceae	Caryophyllaceae	Caryophyllaceae	Caryophyllaceae	Caryophyllaceae	Cyperaceae
P001_WG06_00118 	Saxifragaceae	Saxifragaceae	Saxifragaceae	Saxifragaceae	Ranunculaceae	Crassulaceae
P001_WG08_00008 	Asteraceae	Asteraceae	Asteraceae	Asteraceae	Plantaginaceae	Crassulaceae
P001_WG10_00015 	Asteraceae	Asteraceae	Asteraceae	Asteraceae	Crassulaceae	Plantaginaceae
P001_WG12_00007 	Poaceae	Poaceae	Poaceae	Ericaceae	Geraniaceae	Caryophyllaceae
P001_WH01_00096 	Celastraceae	Celastraceae	Geraniaceae	Fabaceae	Orobanchaceae	Ericaceae
P001_WH04_00014 	Saxifragaceae	Saxifragaceae	Saxifragaceae	Saxifragaceae	Saxifragaceae	Ranunculaceae
P001_WH05_00101 	Plantaginaceae	Plantaginaceae	Plantaginaceae	Apiaceae	Asteraceae	Orobanchaceae
P001_WH10_00094 	Hypericaceae	Hypericaceae	Polygonaceae	Polygonaceae	Polygonaceae	Orobanchaceae
P002_WA06_00117 	Apiaceae	Apiaceae	Plantaginaceae	Plantaginaceae	Apiaceae	Orobanchaceae
P002_WA12_00102 	Saxifragaceae	Saxifragaceae	Ranunculaceae	Saxifragaceae	Saxifragaceae	Crassulaceae
P002_WB01_00007 	Apiaceae	Apiaceae	Apiaceae	Orobanchaceae	Apiaceae	Plantaginaceae
P002_WB10_00007 	Caryophyllaceae	Caryophyllaceae	Caryophyllaceae	Caryophyllaceae	Caryophyllaceae	Cyperaceae
P002_WD05_00107 	Plantaginaceae	Verbenaceae	Orobanchaceae	Plantaginaceae	Plantaginaceae	Apiaceae
P002_WD12_00014 	Polygonaceae	Polygonaceae	Polygonaceae	Polygonaceae	Rubiaceae	Rubiaceae
P002_WE04_00024 	Ranunculaceae	Ranunculaceae	Ranunculaceae	Ranunculaceae	Ranunculaceae	Cyperaceae
P002_WE08_00008 	Poaceae	Poaceae	Poaceae	Poaceae	Poaceae	Poaceae
P002_WF02_00016 	Plantaginaceae	Bignoniaceae	Fabaceae	Asteraceae	Plantaginaceae	Plantaginaceae
P002_WF06_00129 	Ericaceae	Ericaceae	Poaceae	Poaceae	Geraniaceae	Caryophyllaceae
P002_WF11_00071 	Juncaceae	Juncaceae	Juncaceae	Juncaceae	Poaceae	Poaceae
P002_WG02_00046 	Fabaceae	Fabaceae	Fabaceae	Orobanchaceae	Polygonaceae	Polygonaceae
P002_WG02_00229 	Fabaceae	Bignoniaceae	Fabaceae	Asteraceae	Plantaginaceae	Plantaginaceae
P002_WG05_00014 	Poaceae	Poaceae	Poaceae	Ericaceae	Geraniaceae	Caryophyllaceae
P002_WG12_00086 	Ericaceae	Ericaceae	Ericaceae	Ericaceae	Ericaceae	Ericaceae
P002_WH01_00024 	Ranunculaceae	Ranunculaceae	Ranunculaceae	Ranunculaceae	Ranunculaceae	Selaginellaceae
P002_WH02_00038 	Crassulaceae	Crassulaceae	Orobanchaceae	Apiaceae	Apiaceae	Saxifragaceae
P002_WH03_00027 	Rubiaceae	Rubiaceae	Rubiaceae	Orobanchaceae	Polygonaceae	Polygonaceae
P002_WH05_00007 	Ranunculaceae	Ranunculaceae	Ranunculaceae	Ranunculaceae	Ranunculaceae	Selaginellaceae
P002_WH07_00021 	Caryophyllaceae	Caryophyllaceae	Caryophyllaceae	Caryophyllaceae	Caryophyllaceae	Cyperaceae
P003_WA04_00020 	Crassulaceae	Crassulaceae	Crassulaceae	Geraniaceae	Ericaceae	Poaceae
P003_WB02_00052 	Rubiaceae	Rubiaceae	Rubiaceae	Orobanchaceae	Polygonaceae	Polygonaceae
P003_WB06_00095 	Caryophyllaceae	Caryophyllaceae	Caryophyllaceae	Caryophyllaceae	Caryophyllaceae	Cyperaceae
P003_WB07_00027 	Ericaceae	Ericaceae	Ericaceae	Ericaceae	Ericaceae	Ericaceae
P003_WB10_00102 	Fabaceae	Fabaceae	Fabaceae	Orobanchaceae	Polygonaceae	Polygonaceae
P003_WC12_00048 	Juncaceae	Juncaceae	Juncaceae	Juncaceae	Poaceae	Poaceae
P003_WD06_00011 	Ranunculaceae	Ranunculaceae	Ranunculaceae	Fabaceae	Ranunculaceae	Ranunculaceae
P003_WD08_00021 	Caryophyllaceae	Caryophyllaceae	Caryophyllaceae	Caryophyllaceae	Caryophyllaceae	Cyperaceae
P003_WD10_00008 	Caryophyllaceae	Caryophyllaceae	Caryophyllaceae	Caryophyllaceae	Caryophyllaceae	Cyperaceae
P003_WE04_00019 	Poaceae	Poaceae	Poaceae	Poaceae	Poaceae	Poaceae
P003_WE08_00079 	Plantaginaceae	Plantaginaceae	Plantaginaceae	Apiaceae	Asteraceae	Orobanchaceae
P003_WF05_00029 	Orobanchaceae	Gentianaceae	Rubiaceae	Rubiaceae	Polygonaceae	Polygonaceae
P003_WF07_00087 	Caryophyllaceae	Caryophyllaceae	Caryophyllaceae	Caryophyllaceae	Caryophyllaceae	Cyperaceae
P003_WG01_00019 	Ranunculaceae	Ranunculaceae	Ranunculaceae	Ranunculaceae	Ranunculaceae	Selaginellaceae
P003_WG04_00097 	Brassicaceae	Brassicaceae	Saxifragaceae	Saxifragaceae	Ranunculaceae	Saxifragaceae
P003_WG09_00073 	Poaceae	Poaceae	Poaceae	Poaceae	Poaceae	Poaceae
P003_WG10_00061 	Juncaceae	Juncaceae	Polygonaceae	Polygonaceae	Polygonaceae	Orobanchaceae
P003_WG11_00226 	Asteraceae	Bignoniaceae	Plantaginaceae	Plantaginaceae	Orobanchaceae	Apiaceae
P003_WH01_00069 	Orobanchaceae	Plantaginaceae	Plantaginaceae	Plantaginaceae	Plantaginaceae	Apiaceae
P003_WH04_00027 	Cyperaceae	Papaveraceae	Ranunculaceae	Ranunculaceae	Ranunculaceae	Ranunculaceae
P003_WH07_00016 	Ranunculaceae	Saxifragaceae	Ranunculaceae	Saxifragaceae	Saxifragaceae	Crassulaceae
P003_WH09_00026 	Saxifragaceae	Saxifragaceae	Saxifragaceae	Saxifragaceae	Ranunculaceae	Crassulaceae
P004_WB01_00063 	Poaceae	Poaceae	Poaceae	Poaceae	Poaceae	Poaceae
P004_WB02_00119 	Ericaceae	Ericaceae	Ericaceae	Ericaceae	Ericaceae	Ericaceae
P004_WC01_00087 	Poaceae	Poaceae	Poaceae	Poaceae	Poaceae	Poaceae
P004_WD01_00007 	Poaceae	Poaceae	Poaceae	Poaceae	Poaceae	Poaceae
P004_WF01_00056 	Cupressaceae	Cupressaceae	Poaceae	Poaceae	Crassulaceae	Crassulaceae
P004_WH01_00007 	Caryophyllaceae	Caryophyllaceae	Ericaceae	Poaceae	Poaceae	Geraniaceae
P8807_501_00008 	Ericaceae	Ericaceae	Ericaceae	Ericaceae	Ericaceae	Ericaceae
P8807_509_00070 	Orobanchaceae	Orobanchaceae	Fabaceae	Polygonaceae	Polygonaceae	Polygonaceae
P8807_516_00054 	Caryophyllaceae	Caryophyllaceae	Caryophyllaceae	Caryophyllaceae	Caryophyllaceae	Cyperaceae
P8807_517_00017 	Ericaceae	Ericaceae	Ericaceae	Ericaceae	Ericaceae	Ericaceae
P8807_521_00017 	Ericaceae	Ericaceae	Ericaceae	Ericaceae	Ericaceae	Ericaceae
P8807_522_00016 	Rosaceae	Moraceae	Orobanchaceae	Celastraceae	Ericaceae	Geraniaceae
P8807_529_00061 	Cyperaceae	Caryophyllaceae	Caryophyllaceae	Caryophyllaceae	Caryophyllaceae	Cyperaceae
WB02_00073 	Geraniaceae	Geraniaceae	Ericaceae	Poaceae	Poaceae	Fabaceae
WB07_00019 	Polygonaceae	Polygonaceae	Polygonaceae	Polygonaceae	Rubiaceae	Rubiaceae
WB12_00018 	Asteraceae	Asteraceae	Asteraceae	Asteraceae	Crassulaceae	Plantaginaceae
WC06_00045 	Ericaceae	Ericaceae	Ericaceae	Ericaceae	Ericaceae	Ericaceae
