P001_WA02_00057 	Orobanchaceae	Orobanchaceae	Salicaceae	Rubiaceae	Caprifoliaceae	Plantaginaceae	Orobanchaceae	100%	22	k141_8409
P001_WA05_00061 	Poaceae	Poaceae	Orobanchaceae	Poaceae	Poaceae	Poaceae	Poaceae	100%	56	k141_94163
P001_WA10_00078 	Rubiaceae	Rubiaceae	Rubiaceae	Rubiaceae	Orobanchaceae	Brassicaceae	Rubiaceae	98%	56	k141_172210
P001_WB01_00192 	Brassicaceae	Brassicaceae	Brassicaceae	Brassicaceae	Brassicaceae	Brassicaceae	Brassicaceae	73%	19	k141_74851
P001_WB01_00445 	Brassicaceae	Poaceae	Orobanchaceae	Poaceae	Poaceae	Poaceae	Poaceae	100%	9	k141_65176
P001_WB02_00081 	Salicaceae	Salicaceae	Salicaceae	Salicaceae	Caprifoliaceae	Orobanchaceae	Salicaceae	92%	25	k141_82554
P001_WB02_00249 	Salicaceae	Orobanchaceae	Orobanchaceae	Rubiaceae	Caprifoliaceae	Plantaginaceae	Orobanchaceae	100%	1	k141_90055
P001_WC11_00086 	Polygonaceae	Polygonaceae	Polygonaceae	Polygonaceae	Rosaceae	Rosaceae	Polygonaceae	100%	20	k141_84513
P001_WD01_00091 	Poaceae	Poaceae	Poaceae	Poaceae	Poaceae	Poaceae	Poaceae	100%	39	k141_7726
P001_WE04_00251 	Tofieldiaceae	Tofieldiaceae	Poaceae	Polygonaceae	Polygonaceae	Poaceae	Tofieldiaceae	100%	40	k141_29768
P001_WE06_00075 	Poaceae	Poaceae	Poaceae	Poaceae	Poaceae	Poaceae	Poaceae	100%	26	k141_30997
P001_WE11_00088 	Poaceae	Poaceae	Orobanchaceae	Poaceae	Poaceae	Poaceae	Poaceae	100%	55	k141_20035
P001_WF02_00152 	Cyperaceae	Cyperaceae	Asteraceae	Cyperaceae	Brassicaceae	Brassicaceae	Cyperaceae	100%	13	k141_97226
P001_WF06_00219 	Orobanchaceae	Poaceae	Orobanchaceae	Poaceae	Poaceae	Poaceae	Poaceae	100%	52	k141_45769
P001_WG02_00308 	Cyperaceae	Ranunculaceae	Ericaceae	Ericaceae	Caprifoliaceae	Ericaceae	Ranunculaceae	100%	11	k141_74381
P001_WH05_00023 	Plantaginaceae	Plantaginaceae	Plantaginaceae	Orobanchaceae	Salicaceae	Caprifoliaceae	Plantaginaceae	98%	57	k141_124415
P001_WH06_00110 	Poaceae	Poaceae	Poaceae	Poaceae	Poaceae	Poaceae	Poaceae	100%	59	k141_48375
P002_WA03_00060 	Poaceae	Poaceae	Orobanchaceae	Poaceae	Poaceae	Poaceae	Poaceae	100%	56	k141_53835
P002_WA09_00032 	Rosaceae	Rosaceae	Rosaceae	Rosaceae	Polygonaceae	Polygonaceae	Rosaceae	100%	58	k141_18579
P002_WB04_00065 	Poaceae	Poaceae	Orobanchaceae	Poaceae	Poaceae	Poaceae	Poaceae	100%	58	k141_24633
P002_WC09_00027 	Fabaceae	Fabaceae	Fabaceae	Rosaceae	Rosaceae	Rosaceae	Fabaceae	100%	75	k141_79203
P002_WC10_00047 	Polygonaceae	Polygonaceae	Polygonaceae	Rosaceae	Rosaceae	Rosaceae	Polygonaceae	100%	29	k141_71829
P002_WD06_00083 	Poaceae	Poaceae	Poaceae	Poaceae	Poaceae	Poaceae	Poaceae	100%	28	k141_43953
P002_WD11_00060 	Poaceae	Poaceae	Poaceae	Poaceae	Poaceae	Poaceae	Poaceae	100%	26	k141_28030
P002_WE06_00026 	Caprifoliaceae	Caprifoliaceae	Cyperaceae	Ericaceae	Ericaceae	Brassicaceae	Caprifoliaceae	100%	56	k141_45199
P002_WE08_00104 	Poaceae	Poaceae	Poaceae	Poaceae	Poaceae	Poaceae	Poaceae	100%	29	k141_8552
P002_WF01_00183 	Poaceae	Poaceae	Poaceae	Poaceae	Poaceae	Poaceae	Poaceae	100%	27	k141_10263
P002_WF05_00094 	Ericaceae	Ericaceae	Ericaceae	Ericaceae	Cyperaceae	Polygonaceae	Ericaceae	100%	10	k141_55364
P002_WF07_00025 	Caryophyllaceae	Caryophyllaceae	Polygonaceae	Polygonaceae	Polygonaceae	Rosaceae	Caryophyllaceae	100%	29	k141_8931
P002_WH03_00065 	Rubiaceae	Rubiaceae	Rubiaceae	Rubiaceae	Brassicaceae	Orobanchaceae	Rubiaceae	100%	45	k141_105036
P002_WH11_00021 	Brassicaceae	Brassicaceae	Brassicaceae	Brassicaceae	Brassicaceae	Brassicaceae	Brassicaceae	100%	36	k141_68739
P003_WB02_00025 	Rubiaceae	Rubiaceae	Rubiaceae	Rubiaceae	Brassicaceae	Orobanchaceae	Rubiaceae	100%	37	k141_121478
P003_WC01_00076 	Polygonaceae	Polygonaceae	Polygonaceae	Rosaceae	Rosaceae	Rosaceae	Polygonaceae	100%	29	k141_4269
P003_WD02_00041 	Brassicaceae	Brassicaceae	Brassicaceae	Brassicaceae	Brassicaceae	Brassicaceae	Brassicaceae	100%	56	k141_38564
P003_WD07_00029 	Brassicaceae	Brassicaceae	Rubiaceae	Caprifoliaceae	Brassicaceae	Brassicaceae	Brassicaceae	100%	55	k141_119455
P003_WE08_00039 	Plantaginaceae	Plantaginaceae	Plantaginaceae	Orobanchaceae	Salicaceae	Caprifoliaceae	Plantaginaceae	97%	44	k141_20958
P003_WF02_00040 	Rosaceae	Rosaceae	Rosaceae	Rosaceae	Polygonaceae	Polygonaceae	Rosaceae	100%	60	k141_7032
P003_WF08_00022 	Salicaceae	Salicaceae	Salicaceae	Salicaceae	Caprifoliaceae	Orobanchaceae	Salicaceae	100%	68	k141_37022
P003_WG08_00132 	Brassicaceae	Brassicaceae	Brassicaceae	Brassicaceae	Brassicaceae	Brassicaceae	Brassicaceae	100%	38	k141_36595
P003_WG11_00084 	Asteraceae	Cyperaceae	Asteraceae	Cyperaceae	Brassicaceae	Brassicaceae	Cyperaceae	100%	18	k141_59030
P003_WG11_00316 	Asteraceae	Asteraceae	Polygonaceae	Polygonaceae	Caprifoliaceae	Rosaceae	Asteraceae	100%	59	k141_30669
P003_WH10_00022 	Brassicaceae	Brassicaceae	Brassicaceae	Brassicaceae	Brassicaceae	Brassicaceae	Brassicaceae	100%	56	k141_67814
P004_WC01_00112 	Poaceae	Poaceae	Poaceae	Poaceae	Poaceae	Poaceae	Poaceae	100%	27	k141_53415
P004_WD01_00098 	Poaceae	Poaceae	Orobanchaceae	Poaceae	Poaceae	Poaceae	Poaceae	100%	55	k141_169879
P8807_519_00055 	Salicaceae	Salicaceae	Salicaceae	Salicaceae	Caprifoliaceae	Orobanchaceae	Salicaceae	100%	1	k141_36360
P8807_522_00040 	Rosaceae	Rosaceae	Rosaceae	Rosaceae	Polygonaceae	Polygonaceae	Rosaceae	100%	2	k141_96956
P8807_527_00110 	Fabaceae	Fabaceae	Fabaceae	Rosaceae	Rosaceae	Rosaceae	Fabaceae	100%	8	k141_72299
WA08_00030 	Ericaceae	Ericaceae	Ericaceae	Cyperaceae	Ericaceae	Caprifoliaceae	Ericaceae	90%	9	k141_32266
WA09_00015 	Ericaceae	Ericaceae	Ericaceae	Cyperaceae	Ericaceae	Caprifoliaceae	Ericaceae	90%	9	k141_11062
WB06_00103 	Poaceae	Poaceae	Poaceae	Poaceae	Poaceae	Poaceae	Poaceae	100%	57	k141_29293
WC04_00026 	Poaceae	Poaceae	Poaceae	Poaceae	Poaceae	Poaceae	Poaceae	100%	29	k141_45444
