P001_WA02_00075 	Orobanchaceae;Euphrasia; 	Orobanchaceae;Euphrasia	Brassicaceae;Arabis; 	Orobanchaceae;Euphrasia; 	Orobanchaceae;Euphrasia; 	Orobanchaceae;Bartsia;
P001_WA03_00009 	Cyperaceae;Carex; 	Cyperaceae;Carex	Cyperaceae;Carex; 	Cyperaceae;Carex; 	Cyperaceae;Carex; 	Cyperaceae;Carex;
P001_WA04_00089 	Salicaceae;Salix; 	Salicaceae;Salix	Salicaceae;Salix; 	Salicaceae;Salix; 	Salicaceae;Salix; 	Salicaceae;Salix;
P001_WA05_00079 	Poaceae;Festuca; 	Poaceae;Festuca	Poaceae;Festuca; 	Poaceae;Festuca; 	Poaceae;Festuca; 	Poaceae;Festuca;
P001_WA06_00033 	Cyperaceae;Carex; 	Cyperaceae;Carex	Cyperaceae;Carex; 	Cyperaceae;Carex; 	Cyperaceae;Carex; 	Cyperaceae;Carex;
P001_WA07_00075 	Asteraceae;Omalotheca; 	Asteraceae;Pseudognaphalium	Asteraceae;Gnaphalium; 	Asteraceae;Antennaria; 	Poaceae;Festuca; 	Asteraceae;Antennaria;
P001_WA08_00079 	Cyperaceae;Carex; 	Cyperaceae;Carex	Cyperaceae;Carex; 	Cyperaceae;Carex; 	Cyperaceae;Carex; 	Cyperaceae;Carex;
P001_WA10_00098 	Rubiaceae;Cruciata; 	Rubiaceae;Galium	Rubiaceae;Galium; 	Rubiaceae;Galium; 	Plantaginaceae;Pennellianthus; 	Lamiaceae;Betonica;
P001_WA11_00086 	Campanulaceae;Campanula; 	Campanulaceae;Campanula	Campanulaceae;Campanula; 	Asteraceae;Gnaphalium; 	Campanulaceae;Campanula; 	Campanulaceae;Campanula;
P001_WA12_00110 	Asteraceae;Matricaria; 	Asteraceae;Tanacetum	Asteraceae;Anthemis; 	Asteraceae;Achillea; 	Asteraceae;Leucanthemum; 	Asteraceae;Leucanthemopsis;
P001_WB01_00148 	Brassicaceae;Arabis; 	Poaceae;Avenella	Salicaceae;Salix; 	Poaceae;Deschampsia; 	Poaceae;Avenella; 	Poaceae;Festuca;
P001_WB01_00233 	Brassicaceae;Arabis; 	Orobanchaceae;Euphrasia	Brassicaceae;Arabis; 	Orobanchaceae;Euphrasia; 	Orobanchaceae;Euphrasia; 	Orobanchaceae;Bartsia;
P001_WB01_00366 	Brassicaceae;Arabis; 	Ranunculaceae;Ranunculus	Ranunculaceae;Ranunculus; 	Caryophyllaceae;Dianthus; 	Ranunculaceae;Ranunculus; 	Ranunculaceae;Ranunculus;
P001_WB01_00481 	Brassicaceae;Arabis; 	Brassicaceae;Arabis	Brassicaceae;Draba; 	Brassicaceae;Arabis; 	Brassicaceae;Draba; 	Brassicaceae;Draba;
P001_WB02_00005 	Salicaceae;Salix; 	Poaceae;Avenella	Salicaceae;Salix; 	Poaceae;Deschampsia; 	Poaceae;Avenella; 	Poaceae;Festuca;
P001_WB02_00019 	Salicaceae;Salix; 	Salicaceae;Salix	Salicaceae;Salix; 	Salicaceae;Salix; 	Salicaceae;Salix; 	Salicaceae;Salix;
P001_WB03_00133 	Cyperaceae;Eriophorum; 	Cyperaceae;Carex	Cyperaceae;Eriophorum; 	Cyperaceae;Eriophorum; 	Cyperaceae;Eriophorum; 	Cyperaceae;Eriophorum;
P001_WB04_00087 	Betulaceae;Betula; 	Betulaceae;Betula	Betulaceae;Betula; 	Rosaceae;Dryas; 	Cyperaceae;Carex; 	Rosaceae;Dryas;
P001_WB05_00114 	Poaceae;Anthoxanthum; 	Poaceae;Anthoxanthum	Poaceae;Trisetum; 	Poaceae;Calamagrostis; 	Poaceae;Calamagrostis; 	Poaceae;Calamagrostis;
P001_WB06_00072 	Gentianaceae;Comastoma; 	Gentianaceae;Swertia	Gentianaceae;Gentianella; 	Gentianaceae;Gentiana; 	Gentianaceae;Gentiana; 	Gentianaceae;Gentiana;
P001_WB07_00107 	Fabaceae;Oxytropis; 	Fabaceae;Oxytropis	Fabaceae;Oxytropis; 	Fabaceae;Oxytropis; 	Fabaceae;Astragalus; 	Fabaceae;Astragalus;
P001_WB08_00057 	Poaceae;Bromus; 	Poaceae;Bromus	Poaceae;Trisetum; 	Poaceae;Calamagrostis; 	Poaceae;Calamagrostis; 	Poaceae;Calamagrostis;
P001_WB09_00029 	Asteraceae;Leontodon; 	Asteraceae;Cichorium	Asteraceae;Leontodon; 	Asteraceae;Hieracium; 	Asteraceae;Hieracium; 	Asteraceae;Taraxacum;
P001_WB10_00033 	Poaceae;Nardus; 	Poaceae;Nardus	Poaceae;Bromus; 	Poaceae;Calamagrostis; 	Poaceae;Hierochloe; 	Poaceae;Calamagrostis;
P001_WB11_00034 	Campanulaceae;Campanula; 	Campanulaceae;Campanula	Asteraceae;Gnaphalium; 	Campanulaceae;Campanula; 	Campanulaceae;Campanula; 	Campanulaceae;Campanula;
P001_WB12_00038 	Asteraceae;Gnaphalium; 	Asteraceae;Pseudognaphalium	Asteraceae;Gnaphalium; 	Asteraceae;Antennaria; 	Poaceae;Festuca; 	Asteraceae;Antennaria;
P001_WB12_00082 	Asteraceae;Gnaphalium; 	Campanulaceae;Campanula	Asteraceae;Gnaphalium; 	Campanulaceae;Campanula; 	Campanulaceae;Campanula; 	Campanulaceae;Campanula;
P001_WC02_00055 	Poaceae;Deschampsia; 	Poaceae;Avenella	Salicaceae;Salix; 	Poaceae;Deschampsia; 	Poaceae;Avenella; 	Poaceae;Festuca;
P001_WC03_00031 	Asteraceae;Erigeron; 	Asteraceae;Erigeron	Asteraceae;Erigeron; 	Asteraceae;Erigeron; 	Asteraceae;Aster; 	Asteraceae;Aster;
P001_WC06_00098 	Gentianaceae;Gentiana; 	Gentianaceae;Gentiana	Gentianaceae;Gentiana; 	Gentianaceae;Gentiana; 	Gentianaceae;Gentiana; 	Gentianaceae;Gentiana;
P001_WC07_00118 	Asteraceae;Leontodon; 	Asteraceae;Taraxacum	Asteraceae;Leontodon; 	Asteraceae;Hieracium; 	Asteraceae;Hieracium; 	Asteraceae;Taraxacum;
P001_WC08_00085 	Apiaceae;Bupleurum; 	Apiaceae;Bupleurum	Apiaceae;Bupleurum; 	Apiaceae;Carum; 	Apiaceae;Carum; 	Apiaceae;Chaerophyllum;
P001_WC09_00080 	Lamiaceae;Betonica; 	Lamiaceae;Lagopsis	Plantaginaceae;Pennellianthus; 	Orobanchaceae;Pedicularis; 	Lentibulariaceae;Pinguicula; 	Orobanchaceae;Pedicularis;
P001_WC10_00019 	Apiaceae;Carum; 	Apiaceae;Carum	Apiaceae;Carum; 	Apiaceae;Seseli; 	Apiaceae;Chaerophyllum; 	Apiaceae;Ligusticum;
P001_WC11_00114 	Polygonaceae;Rumex; 	Polygonaceae;Rumex	Polygonaceae;Rumex; 	Polygonaceae;Rumex; 	Polygonaceae;Bistorta; 	Polygonaceae;Polygonum;
P001_WC12_00015 	Cyperaceae;Carex; 	Cyperaceae;Carex	Cyperaceae;Kobresia; 	Cyperaceae;Carex; 	Cyperaceae;Carex; 	Cyperaceae;Carex;
P001_WD01_00073 	Poaceae;Poa; 	Poaceae;Poa	Poaceae;Poa; 	Poaceae;Festuca; 	Poaceae;Festuca; 	Poaceae;Poa;
P001_WD02_00025 	Saxifragaceae;Saxifraga; 	Saxifragaceae;Micranthes	Saxifragaceae;Saxifraga; 	Brassicaceae;Draba; 	Saxifragaceae;Saxifraga; 	Saxifragaceae;Saxifraga;
P001_WD03_00104 	Poaceae;Calamagrostis; 	Poaceae;Calamagrostis	Poaceae;Calamagrostis; 	Poaceae;Calamagrostis; 	Poaceae;Calamagrostis; 	Poaceae;Agrostis;
P001_WD04_00084 	Ericaceae;Cassiope; 	Ericaceae;Rhododendron	Ericaceae;Harrimanella; 	Ericaceae;Rhododendron; 	Ericaceae;Bryanthus; 	Ericaceae;Empetrum;
P001_WD05_00024 	Poaceae;Avenella; 	Poaceae;Avenella	Salicaceae;Salix; 	Poaceae;Deschampsia; 	Poaceae;Avenella; 	Poaceae;Festuca;
P001_WD06_00067 	Campanulaceae;Campanula; 	Campanulaceae;Campanula	Campanulaceae;Campanula; 	Campanulaceae;Campanula; 	Campanulaceae;Campanula; 	Campanulaceae;Campanula;
P001_WD07_00064 	Caryophyllaceae;Silene; 	Caryophyllaceae;Silene	Caryophyllaceae;Silene; 	Caryophyllaceae;Silene; 	Caryophyllaceae;Silene; 	Caryophyllaceae;Viscaria;
P001_WD08_00045 	Caryophyllaceae;Cerastium; 	Boraginaceae;Plagiobothrys	Boraginaceae;Myosotis; 	Asteraceae;Hieracium; 	Asteraceae;Hieracium; 	Asteraceae;Hieracium;
P001_WD08_00170 	Caryophyllaceae;Cerastium; 	Caryophyllaceae;Cerastium	Caryophyllaceae;Cerastium; 	Caryophyllaceae;Stellaria; 	Caryophyllaceae;Cerastium; 	Caryophyllaceae;Cerastium;
P001_WD09_00008 	Gentianaceae;Gentiana; 	Gentianaceae;Gentiana	Gentianaceae;Gentiana; 	Gentianaceae;Gentiana; 	Gentianaceae;Gentiana; 	Gentianaceae;Gentiana;
P001_WD10_00027 	Boraginaceae;Myosotis; 	Boraginaceae;Plagiobothrys	Boraginaceae;Myosotis; 	Asteraceae;Hieracium; 	Asteraceae;Hieracium; 	Asteraceae;Hieracium;
P001_WD11_00208 	Crassulaceae;Sedum; 	Asteraceae;Taraxacum	Asteraceae;Taraxacum; 	Asteraceae;Taraxacum; 	Cyperaceae;Carex; 	Asteraceae;Taraxacum;
P001_WD11_00287 	Crassulaceae;Sedum; 	Crassulaceae;Rosularia	Crassulaceae;Sempervivum; 	Crassulaceae;Sedum; 	Crassulaceae;Rhodiola; 	Rosaceae;Dryas;
P001_WD12_00088 	Asteraceae;Taraxacum; 	Asteraceae;Taraxacum	Asteraceae;Taraxacum; 	Asteraceae;Taraxacum; 	Cyperaceae;Carex; 	Asteraceae;Taraxacum;
P001_WE01_00028 	Caryophyllaceae;Minuartia; 	Caryophyllaceae;Mononeuria	Caryophyllaceae;Minuartia; 	Caryophyllaceae;Minuartia; 	Caryophyllaceae;Minuartia; 	Caryophyllaceae;Silene;
P001_WE02_00051 	Cyperaceae;Kobresia; 	Cyperaceae;Carex	Cyperaceae;Carex; 	Cyperaceae;Carex; 	Cyperaceae;Carex; 	Cyperaceae;Carex;
P001_WE03_00096 	Ranunculaceae;Ranunculus; 	Ranunculaceae;Ranunculus	Ranunculaceae;Ranunculus; 	Ranunculaceae;Ranunculus; 	Caryophyllaceae;Dianthus; 	Ranunculaceae;Ranunculus;
P001_WE04_00109 	Tofieldiaceae;Tofieldia; 	Cyperaceae;Carex	Cyperaceae;Carex; 	Cyperaceae;Carex; 	Cyperaceae;Carex; 	Cyperaceae;Carex;
P001_WE04_00271 	Tofieldiaceae;Tofieldia; 	Tofieldiaceae;Tofieldia	Papaveraceae;Papaver; 	Liliaceae;Fritillaria; 	Liliaceae;Gagea; 	Cyperaceae;Carex;
P001_WE05_00034 	Ericaceae;Kalmia; 	Ericaceae;Rhododendron	Ericaceae;Bryanthus; 	Ericaceae;Rhododendron; 	Ericaceae;Rhododendron; 	Ericaceae;Rhododendron;
P001_WE06_00058 	Poaceae;Phleum; 	Poaceae;Phleum	Poaceae;Poa; 	Poaceae;Poa; 	Poaceae;Festuca; 	Poaceae;Poa;
P001_WE07_00050 	Juncaceae;Luzula; 	Cyperaceae;Hypolytrum	Juncaceae;Luzula; 	Juncaceae;Luzula; 	Cyperaceae;Carex; 	Asteraceae;Aster;
P001_WE08_00114 	Caprifoliaceae;Scabiosa; 	Caprifoliaceae;Dipsacus	Caprifoliaceae;Patrinia; 	Asteraceae;Hieracium; 	Asteraceae;Hieracium; 	Asteraceae;Hieracium;
P001_WE10_00113 	Asteraceae;Taraxacum; 	Asteraceae;Taraxacum	Asteraceae;Taraxacum; 	Asteraceae;Taraxacum; 	Cyperaceae;Carex; 	Asteraceae;Taraxacum;
P001_WE11_00108 	Poaceae;Festuca; 	Poaceae;Festuca	Poaceae;Festuca; 	Poaceae;Festuca; 	Poaceae;Festuca; 	Poaceae;Festuca;
P001_WE12_00087 	Cyperaceae;Carex; 	Cyperaceae;Carex	Cyperaceae;Carex; 	Cyperaceae;Carex; 	Cyperaceae;Kobresia; 	Cyperaceae;Carex;
P001_WE12_00100 	Cyperaceae;Carex; 	Poaceae;Festuca	Poaceae;Festuca; 	Poaceae;Festuca; 	Poaceae;Festuca; 	Poaceae;Festuca;
P001_WE12_00302 	Cyperaceae;Carex; 	Asteraceae;Taraxacum	Asteraceae;Taraxacum; 	Asteraceae;Taraxacum; 	Cyperaceae;Carex; 	Asteraceae;Taraxacum;
P001_WF01_00119 	Equisetaceae;Equisetum; 	Equisetaceae;Equisetum	Equisetaceae;Equisetum; 	Equisetaceae;Equisetum; 	Equisetaceae;Equisetum; 	Equisetaceae;Equisetum;
P001_WF02_00134 	Cyperaceae;Carex; 	Cyperaceae;Carex	Cyperaceae;Carex; 	Cyperaceae;Carex; 	Cyperaceae;Carex; 	Cyperaceae;Carex;
P001_WF03_00024 	Caryophyllaceae;Cerastium; 	Caryophyllaceae;Cerastium	Caryophyllaceae;Cerastium; 	Caryophyllaceae;Cerastium; 	Caryophyllaceae;Cerastium; 	Caryophyllaceae;Cerastium;
P001_WF04_00061 	Caryophyllaceae;Silene; 	Caryophyllaceae;Silene	Caryophyllaceae;Silene; 	Caryophyllaceae;Silene; 	Caryophyllaceae;Silene; 	Caryophyllaceae;Viscaria;
P001_WF05_00019 	Asteraceae;Antennaria; 	Asteraceae;Antennaria	Asteraceae;Antennaria; 	Poaceae;Festuca; 	Asteraceae;Antennaria; 	Asteraceae;Gnaphalium;
P001_WF06_00119 	Orobanchaceae;Euphrasia; 	Orobanchaceae;Euphrasia	Brassicaceae;Arabis; 	Orobanchaceae;Euphrasia; 	Orobanchaceae;Euphrasia; 	Orobanchaceae;Bartsia;
P001_WF06_00235 	Orobanchaceae;Euphrasia; 	Poaceae;Festuca	Poaceae;Festuca; 	Poaceae;Festuca; 	Poaceae;Festuca; 	Poaceae;Festuca;
P001_WF07_00104 	Poaceae;Festuca; 	Poaceae;Festuca	Poaceae;Festuca; 	Poaceae;Festuca; 	Poaceae;Festuca; 	Poaceae;Festuca;
P001_WF08_00039 	Orchidaceae;Coeloglossum; 	Orchidaceae;Dactylorhiza	Tofieldiaceae;Tofieldia; 	Liliaceae;Gagea; 	Liliaceae;Fritillaria; 	Papaveraceae;Papaver;
P001_WF09_00108 	Gentianaceae;Gentiana; 	Gentianaceae;Gentiana	Gentianaceae;Gentiana; 	Gentianaceae;Gentiana; 	Gentianaceae;Gentiana; 	Gentianaceae;Gentiana;
P001_WF10_00042 	Fabaceae;Anthyllis; 	Fabaceae;Lotus	Fabaceae;Oxytropis; 	Fabaceae;Astragalus; 	Fabaceae;Oxytropis; 	Fabaceae;Oxytropis;
P001_WF11_00075 	Apiaceae;Seseli; 	Apiaceae;Angelica	Apiaceae;Ligusticum; 	Apiaceae;Peucedanum; 	Apiaceae;Carum; 	Apiaceae;Carum;
P001_WG01_00111 	Ranunculaceae;Thalictrum; 	Ranunculaceae;Thalictrum	Cyperaceae;Carex; 	Ranunculaceae;Trollius; 	Ranunculaceae;Aconitum; 	Cyperaceae;Carex;
P001_WG02_00159 	Cyperaceae;Carex; 	Cyperaceae;Carex	Cyperaceae;Carex; 	Cyperaceae;Carex; 	Cyperaceae;Carex; 	Cyperaceae;Carex;
P001_WG02_00246 	Cyperaceae;Carex; 	Ranunculaceae;Thalictrum	Cyperaceae;Carex; 	Ranunculaceae;Trollius; 	Ranunculaceae;Aconitum; 	Cyperaceae;Carex;
P001_WG02_00282 	Cyperaceae;Carex; 	Cyperaceae;Carex	Cyperaceae;Carex; 	Cyperaceae;Carex; 	Cyperaceae;Carex; 	Cyperaceae;Carex;
P001_WG04_00053 	Cyperaceae;Carex; 	Cyperaceae;Carex	Cyperaceae;Carex; 	Cyperaceae;Carex; 	Cyperaceae;Carex; 	Cyperaceae;Carex;
P001_WG05_00045 	Caryophyllaceae;Viscaria; 	Caryophyllaceae;Silene	Caryophyllaceae;Silene; 	Caryophyllaceae;Silene; 	Caryophyllaceae;Silene; 	Caryophyllaceae;Silene;
P001_WG06_00030 	Saxifragaceae;Saxifraga; 	Saxifragaceae;Saxifraga	Saxifragaceae;Saxifraga; 	Saxifragaceae;Saxifraga; 	Saxifragaceae;Saxifraga; 	Saxifragaceae;Saxifraga;
P001_WG07_00050 	Gentianaceae;Gentianella; 	Gentianaceae;Swertia	Gentianaceae;Gentianella; 	Gentianaceae;Gentiana; 	Gentianaceae;Gentiana; 	Gentianaceae;Gentiana;
P001_WG08_00031 	Asteraceae;Anthemis; 	Asteraceae;Tanacetum	Asteraceae;Matricaria; 	Asteraceae;Achillea; 	Asteraceae;Leucanthemum; 	Asteraceae;Leucanthemopsis;
P001_WG10_00043 	Asteraceae;Taraxacum; 	Asteraceae;Taraxacum	Asteraceae;Taraxacum; 	Asteraceae;Taraxacum; 	Asteraceae;Taraxacum; 	Cyperaceae;Carex;
P001_WG11_00030 	Liliaceae;Gagea; 	Liliaceae;Gagea	Liliaceae;Fritillaria; 	Tofieldiaceae;Tofieldia; 	Papaveraceae;Papaver; 	Ranunculaceae;Trollius;
P001_WG12_00089 	Poaceae;Catabrosella; 	Poaceae;Phippsia	Poaceae;Hyalopoa; 	Poaceae;Festuca; 	Poaceae;Festuca; 	Poaceae;Festuca;
P001_WH01_00082 	Celastraceae;Parnassia; 	Celastraceae;Parnassia	Saxifragaceae;Chrysosplenium; 	Betulaceae;Betula; 	Betulaceae;Betula; 	Rosaceae;Dryas;
P001_WH02_00066 	Salicaceae;Salix; 	Salicaceae;Salix	Salicaceae;Salix; 	Salicaceae;Salix; 	Salicaceae;Salix; 	Salicaceae;Salix;
P001_WH03_00141 	Cyperaceae;Eriophorum; 	Cyperaceae;Carex	Cyperaceae;Eriophorum; 	Cyperaceae;Eriophorum; 	Cyperaceae;Eriophorum; 	Cyperaceae;Eriophorum;
P001_WH04_00065 	Saxifragaceae;Saxifraga; 	Saxifragaceae;Saxifraga	Saxifragaceae;Saxifraga; 	Saxifragaceae;Saxifraga; 	Saxifragaceae;Saxifraga; 	Saxifragaceae;Saxifraga;
P001_WH05_00006 	Plantaginaceae;Veronica; 	Plantaginaceae;Veronica	Plantaginaceae;Veronica; 	Plantaginaceae;Veronica; 	Asteraceae;Cirsium; 	Fabaceae;Hedysarum;
P001_WH06_00126 	Poaceae;Trisetum; 	Poaceae;Koeleria	Poaceae;Calamagrostis; 	Poaceae;Calamagrostis; 	Poaceae;Calamagrostis; 	Poaceae;Calamagrostis;
P001_WH06_00201 	Poaceae;Trisetum; 	Asteraceae;Cichorium	Asteraceae;Scorzonera; 	Asteraceae;Hieracium; 	Asteraceae;Hieracium; 	Asteraceae;Taraxacum;
P001_WH07_00045 	Asteraceae;Scorzonera; 	Asteraceae;Cichorium	Asteraceae;Scorzonera; 	Asteraceae;Hieracium; 	Asteraceae;Hieracium; 	Asteraceae;Taraxacum;
P001_WH08_00006 	Asteraceae;Anthemis; 	Asteraceae;Tanacetum	Asteraceae;Anthemis; 	Asteraceae;Matricaria; 	Asteraceae;Leucanthemum; 	Asteraceae;Achillea;
P001_WH09_00079 	Primulaceae;Primula; 	Primulaceae;Primula	Primulaceae;Primula; 	Primulaceae;Primula; 	Primulaceae;Primula; 	Primulaceae;Primula;
P001_WH10_00037 	Hypericaceae;Hypericum; 	Hypericaceae;Hypericum	Rosaceae;Dryas; 	Cyperaceae;Carex; 	Violaceae;Viola; 	Rosaceae;Dryas;
P001_WH11_00006 	Asteraceae;Erigeron; 	Asteraceae;Erigeron	Asteraceae;Erigeron; 	Asteraceae;Erigeron; 	Asteraceae;Aster; 	Asteraceae;Aster;
P001_WH12_00118 	Asteraceae;Hieracium; 	Asteraceae;Cichorium	Asteraceae;Hieracium; 	Asteraceae;Hieracium; 	Asteraceae;Taraxacum; 	Asteraceae;Taraxacum;
P002_WA01_00095 	Poaceae;Hyalopoa; 	Poaceae;Phippsia	Poaceae;Hyalopoa; 	Poaceae;Festuca; 	Poaceae;Festuca; 	Poaceae;Festuca;
P002_WA02_00107 	Fabaceae;Trifolium; 	Fabaceae;Trifolium	Fabaceae;Trifolium; 	Fabaceae;Oxytropis; 	Fabaceae;Oxytropis; 	Fabaceae;Astragalus;
P002_WA03_00077 	Poaceae;Festuca; 	Poaceae;Festuca	Poaceae;Festuca; 	Poaceae;Festuca; 	Poaceae;Festuca; 	Poaceae;Festuca;
P002_WA04_00022 	Apiaceae;Carum; 	Apiaceae;Carum	Apiaceae;Carum; 	Apiaceae;Seseli; 	Apiaceae;Chaerophyllum; 	Apiaceae;Ligusticum;
P002_WA05_00017 	Gentianaceae;Gentiana; 	Gentianaceae;Gentiana	Gentianaceae;Gentiana; 	Gentianaceae;Gentiana; 	Gentianaceae;Gentiana; 	Gentianaceae;Gentiana;
P002_WA06_00024 	Apiaceae;Peucedanum; 	Apiaceae;Angelica	Apiaceae;Seseli; 	Apiaceae;Ligusticum; 	Apiaceae;Carum; 	Apiaceae;Carum;
P002_WA07_00013 	Ericaceae;Harrimanella; 	Ericaceae;Gaultheria	Ericaceae;Cassiope; 	Ericaceae;Harrimanella; 	Ericaceae;Bryanthus; 	Ericaceae;Pieris;
P002_WA08_00078 	Poaceae;Poa; 	Poaceae;Poa	Poaceae;Poa; 	Poaceae;Poa; 	Poaceae;Poa; 	Poaceae;Poa;
P002_WA09_00014 	Rosaceae;Dryas; 	Rosaceae;Dryas	Rosaceae;Dryas; 	Cyperaceae;Carex; 	Rosaceae;Dryas; 	Rosaceae;Potentilla;
P002_WA10_00045 	Ericaceae;Rhododendron; 	Ericaceae;Rhododendron	Ericaceae;Rhododendron; 	Ericaceae;Rhododendron; 	Ericaceae;Rhododendron; 	Ericaceae;Rhododendron;
P002_WA11_00062 	Poaceae;Calamagrostis; 	Poaceae;Calamagrostis	Poaceae;Calamagrostis; 	Poaceae;Calamagrostis; 	Poaceae;Calamagrostis; 	Poaceae;Agrostis;
P002_WA12_00006 	Saxifragaceae;Saxifraga; 	Saxifragaceae;Saxifraga	Saxifragaceae;Saxifraga; 	Saxifragaceae;Saxifraga; 	Saxifragaceae;Saxifraga; 	Saxifragaceae;Saxifraga;
P002_WB01_00115 	Apiaceae;Chaerophyllum; 	Apiaceae;Cryptotaenia	Apiaceae;Carum; 	Apiaceae;Carum; 	Apiaceae;Ligusticum; 	Apiaceae;Seseli;
P002_WB02_00119 	Primulaceae;Primula; 	Primulaceae;Primula	Primulaceae;Primula; 	Primulaceae;Primula; 	Primulaceae;Primula; 	Primulaceae;Trientalis;
P002_WB03_00070 	Caryophyllaceae;Arenaria; 	Caryophyllaceae;Psammosilene	Caryophyllaceae;Minuartia; 	Caryophyllaceae;Dianthus; 	Caryophyllaceae;Silene; 	Ranunculaceae;Ranunculus;
P002_WB04_00082 	Poaceae;Helictotrichon; 	Poaceae;Festuca	Poaceae;Festuca; 	Poaceae;Festuca; 	Poaceae;Festuca; 	Poaceae;Festuca;
P002_WB05_00077 	Orobanchaceae;Pedicularis; 	Orobanchaceae;Pedicularis	Orobanchaceae;Pedicularis; 	Orobanchaceae;Pedicularis; 	Orobanchaceae;Pedicularis; 	Orobanchaceae;Pedicularis;
P002_WB06_00090 	Rosaceae;Potentilla; 	Rosaceae;Potentilla	Orobanchaceae;Pedicularis; 	Rosaceae;Potentilla; 	Rosaceae;Potentilla; 	Rosaceae;Potentilla;
P002_WB07_00032 	Ericaceae;Bryanthus; 	Ericaceae;Rhododendron	Ericaceae;Rhododendron; 	Ericaceae;Rhododendron; 	Ericaceae;Rhododendron; 	Ericaceae;Rhododendron;
P002_WB08_00108 	Poaceae;Poa; 	Poaceae;Poa	Poaceae;Poa; 	Poaceae;Poa; 	Poaceae;Poa; 	Poaceae;Poa;
P002_WB09_00085 	Salicaceae;Salix; 	Salicaceae;Salix	Salicaceae;Salix; 	Salicaceae;Salix; 	Salicaceae;Salix; 	Salicaceae;Salix;
P002_WB10_00091 	Caryophyllaceae;Stellaria; 	Caryophyllaceae;Stellaria	Caryophyllaceae;Stellaria; 	Caryophyllaceae;Cerastium; 	Caryophyllaceae;Cerastium; 	Caryophyllaceae;Cerastium;
P002_WB11_00102 	Orobanchaceae;Pedicularis; 	Orobanchaceae;Pedicularis	Orobanchaceae;Pedicularis; 	Orobanchaceae;Pedicularis; 	Rosaceae;Potentilla; 	Orobanchaceae;Pedicularis;
P002_WB12_00091 	Saxifragaceae;Chrysosplenium; 	Saxifragaceae;Chrysosplenium	Saxifragaceae;Saxifraga; 	Saxifragaceae;Saxifraga; 	Brassicaceae;Draba; 	Saxifragaceae;Saxifraga;
P002_WC01_00083 	Rosaceae;Potentilla; 	Rosaceae;Potentilla	Orobanchaceae;Pedicularis; 	Rosaceae;Potentilla; 	Rosaceae;Potentilla; 	Rosaceae;Potentilla;
P002_WC01_00197 	Rosaceae;Potentilla; 	Orobanchaceae;Pedicularis	Orobanchaceae;Pedicularis; 	Orobanchaceae;Pedicularis; 	Orobanchaceae;Pedicularis; 	Orobanchaceae;Pedicularis;
P002_WC02_00037 	Fabaceae;Oxytropis; 	Fabaceae;Oxytropis	Fabaceae;Oxytropis; 	Fabaceae;Oxytropis; 	Fabaceae;Astragalus; 	Fabaceae;Astragalus;
P002_WC03_00032 	Orobanchaceae;Euphrasia; 	Orobanchaceae;Euphrasia	Orobanchaceae;Euphrasia; 	Brassicaceae;Arabis; 	Orobanchaceae;Euphrasia; 	Orobanchaceae;Bartsia;
P002_WC04_00078 	Asteraceae;Aster; 	Asteraceae;Aster	Asteraceae;Erigeron; 	Asteraceae;Erigeron; 	Juncaceae;Luzula; 	Asteraceae;Aster;
P002_WC05_00024 	Apiaceae;Tilingia; 	Apiaceae;Ostericum	Apiaceae;Seseli; 	Apiaceae;Carum; 	Apiaceae;Chaerophyllum; 	Apiaceae;Ligusticum;
P002_WC06_00049 	Juncaceae;Luzula; 	Cyperaceae;Hypolytrum	Juncaceae;Luzula; 	Juncaceae;Luzula; 	Cyperaceae;Carex; 	Asteraceae;Aster;
P002_WC07_00091 	Ericaceae;Rhododendron; 	Ericaceae;Rhododendron	Ericaceae;Bryanthus; 	Ericaceae;Cassiope; 	Ericaceae;Phyllodoce; 	Ericaceae;Empetrum;
P002_WC08_00101 	Brassicaceae;Cardamine; 	Brassicaceae;Cardamine	Brassicaceae;Cardamine; 	Brassicaceae;Cardamine; 	Brassicaceae;Arabis; 	Brassicaceae;Draba;
P002_WC09_00009 	Fabaceae;Astragalus; 	Fabaceae;Astragalus	Fabaceae;Oxytropis; 	Fabaceae;Oxytropis; 	Fabaceae;Astragalus; 	Fabaceae;Oxytropis;
P002_WC10_00023 	Polygonaceae;Persicaria; 	Polygonaceae;Bistorta	Polygonaceae;Bistorta; 	Polygonaceae;Bistorta; 	Polygonaceae;Polygonum; 	Polygonaceae;Rumex;
P002_WC11_00043 	Caryophyllaceae;Minuartia; 	Caryophyllaceae;Mononeuria	Caryophyllaceae;Minuartia; 	Caryophyllaceae;Minuartia; 	Caryophyllaceae;Minuartia; 	Caryophyllaceae;Silene;
P002_WC12_00067 	Cyperaceae;Eriophorum; 	Cyperaceae;Carex	Cyperaceae;Eriophorum; 	Cyperaceae;Eriophorum; 	Cyperaceae;Eriophorum; 	Cyperaceae;Eriophorum;
P002_WD01_00008 	Orobanchaceae;Pedicularis; 	Rosaceae;Potentilla	Orobanchaceae;Pedicularis; 	Rosaceae;Potentilla; 	Rosaceae;Potentilla; 	Rosaceae;Potentilla;
P002_WD01_00195 	Orobanchaceae;Pedicularis; 	Orobanchaceae;Pedicularis	Orobanchaceae;Pedicularis; 	Orobanchaceae;Pedicularis; 	Orobanchaceae;Pedicularis; 	Orobanchaceae;Pedicularis;
P002_WD02_00077 	Violaceae;Viola; 	Violaceae;Viola	Violaceae;Viola; 	Salicaceae;Salix; 	Salicaceae;Salix; 	Salicaceae;Salix;
P002_WD03_00040 	Asteraceae;Erigeron; 	Asteraceae;Erigeron	Asteraceae;Erigeron; 	Asteraceae;Erigeron; 	Asteraceae;Aster; 	Asteraceae;Aster;
P002_WD04_00008 	Rosaceae;Potentilla; 	Rosaceae;Potentilla	Orobanchaceae;Pedicularis; 	Rosaceae;Potentilla; 	Rosaceae;Potentilla; 	Rosaceae;Potentilla;
P002_WD05_00007 	Plantaginaceae;Pennellianthus; 	Phrymaceae;Phryma	Plantaginaceae;Veronica; 	Asteraceae;Cirsium; 	Orobanchaceae;Pedicularis; 	Plantaginaceae;Veronica;
P002_WD06_00066 	Poaceae;Deschampsia; 	Poaceae;Agrostis	Poaceae;Agrostis; 	Poaceae;Calamagrostis; 	Poaceae;Agrostis; 	Poaceae;Calamagrostis;
P002_WD07_00062 	Asteraceae;Saussurea; 	Asteraceae;Saussurea	Plantaginaceae;Veronica; 	Asteraceae;Cirsium; 	Asteraceae;Saussurea; 	Poaceae;Calamagrostis;
P002_WD08_00090 	Fabaceae;Oxytropis; 	Fabaceae;Oxytropis	Fabaceae;Oxytropis; 	Fabaceae;Oxytropis; 	Fabaceae;Astragalus; 	Fabaceae;Astragalus;
P002_WD09_00104 	Plumbaginaceae;Armeria; 	Plumbaginaceae;Limonium	Polygonaceae;Persicaria; 	Polygonaceae;Bistorta; 	Polygonaceae;Bistorta; 	Polygonaceae;Polygonum;
P002_WD10_00110 	Salicaceae;Salix; 	Salicaceae;Salix	Salicaceae;Salix; 	Salicaceae;Salix; 	Salicaceae;Salix; 	Salicaceae;Salix;
P002_WD11_00045 	Poaceae;Hierochloe; 	Poaceae;Hierochloe	Poaceae;Hierochloe; 	Poaceae;Calamagrostis; 	Poaceae;Calamagrostis; 	Poaceae;Calamagrostis;
P002_WD12_00028 	Polygonaceae;Rumex; 	Polygonaceae;Rumex	Polygonaceae;Rumex; 	Polygonaceae;Rumex; 	Polygonaceae;Bistorta; 	Polygonaceae;Polygonum;
P002_WE01_00020 	Asteraceae;Centaurea; 	Asteraceae;Saussurea	Poaceae;Calamagrostis; 	Plantaginaceae;Veronica; 	Asteraceae;Cirsium; 	Asteraceae;Saussurea;
P002_WE02_00098 	Plantaginaceae;Plantago; 	Plantaginaceae;Plantago	Plantaginaceae;Pennellianthus; 	Plantaginaceae;Veronica; 	Asteraceae;Cirsium; 	Plantaginaceae;Veronica;
P002_WE03_00089 	Ranunculaceae;Ranunculus; 	Ranunculaceae;Ranunculus	Caryophyllaceae;Dianthus; 	Ranunculaceae;Ranunculus; 	Brassicaceae;Arabis; 	Ranunculaceae;Ranunculus;
P002_WE04_00001 	Ranunculaceae;Anemone; 	Ranunculaceae;Anemone	Ranunculaceae;Anemone; 	Ranunculaceae;Pulsatilla; 	Ranunculaceae;Aconitum; 	Cyperaceae;Carex;
P002_WE05_00054 	Campanulaceae;Campanula; 	Campanulaceae;Campanula	Campanulaceae;Campanula; 	Campanulaceae;Campanula; 	Asteraceae;Gnaphalium; 	Campanulaceae;Campanula;
P002_WE06_00009 	Caprifoliaceae;Patrinia; 	Caprifoliaceae;Patrinia	Caprifoliaceae;Scabiosa; 	Poaceae;Trisetum; 	Asteraceae;Scorzonera; 	Asteraceae;Hieracium;
P002_WE07_00007 	Rosaceae;Spiraea; 	Rosaceae;Spiraea	Rosaceae;Dryas; 	Rosaceae;Dryas; 	Cyperaceae;Carex; 	Rosaceae;Dryas;
P002_WE07_00216 	Rosaceae;Spiraea; 	Caryophyllaceae;Colobanthus	Caryophyllaceae;Minuartia; 	Caryophyllaceae;Minuartia; 	Caryophyllaceae;Sagina; 	Caryophyllaceae;Minuartia;
P002_WE08_00121 	Poaceae;Alopecurus; 	Poaceae;Alopecurus	Poaceae;Alopecurus; 	Poaceae;Alopecurus; 	Poaceae;Dupontia; 	Poaceae;Arctagrostis;
P002_WE09_00007 	Betulaceae;Betula; 	Betulaceae;Betula	Betulaceae;Betula; 	Rosaceae;Dryas; 	Cyperaceae;Carex; 	Rosaceae;Dryas;
P002_WE10_00007 	Saxifragaceae;Saxifraga; 	Saxifragaceae;Saxifraga	Saxifragaceae;Saxifraga; 	Saxifragaceae;Saxifraga; 	Saxifragaceae;Saxifraga; 	Saxifragaceae;Saxifraga;
P002_WE11_00034 	Poaceae;Alopecurus; 	Poaceae;Alopecurus	Poaceae;Alopecurus; 	Poaceae;Alopecurus; 	Poaceae;Dupontia; 	Poaceae;Arctagrostis;
P002_WE12_00123 	Poaceae;Arctophila; 	Poaceae;Alopecurus	Poaceae;Dupontia; 	Poaceae;Arctagrostis; 	Poaceae;Alopecurus; 	Poaceae;Poa;
P002_WF01_00085 	Poaceae;Calamagrostis; 	Asteraceae;Saussurea	Poaceae;Calamagrostis; 	Plantaginaceae;Veronica; 	Asteraceae;Cirsium; 	Asteraceae;Saussurea;
P002_WF01_00166 	Poaceae;Calamagrostis; 	Poaceae;Calamagrostis	Poaceae;Calamagrostis; 	Poaceae;Calamagrostis; 	Poaceae;Calamagrostis; 	Poaceae;Calamagrostis;
P002_WF02_00029 	Plantaginaceae;Veronica; 	Plantaginaceae;Veronica	Fabaceae;Hedysarum; 	Plantaginaceae;Veronica; 	Asteraceae;Cirsium; 	Plantaginaceae;Veronica;
P002_WF03_00026 	Caryophyllaceae;Minuartia; 	Caryophyllaceae;Mononeuria	Caryophyllaceae;Minuartia; 	Caryophyllaceae;Minuartia; 	Caryophyllaceae;Minuartia; 	Caryophyllaceae;Silene;
P002_WF04_00051 	Orobanchaceae;Pedicularis; 	Orobanchaceae;Pedicularis	Orobanchaceae;Pedicularis; 	Orobanchaceae;Pedicularis; 	Rosaceae;Potentilla; 	Orobanchaceae;Pedicularis;
P002_WF05_00114 	Ericaceae;Rhododendron; 	Ericaceae;Rhododendron	Ericaceae;Rhododendron; 	Ericaceae;Rhododendron; 	Ericaceae;Rhododendron; 	Ericaceae;Rhododendron;
P002_WF07_00045 	Caryophyllaceae;Minuartia; 	Caryophyllaceae;Colobanthus	Caryophyllaceae;Minuartia; 	Caryophyllaceae;Minuartia; 	Caryophyllaceae;Sagina; 	Caryophyllaceae;Minuartia;
P002_WF08_00081 	Poaceae;Dupontia; 	Poaceae;Alopecurus	Poaceae;Dupontia; 	Poaceae;Arctagrostis; 	Poaceae;Alopecurus; 	Poaceae;Poa;
P002_WF09_00044 	Ericaceae;Pyrola; 	Ericaceae;Pyrola	Ericaceae;Pyrola; 	Ericaceae;Pyrola; 	Ericaceae;Pyrola; 	Ericaceae;Rhododendron;
P002_WF10_00036 	Rosaceae;Potentilla; 	Rosaceae;Potentilla	Orobanchaceae;Pedicularis; 	Rosaceae;Potentilla; 	Rosaceae;Potentilla; 	Rosaceae;Potentilla;
P002_WF11_00049 	Juncaceae;Luzula; 	Cyperaceae;Hypolytrum	Juncaceae;Luzula; 	Juncaceae;Luzula; 	Cyperaceae;Carex; 	Asteraceae;Aster;
P002_WF12_00067 	Cyperaceae;Carex; 	Cyperaceae;Carex	Cyperaceae;Carex; 	Cyperaceae;Carex; 	Cyperaceae;Carex; 	Cyperaceae;Carex;
P002_WG02_00089 	Fabaceae;Hedysarum; 	Plantaginaceae;Veronica	Fabaceae;Hedysarum; 	Plantaginaceae;Veronica; 	Asteraceae;Cirsium; 	Plantaginaceae;Veronica;
P002_WG02_00216 	Fabaceae;Hedysarum; 	Fabaceae;Hedysarum	Fabaceae;Hedysarum; 	Fabaceae;Astragalus; 	Fabaceae;Astragalus; 	Fabaceae;Oxytropis;
P002_WG03_00075 	Liliaceae;Fritillaria; 	Liliaceae;Fritillaria	Liliaceae;Gagea; 	Tofieldiaceae;Tofieldia; 	Ranunculaceae;Trollius; 	Papaveraceae;Papaver;
P002_WG04_00064 	Rosaceae;Alchemilla; 	Rosaceae;Alchemilla	Rosaceae;Potentilla; 	Rosaceae;Sibbaldia; 	Rosaceae;Potentilla; 	Rosaceae;Potentilla;
P002_WG05_00044 	Poaceae;Calamagrostis; 	Poaceae;Calamagrostis	Poaceae;Calamagrostis; 	Poaceae;Calamagrostis; 	Poaceae;Calamagrostis; 	Poaceae;Agrostis;
P002_WG06_00106 	Juncaceae;Juncus; 	Juncaceae;Juncus	Juncaceae;Juncus; 	Juncaceae;Juncus; 	Poaceae;Nardus; 	Poaceae;Hyalopoa;
P002_WG07_00090 	Cyperaceae;Carex; 	Cyperaceae;Carex	Cyperaceae;Carex; 	Cyperaceae;Carex; 	Cyperaceae;Carex; 	Cyperaceae;Carex;
P002_WG08_00012 	Cyperaceae;Eriophorum; 	Cyperaceae;Carex	Cyperaceae;Eriophorum; 	Cyperaceae;Eriophorum; 	Cyperaceae;Eriophorum; 	Cyperaceae;Eriophorum;
P002_WG09_00039 	Salicaceae;Salix; 	Salicaceae;Salix	Salicaceae;Salix; 	Salicaceae;Salix; 	Salicaceae;Salix; 	Salicaceae;Salix;
P002_WG10_00025 	Saxifragaceae;Saxifraga; 	Saxifragaceae;Micranthes	Saxifragaceae;Saxifraga; 	Brassicaceae;Draba; 	Saxifragaceae;Saxifraga; 	Saxifragaceae;Saxifraga;
P002_WG11_00055 	Salicaceae;Salix; 	Salicaceae;Salix	Salicaceae;Salix; 	Salicaceae;Salix; 	Salicaceae;Salix; 	Salicaceae;Salix;
P002_WG12_00034 	Ericaceae;Vaccinium; 	Ericaceae;Vaccinium	Ericaceae;Vaccinium; 	Ericaceae;Vaccinium; 	Ericaceae;Vaccinium; 	Ericaceae;Vaccinium;
P002_WH01_00001 	Ranunculaceae;Pulsatilla; 	Ranunculaceae;Clematis	Ranunculaceae;Anemone; 	Ranunculaceae;Anemone; 	Ranunculaceae;Aconitum; 	Cyperaceae;Carex;
P002_WH02_00134 	Crassulaceae;Sempervivum; 	Crassulaceae;Sempervivum	Crassulaceae;Sedum; 	Crassulaceae;Sedum; 	Crassulaceae;Rhodiola; 	Rosaceae;Dryas;
P002_WH03_00048 	Rubiaceae;Galium; 	Rubiaceae;Galium	Rubiaceae;Galium; 	Rubiaceae;Cruciata; 	Plantaginaceae;Pennellianthus; 	Orobanchaceae;Bartsia;
P002_WH04_00078 	Apiaceae;Bupleurum; 	Apiaceae;Bupleurum	Apiaceae;Bupleurum; 	Apiaceae;Carum; 	Apiaceae;Carum; 	Apiaceae;Chaerophyllum;
P002_WH05_00030 	Ranunculaceae;Anemone; 	Ranunculaceae;Anemone	Ranunculaceae;Anemone; 	Ranunculaceae;Pulsatilla; 	Ranunculaceae;Aconitum; 	Cyperaceae;Carex;
P002_WH06_00105 	Asteraceae;Artemisia; 	Asteraceae;Artemisia	Asteraceae;Anthemis; 	Asteraceae;Leucanthemopsis; 	Asteraceae;Matricaria; 	Asteraceae;Achillea;
P002_WH07_00037 	Caryophyllaceae;Cerastium; 	Caryophyllaceae;Cerastium	Caryophyllaceae;Cerastium; 	Caryophyllaceae;Cerastium; 	Caryophyllaceae;Cerastium; 	Caryophyllaceae;Cerastium;
P002_WH08_00064 	Cyperaceae;Carex; 	Cyperaceae;Carex	Cyperaceae;Carex; 	Cyperaceae;Carex; 	Cyperaceae;Carex; 	Cyperaceae;Carex;
P002_WH08_00074 	Cyperaceae;Carex; 	Cyperaceae;Carex	Cyperaceae;Carex; 	Cyperaceae;Carex; 	Cyperaceae;Carex; 	Cyperaceae;Carex;
P002_WH09_00044 	Ericaceae;Rhododendron; 	Ericaceae;Rhododendron	Ericaceae;Rhododendron; 	Ericaceae;Rhododendron; 	Ericaceae;Rhododendron; 	Ericaceae;Rhododendron;
P002_WH10_00050 	Poaceae;Arctagrostis; 	Poaceae;Alopecurus	Poaceae;Dupontia; 	Poaceae;Arctagrostis; 	Poaceae;Alopecurus; 	Poaceae;Poa;
P002_WH11_00006 	Brassicaceae;Draba; 	Brassicaceae;Draba	Brassicaceae;Draba; 	Brassicaceae;Draba; 	Brassicaceae;Arabis; 	Brassicaceae;Arabis;
P002_WH12_00020 	Orobanchaceae;Pedicularis; 	Orobanchaceae;Pedicularis	Orobanchaceae;Pedicularis; 	Orobanchaceae;Pedicularis; 	Rosaceae;Potentilla; 	Orobanchaceae;Pedicularis;
P003_WA01_00076 	Rosaceae;Potentilla; 	Rosaceae;Dasiphora	Rosaceae;Sibbaldia; 	Rosaceae;Potentilla; 	Rosaceae;Potentilla; 	Rosaceae;Potentilla;
P003_WA02_00113 	Poaceae;Poa; 	Poaceae;Poa	Poaceae;Poa; 	Poaceae;Poa; 	Poaceae;Festuca; 	Poaceae;Poa;
P003_WA03_00039 	Polygonaceae;Bistorta; 	Polygonaceae;Bistorta	Polygonaceae;Bistorta; 	Polygonaceae;Bistorta; 	Polygonaceae;Polygonum; 	Polygonaceae;Rumex;
P003_WA04_00032 	Crassulaceae;Sedum; 	Crassulaceae;Graptopetalum	Crassulaceae;Sempervivum; 	Crassulaceae;Sedum; 	Crassulaceae;Rhodiola; 	Rosaceae;Dryas;
P003_WA06_00055 	Poaceae;Festuca; 	Poaceae;Festuca	Cyperaceae;Carex; 	Poaceae;Festuca; 	Poaceae;Festuca; 	Poaceae;Festuca;
P003_WA07_00061 	Cyperaceae;Carex; 	Cyperaceae;Carex	Cyperaceae;Carex; 	Cyperaceae;Carex; 	Cyperaceae;Carex; 	Cyperaceae;Carex;
P003_WA07_00199 	Cyperaceae;Carex; 	Poaceae;Festuca	Cyperaceae;Carex; 	Poaceae;Festuca; 	Poaceae;Festuca; 	Poaceae;Festuca;
P003_WA08_00006 	Asteraceae;Senecio; 	Asteraceae;Ligularia	Asteraceae;Petasites; 	Plantaginaceae;Veronica; 	Asteraceae;Cirsium; 	Asteraceae;Saussurea;
P003_WA09_00005 	Caryophyllaceae;Cerastium; 	Caryophyllaceae;Cerastium	Caryophyllaceae;Cerastium; 	Caryophyllaceae;Cerastium; 	Caryophyllaceae;Cerastium; 	Caryophyllaceae;Cerastium;
P003_WA10_00021 	Gentianaceae;Gentiana; 	Gentianaceae;Gentiana	Gentianaceae;Gentiana; 	Gentianaceae;Gentiana; 	Gentianaceae;Gentiana; 	Gentianaceae;Gentiana;
P003_WA10_00165 	Gentianaceae;Gentiana; 	Primulaceae;Bryocarpum	Primulaceae;Soldanella; 	Primulaceae;Soldanella; 	Primulaceae;Primula; 	Primulaceae;Trientalis;
P003_WA11_00080 	Primulaceae;Soldanella; 	Primulaceae;Bryocarpum	Primulaceae;Soldanella; 	Primulaceae;Soldanella; 	Primulaceae;Primula; 	Primulaceae;Trientalis;
P003_WB01_00106 	Asteraceae;Solidago; 	Asteraceae;Senecio	Asteraceae;Senecio; 	Asteraceae;Petasites; 	Asteraceae;Saussurea; 	Asteraceae;Hieracium;
P003_WB02_00007 	Rubiaceae;Galium; 	Rubiaceae;Galium	Rubiaceae;Galium; 	Rubiaceae;Cruciata; 	Plantaginaceae;Pennellianthus; 	Orobanchaceae;Bartsia;
P003_WB03_00009 	Equisetaceae;Equisetum; 	Equisetaceae;Equisetum	Equisetaceae;Equisetum; 	Equisetaceae;Equisetum; 	Equisetaceae;Equisetum; 	Equisetaceae;Equisetum;
P003_WB04_00119 	Cyperaceae;Eriophorum; 	Cyperaceae;Carex	Cyperaceae;Eriophorum; 	Cyperaceae;Eriophorum; 	Cyperaceae;Eriophorum; 	Cyperaceae;Eriophorum;
P003_WB05_00048 	Saxifragaceae;Saxifraga; 	Saxifragaceae;Saxifraga	Saxifragaceae;Saxifraga; 	Saxifragaceae;Saxifraga; 	Saxifragaceae;Saxifraga; 	Saxifragaceae;Saxifraga;
P003_WB06_00077 	Caryophyllaceae;Silene; 	Caryophyllaceae;Silene	Caryophyllaceae;Silene; 	Caryophyllaceae;Silene; 	Caryophyllaceae;Silene; 	Caryophyllaceae;Viscaria;
P003_WB07_00104 	Ericaceae;Vaccinium; 	Ericaceae;Vaccinium	Ericaceae;Vaccinium; 	Ericaceae;Vaccinium; 	Ericaceae;Vaccinium; 	Ericaceae;Vaccinium;
P003_WB08_00115 	Asteraceae;Antennaria; 	Asteraceae;Antennaria	Poaceae;Festuca; 	Asteraceae;Antennaria; 	Asteraceae;Antennaria; 	Asteraceae;Gnaphalium;
P003_WB09_00019 	Cyperaceae;Eriophorum; 	Cyperaceae;Carex	Cyperaceae;Eriophorum; 	Cyperaceae;Eriophorum; 	Cyperaceae;Eriophorum; 	Cyperaceae;Eriophorum;
P003_WB10_00088 	Fabaceae;Hedysarum; 	Fabaceae;Hedysarum	Fabaceae;Hedysarum; 	Fabaceae;Astragalus; 	Fabaceae;Astragalus; 	Fabaceae;Oxytropis;
P003_WB11_00107 	Apiaceae;Ligusticum; 	Apiaceae;Arracacia	Apiaceae;Seseli; 	Apiaceae;Peucedanum; 	Apiaceae;Carum; 	Apiaceae;Carum;
P003_WC01_00056 	Polygonaceae;Bistorta; 	Polygonaceae;Bistorta	Polygonaceae;Bistorta; 	Polygonaceae;Bistorta; 	Polygonaceae;Polygonum; 	Polygonaceae;Rumex;
P003_WC02_00136 	Ericaceae;Rhododendron; 	Ericaceae;Rhododendron	Ericaceae;Rhododendron; 	Ericaceae;Rhododendron; 	Ericaceae;Rhododendron; 	Ericaceae;Rhododendron;
P003_WC03_00008 	Ranunculaceae;Trollius; 	Ranunculaceae;Trollius	Ranunculaceae;Aconitum; 	Cyperaceae;Carex; 	Ranunculaceae;Pulsatilla; 	Ranunculaceae;Anemone;
P003_WC04_00136 	Cyperaceae;Carex; 	Cyperaceae;Carex	Cyperaceae;Carex; 	Cyperaceae;Carex; 	Cyperaceae;Kobresia; 	Cyperaceae;Carex;
P003_WC05_00089 	Salicaceae;Salix; 	Salicaceae;Salix	Salicaceae;Salix; 	Salicaceae;Salix; 	Salicaceae;Salix; 	Salicaceae;Salix;
P003_WC06_00027 	Primulaceae;Primula; 	Primulaceae;Primula	Primulaceae;Primula; 	Primulaceae;Primula; 	Primulaceae;Primula; 	Primulaceae;Soldanella;
P003_WC07_00049 	Juncaceae;Luzula; 	Cyperaceae;Hypolytrum	Juncaceae;Luzula; 	Juncaceae;Luzula; 	Cyperaceae;Carex; 	Asteraceae;Aster;
P003_WC07_00123 	Juncaceae;Luzula; 	Brassicaceae;Cochlearia	Brassicaceae;Cochlearia; 	Brassicaceae;Cardamine; 	Brassicaceae;Cardamine; 	Brassicaceae;Cardamine;
P003_WC08_00121 	Poaceae;Poa; 	Poaceae;Poa	Poaceae;Poa; 	Poaceae;Poa; 	Poaceae;Poa; 	Poaceae;Poa;
P003_WC09_00055 	Cyperaceae;Carex; 	Cyperaceae;Carex	Cyperaceae;Carex; 	Cyperaceae;Carex; 	Cyperaceae;Carex; 	Cyperaceae;Carex;
P003_WC10_00044 	Asteraceae;Leucanthemum; 	Asteraceae;Leucanthemum	Asteraceae;Anthemis; 	Asteraceae;Achillea; 	Asteraceae;Matricaria; 	Asteraceae;Leucanthemopsis;
P003_WC11_00006 	Asteraceae;Achillea; 	Asteraceae;Tanacetum	Asteraceae;Anthemis; 	Asteraceae;Matricaria; 	Asteraceae;Leucanthemum; 	Asteraceae;Leucanthemopsis;
P003_WC12_00007 	Juncaceae;Luzula; 	Cyperaceae;Hypolytrum	Juncaceae;Luzula; 	Juncaceae;Luzula; 	Cyperaceae;Carex; 	Asteraceae;Aster;
P003_WC12_00131 	Juncaceae;Luzula; 	Asteraceae;Aster	Asteraceae;Aster; 	Asteraceae;Aster; 	Asteraceae;Erigeron; 	Asteraceae;Erigeron;
P003_WD01_00107 	Ericaceae;Rhododendron; 	Ericaceae;Rhododendron	Ericaceae;Rhododendron; 	Ericaceae;Rhododendron; 	Ericaceae;Rhododendron; 	Ericaceae;Rhododendron;
P003_WD02_00025 	Brassicaceae;Draba; 	Brassicaceae;Draba	Brassicaceae;Draba; 	Brassicaceae;Draba; 	Brassicaceae;Arabis; 	Brassicaceae;Arabis;
P003_WD03_00044 	Lentibulariaceae;Pinguicula; 	Lentibulariaceae;Pinguicula	Lentibulariaceae;Pinguicula; 	Lentibulariaceae;Pinguicula; 	Plantaginaceae;Pennellianthus; 	Orobanchaceae;Pedicularis;
P003_WD04_00091 	Fabaceae;Trifolium; 	Fabaceae;Trifolium	Fabaceae;Trifolium; 	Fabaceae;Oxytropis; 	Fabaceae;Oxytropis; 	Fabaceae;Astragalus;
P003_WD06_00035 	Ranunculaceae;Ranunculus; 	Ranunculaceae;Ranunculus	Ranunculaceae;Ranunculus; 	Ranunculaceae;Ranunculus; 	Caryophyllaceae;Dianthus; 	Ranunculaceae;Ranunculus;
P003_WD07_00013 	Brassicaceae;Cochlearia; 	Brassicaceae;Cochlearia	Brassicaceae;Cochlearia; 	Brassicaceae;Cardamine; 	Brassicaceae;Cardamine; 	Brassicaceae;Cardamine;
P003_WD08_00087 	Caryophyllaceae;Stellaria; 	Caryophyllaceae;Stellaria	Caryophyllaceae;Stellaria; 	Caryophyllaceae;Cerastium; 	Caryophyllaceae;Cerastium; 	Caryophyllaceae;Cerastium;
P003_WD09_00055 	Salicaceae;Salix; 	Salicaceae;Salix	Salicaceae;Salix; 	Salicaceae;Salix; 	Salicaceae;Salix; 	Salicaceae;Salix;
P003_WD10_00048 	Caryophyllaceae;Sagina; 	Caryophyllaceae;Colobanthus	Rosaceae;Spiraea; 	Caryophyllaceae;Minuartia; 	Caryophyllaceae;Minuartia; 	Caryophyllaceae;Silene;
P003_WD11_00043 	Primulaceae;Androsace; 	Primulaceae;Androsace	Gentianaceae;Gentiana; 	Primulaceae;Soldanella; 	Primulaceae;Primula; 	Primulaceae;Soldanella;
P003_WD12_00010 	Plantaginaceae;Veronica; 	Plantaginaceae;Veronica	Asteraceae;Cirsium; 	Plantaginaceae;Veronica; 	Plantaginaceae;Veronica; 	Fabaceae;Hedysarum;
P003_WD12_00224 	Plantaginaceae;Veronica; 	Asteraceae;Saussurea	Asteraceae;Cirsium; 	Asteraceae;Saussurea; 	Asteraceae;Saussurea; 	Poaceae;Calamagrostis;
P003_WE01_00003 	Orobanchaceae;Pedicularis; 	Orobanchaceae;Pedicularis	Orobanchaceae;Pedicularis; 	Orobanchaceae;Pedicularis; 	Orobanchaceae;Pedicularis; 	Orobanchaceae;Pedicularis;
P003_WE02_00060 	Poaceae;Festuca; 	Poaceae;Festuca	Poaceae;Festuca; 	Poaceae;Festuca; 	Poaceae;Festuca; 	Poaceae;Festuca;
P003_WE02_00202 	Poaceae;Festuca; 	Asteraceae;Antennaria	Poaceae;Festuca; 	Asteraceae;Antennaria; 	Asteraceae;Antennaria; 	Asteraceae;Gnaphalium;
P003_WE03_00088 	Equisetaceae;Equisetum; 	Equisetaceae;Equisetum	Equisetaceae;Equisetum; 	Equisetaceae;Equisetum; 	Equisetaceae;Equisetum; 	Equisetaceae;Equisetum;
P003_WE04_00100 	Poaceae;Agrostis; 	Poaceae;Agrostis	Poaceae;Agrostis; 	Poaceae;Deschampsia; 	Poaceae;Calamagrostis; 	Poaceae;Calamagrostis;
P003_WE07_00068 	Cyperaceae;Eriophorum; 	Cyperaceae;Carex	Cyperaceae;Eriophorum; 	Cyperaceae;Eriophorum; 	Cyperaceae;Eriophorum; 	Cyperaceae;Eriophorum;
P003_WE08_00018 	Plantaginaceae;Veronica; 	Plantaginaceae;Veronica	Plantaginaceae;Veronica; 	Plantaginaceae;Veronica; 	Asteraceae;Cirsium; 	Fabaceae;Hedysarum;
P003_WE09_00053 	Salicaceae;Salix; 	Salicaceae;Salix	Salicaceae;Salix; 	Salicaceae;Salix; 	Salicaceae;Salix; 	Salicaceae;Salix;
P003_WE10_00072 	Orobanchaceae;Pedicularis; 	Orobanchaceae;Pedicularis	Orobanchaceae;Pedicularis; 	Orobanchaceae;Pedicularis; 	Orobanchaceae;Pedicularis; 	Orobanchaceae;Pedicularis;
P003_WE11_00152 	Cyperaceae;Carex; 	Cyperaceae;Hypolytrum	Juncaceae;Luzula; 	Juncaceae;Luzula; 	Cyperaceae;Carex; 	Asteraceae;Aster;
P003_WE11_00231 	Cyperaceae;Carex; 	Cyperaceae;Carex	Cyperaceae;Carex; 	Cyperaceae;Carex; 	Cyperaceae;Carex; 	Cyperaceae;Carex;
P003_WE12_00091 	Caryophyllaceae;Dianthus; 	Caryophyllaceae;Dianthus	Ranunculaceae;Ranunculus; 	Caryophyllaceae;Silene; 	Caryophyllaceae;Silene; 	Caryophyllaceae;Minuartia;
P003_WE12_00111 	Caryophyllaceae;Dianthus; 	Ranunculaceae;Ranunculus	Caryophyllaceae;Dianthus; 	Ranunculaceae;Ranunculus; 	Brassicaceae;Arabis; 	Ranunculaceae;Ranunculus;
P003_WF01_00056 	Onagraceae;Epilobium; 	Orobanchaceae;Pedicularis	Orobanchaceae;Pedicularis; 	Orobanchaceae;Pedicularis; 	Orobanchaceae;Pedicularis; 	Orobanchaceae;Pedicularis;
P003_WF01_00227 	Onagraceae;Epilobium; 	Onagraceae;Epilobium	Saxifragaceae;Saxifraga; 	Rosaceae;Dryas; 	Cyperaceae;Carex; 	Rosaceae;Dryas;
P003_WF01_00352 	Onagraceae;Epilobium; 	Cyperaceae;Carex	Cyperaceae;Carex; 	Cyperaceae;Carex; 	Cyperaceae;Carex; 	Cyperaceae;Carex;
P003_WF02_00022 	Rosaceae;Dryas; 	Rosaceae;Dryas	Rosaceae;Dryas; 	Cyperaceae;Carex; 	Rosaceae;Dryas; 	Rosaceae;Potentilla;
P003_WF03_00108 	Cyperaceae;Carex; 	Cyperaceae;Carex	Cyperaceae;Carex; 	Cyperaceae;Carex; 	Cyperaceae;Carex; 	Cyperaceae;Carex;
P003_WF04_00077 	Brassicaceae;Cardamine; 	Brassicaceae;Cardamine	Brassicaceae;Cardamine; 	Brassicaceae;Cardamine; 	Brassicaceae;Arabis; 	Brassicaceae;Draba;
P003_WF06_00043 	Asteraceae;Solidago; 	Asteraceae;Solidago	Asteraceae;Aster; 	Juncaceae;Luzula; 	Asteraceae;Aster; 	Asteraceae;Erigeron;
P003_WF07_00054 	Caryophyllaceae;Silene; 	Caryophyllaceae;Silene	Caryophyllaceae;Silene; 	Caryophyllaceae;Silene; 	Caryophyllaceae;Silene; 	Caryophyllaceae;Viscaria;
P003_WF08_00005 	Salicaceae;Salix; 	Salicaceae;Salix	Salicaceae;Salix; 	Salicaceae;Salix; 	Salicaceae;Salix; 	Salicaceae;Salix;
P003_WF09_00110 	Gentianaceae;Gentiana; 	Gentianaceae;Gentiana	Gentianaceae;Gentiana; 	Gentianaceae;Gentiana; 	Gentianaceae;Gentiana; 	Gentianaceae;Gentiana;
P003_WF10_00005 	Caryophyllaceae;Minuartia; 	Caryophyllaceae;Colobanthus	Rosaceae;Spiraea; 	Caryophyllaceae;Minuartia; 	Caryophyllaceae;Sagina; 	Caryophyllaceae;Minuartia;
P003_WF11_00106 	Ranunculaceae;Ranunculus; 	Ranunculaceae;Ranunculus	Caryophyllaceae;Dianthus; 	Ranunculaceae;Ranunculus; 	Brassicaceae;Arabis; 	Ranunculaceae;Ranunculus;
P003_WF11_00156 	Ranunculaceae;Ranunculus; 	Caryophyllaceae;Dianthus	Ranunculaceae;Ranunculus; 	Caryophyllaceae;Silene; 	Caryophyllaceae;Silene; 	Caryophyllaceae;Minuartia;
P003_WF12_00019 	Poaceae;Festuca; 	Poaceae;Festuca	Poaceae;Festuca; 	Poaceae;Festuca; 	Poaceae;Festuca; 	Poaceae;Festuca;
P003_WG01_00109 	Ranunculaceae;Aconitum; 	Ranunculaceae;Aconitum	Cyperaceae;Carex; 	Ranunculaceae;Anemone; 	Ranunculaceae;Anemone; 	Ranunculaceae;Trollius;
P003_WG02_00059 	Cyperaceae;Carex; 	Rosaceae;Dryas	Rosaceae;Dryas; 	Cyperaceae;Carex; 	Rosaceae;Dryas; 	Rosaceae;Potentilla;
P003_WG02_00127 	Cyperaceae;Carex; 	Cyperaceae;Carex	Cyperaceae;Carex; 	Cyperaceae;Carex; 	Cyperaceae;Carex; 	Cyperaceae;Carex;
P003_WG02_00199 	Cyperaceae;Carex; 	Ranunculaceae;Aconitum	Cyperaceae;Carex; 	Ranunculaceae;Anemone; 	Ranunculaceae;Anemone; 	Ranunculaceae;Trollius;
P003_WG03_00093 	Primulaceae;Soldanella; 	Primulaceae;Bryocarpum	Primulaceae;Soldanella; 	Primulaceae;Soldanella; 	Primulaceae;Primula; 	Primulaceae;Trientalis;
P003_WG04_00078 	Brassicaceae;Cardamine; 	Brassicaceae;Cardamine	Brassicaceae;Cardamine; 	Brassicaceae;Cardamine; 	Brassicaceae;Arabis; 	Brassicaceae;Draba;
P003_WG05_00006 	Asteraceae;Leucanthemopsis; 	Asteraceae;Chrysanthemum	Asteraceae;Anthemis; 	Asteraceae;Artemisia; 	Asteraceae;Matricaria; 	Asteraceae;Achillea;
P003_WG06_00115 	Lentibulariaceae;Pinguicula; 	Lentibulariaceae;Pinguicula	Lentibulariaceae;Pinguicula; 	Lentibulariaceae;Pinguicula; 	Plantaginaceae;Pennellianthus; 	Orobanchaceae;Pedicularis;
P003_WG07_00098 	Orobanchaceae;Pedicularis; 	Orobanchaceae;Pedicularis	Orobanchaceae;Pedicularis; 	Orobanchaceae;Pedicularis; 	Orobanchaceae;Pedicularis; 	Orobanchaceae;Pedicularis;
P003_WG08_00117 	Brassicaceae;Draba; 	Brassicaceae;Draba	Brassicaceae;Draba; 	Brassicaceae;Draba; 	Brassicaceae;Arabis; 	Brassicaceae;Arabis;
P003_WG08_00233 	Brassicaceae;Draba; 	Saxifragaceae;Micranthes	Saxifragaceae;Saxifraga; 	Saxifragaceae;Saxifraga; 	Saxifragaceae;Saxifraga; 	Saxifragaceae;Saxifraga;
P003_WG09_00123 	Poaceae;Sesleria; 	Poaceae;Sesleria	Poaceae;Festuca; 	Poaceae;Festuca; 	Poaceae;Festuca; 	Poaceae;Festuca;
P003_WG10_00104 	Juncaceae;Juncus; 	Juncaceae;Juncus	Juncaceae;Juncus; 	Juncaceae;Juncus; 	Cyperaceae;Carex; 	Cyperaceae;Carex;
P003_WG11_00094 	Asteraceae;Cirsium; 	Poaceae;Festuca	Poaceae;Festuca; 	Poaceae;Festuca; 	Poaceae;Festuca; 	Poaceae;Festuca;
P003_WG11_00097 	Asteraceae;Cirsium; 	Cyperaceae;Carex	Cyperaceae;Carex; 	Cyperaceae;Carex; 	Cyperaceae;Carex; 	Cyperaceae;Carex;
P003_WG11_00232 	Asteraceae;Cirsium; 	Plantaginaceae;Veronica	Asteraceae;Cirsium; 	Plantaginaceae;Veronica; 	Plantaginaceae;Veronica; 	Fabaceae;Hedysarum;
P003_WG11_00298 	Asteraceae;Cirsium; 	Asteraceae;Saussurea	Asteraceae;Cirsium; 	Asteraceae;Saussurea; 	Asteraceae;Saussurea; 	Poaceae;Calamagrostis;
P003_WG12_00006 	Cyperaceae;Carex; 	Cyperaceae;Carex	Cyperaceae;Carex; 	Cyperaceae;Carex; 	Cyperaceae;Carex; 	Cyperaceae;Carex;
P003_WH01_00090 	Orobanchaceae;Pedicularis; 	Orobanchaceae;Pedicularis	Orobanchaceae;Pedicularis; 	Orobanchaceae;Pedicularis; 	Orobanchaceae;Pedicularis; 	Orobanchaceae;Pedicularis;
P003_WH02_00115 	Orobanchaceae;Bartsia; 	Orobanchaceae;Neobartsia	Orobanchaceae;Euphrasia; 	Brassicaceae;Arabis; 	Orobanchaceae;Euphrasia; 	Orobanchaceae;Euphrasia;
P003_WH03_00020 	Primulaceae;Primula; 	Primulaceae;Primula	Primulaceae;Primula; 	Primulaceae;Primula; 	Primulaceae;Primula; 	Primulaceae;Soldanella;
P003_WH05_00037 	Campanulaceae;Campanula; 	Campanulaceae;Campanula	Campanulaceae;Campanula; 	Campanulaceae;Campanula; 	Campanulaceae;Campanula; 	Campanulaceae;Campanula;
P003_WH06_00046 	Saxifragaceae;Saxifraga; 	Saxifragaceae;Micranthes	Saxifragaceae;Saxifraga; 	Saxifragaceae;Saxifraga; 	Saxifragaceae;Saxifraga; 	Saxifragaceae;Saxifraga;
P003_WH08_00007 	Papaveraceae;Papaver; 	Papaveraceae;Meconopsis	Ranunculaceae;Aconitum; 	Cyperaceae;Carex; 	Ranunculaceae;Trollius; 	Ranunculaceae;Anemone;
P003_WH09_00006 	Saxifragaceae;Saxifraga; 	Saxifragaceae;Saxifraga	Saxifragaceae;Saxifraga; 	Saxifragaceae;Saxifraga; 	Saxifragaceae;Saxifraga; 	Saxifragaceae;Saxifraga;
P003_WH10_00007 	Brassicaceae;Arabis; 	Brassicaceae;Arabis	Brassicaceae;Draba; 	Brassicaceae;Draba; 	Brassicaceae;Arabis; 	Brassicaceae;Draba;
P003_WH11_00001 	Asteraceae;Aster; 	Cyperaceae;Hypolytrum	Juncaceae;Luzula; 	Juncaceae;Luzula; 	Cyperaceae;Carex; 	Asteraceae;Aster;
P003_WH11_00116 	Asteraceae;Aster; 	Asteraceae;Aster	Asteraceae;Aster; 	Asteraceae;Aster; 	Asteraceae;Erigeron; 	Asteraceae;Erigeron;
P003_WH12_00060 	Cyperaceae;Carex; 	Cyperaceae;Carex	Cyperaceae;Carex; 	Cyperaceae;Carex; 	Cyperaceae;Carex; 	Cyperaceae;Carex;
P004_WA02_00006 	Primulaceae;Primula; 	Primulaceae;Primula	Primulaceae;Primula; 	Primulaceae;Primula; 	Primulaceae;Primula; 	Primulaceae;Primula;
P004_WB01_00034 	Poaceae;Alopecurus; 	Poaceae;Alopecurus	Poaceae;Alopecurus; 	Poaceae;Alopecurus; 	Poaceae;Dupontia; 	Poaceae;Arctagrostis;
P004_WB02_00009 	Ericaceae;Pieris; 	Ericaceae;Gaultheria	Ericaceae;Vaccinium; 	Ericaceae;Vaccinium; 	Ericaceae;Vaccinium; 	Ericaceae;Harrimanella;
P004_WC01_00097 	Poaceae;Hierochloe; 	Poaceae;Hierochloe	Poaceae;Hierochloe; 	Poaceae;Calamagrostis; 	Poaceae;Calamagrostis; 	Poaceae;Calamagrostis;
P004_WC02_00085 	Polygonaceae;Polygonum; 	Polygonaceae;Bistorta	Polygonaceae;Bistorta; 	Polygonaceae;Bistorta; 	Polygonaceae;Polygonum; 	Polygonaceae;Rumex;
P004_WD01_00117 	Poaceae;Festuca; 	Poaceae;Festuca	Poaceae;Festuca; 	Poaceae;Festuca; 	Poaceae;Festuca; 	Poaceae;Festuca;
P004_WD02_00025 	Asteraceae;Antennaria; 	Asteraceae;Antennaria	Poaceae;Festuca; 	Asteraceae;Antennaria; 	Asteraceae;Antennaria; 	Asteraceae;Gnaphalium;
P004_WE01_00060 	Pinaceae;Pinus; 	Pinaceae;Pinus	Liliaceae;Gagea; 	Liliaceae;Fritillaria; 	Poaceae;Dupontia; 	Poaceae;Arctagrostis;
P004_WG01_00100 	Rosaceae;Sieversia; 	Rosaceae;Fallugia	Rosaceae;Rubus; 	Rosaceae;Dryas; 	Cyperaceae;Carex; 	Rosaceae;Dryas;
P004_WH01_00104 	Caryophyllaceae;Minuartia; 	Caryophyllaceae;Psammosilene	Caryophyllaceae;Minuartia; 	Caryophyllaceae;Minuartia; 	Caryophyllaceae;Minuartia; 	Caryophyllaceae;Minuartia;
P8807_501_00100 	Ericaceae;Andromeda; 	Ericaceae;Gaultheria	Ericaceae;Vaccinium; 	Ericaceae;Vaccinium; 	Ericaceae;Vaccinium; 	Ericaceae;Vaccinium;
P8807_503_00062 	Ericaceae;Pyrola; 	Ericaceae;Pyrola	Ericaceae;Pyrola; 	Ericaceae;Pyrola; 	Ericaceae;Pyrola; 	Ericaceae;Rhododendron;
P8807_504_00116 	Salicaceae;Salix; 	Salicaceae;Salix	Salicaceae;Salix; 	Salicaceae;Salix; 	Salicaceae;Salix; 	Salicaceae;Salix;
P8807_505_00049 	Cyperaceae;Carex; 	Cyperaceae;Carex	Cyperaceae;Carex; 	Cyperaceae;Carex; 	Cyperaceae;Carex; 	Cyperaceae;Carex;
P8807_506_00119 	Poaceae;Festuca; 	Poaceae;Festuca	Poaceae;Festuca; 	Poaceae;Festuca; 	Poaceae;Festuca; 	Poaceae;Festuca;
P8807_507_00093 	Crassulaceae;Rhodiola; 	Crassulaceae;Rhodiola	Crassulaceae;Sempervivum; 	Crassulaceae;Sedum; 	Crassulaceae;Sedum; 	Rosaceae;Dryas;
P8807_508_00046 	Asteraceae;Hieracium; 	Asteraceae;Cichorium	Asteraceae;Hieracium; 	Asteraceae;Hieracium; 	Asteraceae;Taraxacum; 	Asteraceae;Taraxacum;
P8807_509_00079 	Orobanchaceae;Pedicularis; 	Orobanchaceae;Pedicularis	Orobanchaceae;Pedicularis; 	Orobanchaceae;Pedicularis; 	Orobanchaceae;Pedicularis; 	Orobanchaceae;Pedicularis;
P8807_510_00033 	Violaceae;Viola; 	Violaceae;Viola	Violaceae;Viola; 	Salicaceae;Salix; 	Salicaceae;Salix; 	Salicaceae;Salix;
P8807_511_00108 	Poaceae;Poa; 	Poaceae;Poa	Poaceae;Poa; 	Poaceae;Poa; 	Poaceae;Poa; 	Poaceae;Poa;
P8807_512_00115 	Cyperaceae;Carex; 	Cyperaceae;Carex	Cyperaceae;Carex; 	Cyperaceae;Carex; 	Cyperaceae;Carex; 	Cyperaceae;Carex;
P8807_513_00014 	Juncaceae;Luzula; 	Cyperaceae;Hypolytrum	Juncaceae;Luzula; 	Juncaceae;Luzula; 	Cyperaceae;Carex; 	Asteraceae;Aster;
P8807_514_00123 	Ericaceae;Harrimanella; 	Ericaceae;Vaccinium	Ericaceae;Harrimanella; 	Ericaceae;Pieris; 	Ericaceae;Cassiope; 	Ericaceae;Vaccinium;
P8807_515_00108 	Asteraceae;Saussurea; 	Asteraceae;Saussurea	Asteraceae;Cirsium; 	Asteraceae;Saussurea; 	Asteraceae;Saussurea; 	Poaceae;Calamagrostis;
P8807_516_00039 	Caryophyllaceae;Cerastium; 	Caryophyllaceae;Cerastium	Caryophyllaceae;Cerastium; 	Caryophyllaceae;Cerastium; 	Caryophyllaceae;Cerastium; 	Caryophyllaceae;Cerastium;
P8807_517_00024 	Ericaceae;Vaccinium; 	Ericaceae;Vaccinium	Ericaceae;Vaccinium; 	Ericaceae;Vaccinium; 	Ericaceae;Vaccinium; 	Ericaceae;Vaccinium;
P8807_519_00008 	Salicaceae;Salix; 	Salicaceae;Salix	Salicaceae;Salix; 	Salicaceae;Salix; 	Salicaceae;Salix; 	Salicaceae;Salix;
P8807_520_00099 	Juncaceae;Juncus; 	Cyperaceae;Hypolytrum	Juncaceae;Luzula; 	Juncaceae;Luzula; 	Cyperaceae;Carex; 	Asteraceae;Aster;
P8807_521_00065 	Ericaceae;Vaccinium; 	Ericaceae;Vaccinium	Ericaceae;Vaccinium; 	Ericaceae;Vaccinium; 	Ericaceae;Vaccinium; 	Ericaceae;Vaccinium;
P8807_522_00060 	Rosaceae;Dryas; 	Rosaceae;Dryas	Rosaceae;Dryas; 	Cyperaceae;Carex; 	Rosaceae;Dryas; 	Rosaceae;Potentilla;
P8807_523_00100 	Salicaceae;Salix; 	Salicaceae;Salix	Salicaceae;Salix; 	Salicaceae;Salix; 	Salicaceae;Salix; 	Salicaceae;Salix;
P8807_524_00034 	Orobanchaceae;Pedicularis; 	Orobanchaceae;Pedicularis	Orobanchaceae;Pedicularis; 	Orobanchaceae;Pedicularis; 	Orobanchaceae;Pedicularis; 	Orobanchaceae;Pedicularis;
P8807_525_00049 	Rosaceae;Rubus; 	Rosaceae;Rubus	Orobanchaceae;Pedicularis; 	Rosaceae;Potentilla; 	Rosaceae;Potentilla; 	Rosaceae;Potentilla;
P8807_526_00082 	Equisetaceae;Equisetum; 	Equisetaceae;Equisetum	Equisetaceae;Equisetum; 	Equisetaceae;Equisetum; 	Equisetaceae;Equisetum; 	Equisetaceae;Equisetum;
P8807_527_00023 	Fabaceae;Astragalus; 	Fabaceae;Astragalus	Fabaceae;Astragalus; 	Fabaceae;Oxytropis; 	Fabaceae;Oxytropis; 	Fabaceae;Oxytropis;
P8807_528_00062 	Diapensiaceae;Diapensia; 	Diapensiaceae;Diapensia	Ericaceae;Rhododendron; 	Ericaceae;Arctous; 	Ericaceae;Cassiope; 	Asteraceae;Leucanthemopsis;
P8807_530_00011 	Cyperaceae;Carex; 	Cyperaceae;Carex	Cyperaceae;Carex; 	Cyperaceae;Carex; 	Cyperaceae;Carex; 	Cyperaceae;Carex;
WA01_00036 	Rosaceae;Potentilla; 	Rosaceae;Potentilla	Orobanchaceae;Pedicularis; 	Rosaceae;Potentilla; 	Rosaceae;Potentilla; 	Rosaceae;Potentilla;
WA02_00049 	Salicaceae;Salix; 	Salicaceae;Salix	Salicaceae;Salix; 	Salicaceae;Salix; 	Salicaceae;Salix; 	Salicaceae;Salix;
WA03_00027 	Poaceae;Calamagrostis; 	Poaceae;Calamagrostis	Poaceae;Calamagrostis; 	Poaceae;Calamagrostis; 	Poaceae;Calamagrostis; 	Poaceae;Agrostis;
WA04_00097 	Ericaceae;Pyrola; 	Ericaceae;Pyrola	Ericaceae;Pyrola; 	Ericaceae;Pyrola; 	Ericaceae;Pyrola; 	Ericaceae;Rhododendron;
WA05_00115 	Lentibulariaceae;Pinguicula; 	Lentibulariaceae;Pinguicula	Lentibulariaceae;Pinguicula; 	Lentibulariaceae;Pinguicula; 	Plantaginaceae;Pennellianthus; 	Orobanchaceae;Pedicularis;
WA06_00020 	Caryophyllaceae;Cerastium; 	Caryophyllaceae;Cerastium	Caryophyllaceae;Cerastium; 	Caryophyllaceae;Cerastium; 	Caryophyllaceae;Cerastium; 	Caryophyllaceae;Cerastium;
WA07_00041 	Saxifragaceae;Saxifraga; 	Saxifragaceae;Saxifraga	Saxifragaceae;Saxifraga; 	Saxifragaceae;Saxifraga; 	Saxifragaceae;Saxifraga; 	Saxifragaceae;Saxifraga;
WA08_00069 	Ericaceae;Phyllodoce; 	Ericaceae;Rhododendron	Ericaceae;Empetrum; 	Ericaceae;Rhododendron; 	Ericaceae;Cassiope; 	Ericaceae;Bryanthus;
WA09_00022 	Ericaceae;Empetrum; 	Ericaceae;Rhododendron	Ericaceae;Empetrum; 	Ericaceae;Rhododendron; 	Ericaceae;Cassiope; 	Ericaceae;Bryanthus;
WA11_00103 	Cyperaceae;Carex; 	Cyperaceae;Carex	Cyperaceae;Carex; 	Onagraceae;Epilobium; 	Cyperaceae;Carex; 	Cyperaceae;Carex;
WA12_00085 	Polygonaceae;Oxyria; 	Polygonaceae;Oxyria	Polygonaceae;Rumex; 	Polygonaceae;Rumex; 	Polygonaceae;Rumex; 	Polygonaceae;Polygonum;
WB01_00049 	Cyperaceae;Carex; 	Cyperaceae;Carex	Cyperaceae;Carex; 	Cyperaceae;Carex; 	Cyperaceae;Carex; 	Cyperaceae;Carex;
WB03_00020 	Campanulaceae;Campanula; 	Campanulaceae;Adenophora	Campanulaceae;Campanula; 	Campanulaceae;Campanula; 	Campanulaceae;Campanula; 	Campanulaceae;Campanula;
WB04_00020 	Equisetaceae;Equisetum; 	Equisetaceae;Equisetum	Equisetaceae;Equisetum; 	Equisetaceae;Equisetum; 	Equisetaceae;Equisetum; 	Equisetaceae;Equisetum;
WB05_00045 	Asteraceae;Petasites; 	Asteraceae;Tussilago	Asteraceae;Senecio; 	Plantaginaceae;Veronica; 	Asteraceae;Cirsium; 	Asteraceae;Saussurea;
WB06_00121 	Poaceae;Poa; 	Poaceae;Poa	Poaceae;Poa; 	Poaceae;Festuca; 	Poaceae;Festuca; 	Poaceae;Poa;
WB07_00107 	Polygonaceae;Rumex; 	Polygonaceae;Rumex	Polygonaceae;Rumex; 	Polygonaceae;Rumex; 	Polygonaceae;Bistorta; 	Polygonaceae;Polygonum;
WB08_00024 	Primulaceae;Trientalis; 	Primulaceae;Aegiceras	Gentianaceae;Gentiana; 	Primulaceae;Soldanella; 	Primulaceae;Soldanella; 	Primulaceae;Primula;
WB09_00119 	Saxifragaceae;Saxifraga; 	Saxifragaceae;Micranthes	Brassicaceae;Draba; 	Saxifragaceae;Saxifraga; 	Saxifragaceae;Saxifraga; 	Saxifragaceae;Saxifraga;
WB10_00027 	Rosaceae;Sibbaldia; 	Rosaceae;Sibbaldia	Rosaceae;Potentilla; 	Rosaceae;Potentilla; 	Rosaceae;Potentilla; 	Rosaceae;Potentilla;
WB11_00006 	Asteraceae;Hieracium; 	Asteraceae;Cichorium	Asteraceae;Hieracium; 	Asteraceae;Hieracium; 	Asteraceae;Taraxacum; 	Asteraceae;Taraxacum;
WB12_00107 	Asteraceae;Taraxacum; 	Asteraceae;Taraxacum	Asteraceae;Taraxacum; 	Asteraceae;Taraxacum; 	Asteraceae;Taraxacum; 	Cyperaceae;Carex;
WC01_00112 	Cyperaceae;Carex; 	Cyperaceae;Carex	Cyperaceae;Carex; 	Cyperaceae;Carex; 	Cyperaceae;Carex; 	Cyperaceae;Carex;
WC02_00025 	Ericaceae;Arctous; 	Ericaceae;Arbutus	Ericaceae;Pieris; 	Ericaceae;Harrimanella; 	Ericaceae;Rhododendron; 	Ericaceae;Harrimanella;
WC03_00105 	Ericaceae;Pyrola; 	Ericaceae;Pyrola	Ericaceae;Pyrola; 	Ericaceae;Pyrola; 	Ericaceae;Pyrola; 	Ericaceae;Rhododendron;
WC04_00043 	Poaceae;Agrostis; 	Poaceae;Agrostis	Poaceae;Deschampsia; 	Poaceae;Calamagrostis; 	Poaceae;Agrostis; 	Poaceae;Calamagrostis;
WC05_00006 	Cyperaceae;Carex; 	Cyperaceae;Carex	Cyperaceae;Carex; 	Cyperaceae;Carex; 	Cyperaceae;Carex; 	Cyperaceae;Carex;
WC06_00083 	Ericaceae;Vaccinium; 	Ericaceae;Vaccinium	Ericaceae;Vaccinium; 	Ericaceae;Vaccinium; 	Ericaceae;Vaccinium; 	Ericaceae;Vaccinium;
