P001_WA02_00053 	Orobanchaceae;Euphrasia; 	Orobanchaceae;Euphrasia	Brassicaceae;Arabis; 	Orobanchaceae;Euphrasia; 	Orobanchaceae;Euphrasia; 	Orobanchaceae;Bartsia;
P001_WA03_00112 	Cyperaceae;Carex; 	Cyperaceae;Carex	Cyperaceae;Carex; 	Cyperaceae;Carex; 	Cyperaceae;Carex; 	Cyperaceae;Carex;
P001_WA04_00068 	Salicaceae;Salix; 	Salicaceae;Salix	Salicaceae;Salix; 	Salicaceae;Salix; 	Salicaceae;Salix; 	Salicaceae;Salix;
P001_WA05_00056 	Poaceae;Festuca; 	Poaceae;Festuca	Poaceae;Festuca; 	Poaceae;Festuca; 	Poaceae;Festuca; 	Poaceae;Festuca;
P001_WA06_00115 	Cyperaceae;Carex; 	Cyperaceae;Carex	Cyperaceae;Carex; 	Cyperaceae;Carex; 	Onagraceae;Epilobium; 	Cyperaceae;Carex;
P001_WA07_00055 	Asteraceae;Omalotheca; 	Asteraceae;Gamochaeta	Asteraceae;Gnaphalium; 	Asteraceae;Antennaria; 	Poaceae;Festuca; 	Asteraceae;Antennaria;
P001_WA08_00129 	Cyperaceae;Carex; 	Cyperaceae;Carex	Cyperaceae;Carex; 	Cyperaceae;Carex; 	Onagraceae;Epilobium; 	Cyperaceae;Carex;
P001_WA10_00074 	Rubiaceae;Cruciata; 	Rubiaceae;Galium	Rubiaceae;Galium; 	Rubiaceae;Galium; 	Caryophyllaceae;Cerastium; 	Orobanchaceae;Pedicularis;
P001_WA11_00113 	Campanulaceae;Campanula; 	Campanulaceae;Campanula	Campanulaceae;Campanula; 	Campanulaceae;Campanula; 	Campanulaceae;Campanula; 	Campanulaceae;Campanula;
P001_WA12_00088 	Asteraceae;Matricaria; 	Asteraceae;Artemisia	Asteraceae;Anthemis; 	Asteraceae;Anthemis; 	Asteraceae;Artemisia; 	Asteraceae;Achillea;
P001_WB01_00026 	Brassicaceae;Arabis; 	Orobanchaceae;Euphrasia	Brassicaceae;Arabis; 	Orobanchaceae;Euphrasia; 	Orobanchaceae;Euphrasia; 	Orobanchaceae;Bartsia;
P001_WB01_00197 	Brassicaceae;Arabis; 	Brassicaceae;Arabis	Brassicaceae;Arabis; 	Brassicaceae;Draba; 	Brassicaceae;Draba; 	Brassicaceae;Draba;
P001_WB01_00388 	Brassicaceae;Arabis; 	Ranunculaceae;Ranunculus	Ranunculaceae;Ranunculus; 	Ranunculaceae;Ranunculus; 	Ranunculaceae;Ranunculus; 	Ranunculaceae;Ranunculus;
P001_WB01_00439 	Brassicaceae;Arabis; 	Poaceae;Avenella	Salicaceae;Salix; 	Poaceae;Deschampsia; 	Poaceae;Avenella; 	Poaceae;Hyalopoa;
P001_WB02_00076 	Salicaceae;Salix; 	Salicaceae;Salix	Salicaceae;Salix; 	Salicaceae;Salix; 	Salicaceae;Salix; 	Salicaceae;Salix;
P001_WB02_00090 	Salicaceae;Salix; 	Orobanchaceae;Euphrasia	Brassicaceae;Arabis; 	Salicaceae;Salix; 	Orobanchaceae;Euphrasia; 	Orobanchaceae;Euphrasia;
P001_WB02_00097 	Salicaceae;Salix; 	Poaceae;Avenella	Salicaceae;Salix; 	Poaceae;Deschampsia; 	Poaceae;Avenella; 	Poaceae;Hyalopoa;
P001_WB03_00015 	Cyperaceae;Eriophorum; 	Cyperaceae;Carex	Cyperaceae;Eriophorum; 	Cyperaceae;Eriophorum; 	Asteraceae;Antennaria; 	Cyperaceae;Eriophorum;
P001_WB04_00108 	Betulaceae;Betula; 	Betulaceae;Betula	Betulaceae;Betula; 	Rosaceae;Dryas; 	Rosaceae;Dryas; 	Cyperaceae;Carex;
P001_WB05_00092 	Poaceae;Anthoxanthum; 	Poaceae;Anthoxanthum	Poaceae;Calamagrostis; 	Poaceae;Calamagrostis; 	Poaceae;Hierochloe; 	Poaceae;Calamagrostis;
P001_WB06_00052 	Gentianaceae;Comastoma; 	Gentianaceae;Swertia	Gentianaceae;Gentianella; 	Gentianaceae;Gentiana; 	Gentianaceae;Gentiana; 	Gentianaceae;Gentiana;
P001_WB07_00086 	Fabaceae;Oxytropis; 	Fabaceae;Oxytropis	Fabaceae;Oxytropis; 	Fabaceae;Oxytropis; 	Fabaceae;Astragalus; 	Fabaceae;Astragalus;
P001_WB08_00076 	Poaceae;Bromus; 	Poaceae;Bromus	Poaceae;Calamagrostis; 	Poaceae;Calamagrostis; 	Poaceae;Hierochloe; 	Poaceae;Calamagrostis;
P001_WB09_00054 	Asteraceae;Leontodon; 	Asteraceae;Sonchus	Asteraceae;Leontodon; 	Asteraceae;Hieracium; 	Asteraceae;Hieracium; 	Asteraceae;Taraxacum;
P001_WB10_00057 	Poaceae;Nardus; 	Poaceae;Nardus	Poaceae;Calamagrostis; 	Poaceae;Calamagrostis; 	Poaceae;Hierochloe; 	Poaceae;Calamagrostis;
P001_WB11_00111 	Campanulaceae;Campanula; 	Campanulaceae;Campanula	Campanulaceae;Campanula; 	Campanulaceae;Campanula; 	Campanulaceae;Campanula; 	Campanulaceae;Campanula;
P001_WB12_00019 	Asteraceae;Gnaphalium; 	Asteraceae;Gamochaeta	Asteraceae;Gnaphalium; 	Asteraceae;Antennaria; 	Poaceae;Festuca; 	Asteraceae;Antennaria;
P001_WC02_00032 	Poaceae;Deschampsia; 	Poaceae;Avenella	Salicaceae;Salix; 	Poaceae;Deschampsia; 	Poaceae;Avenella; 	Poaceae;Hyalopoa;
P001_WC03_00052 	Asteraceae;Erigeron; 	Asteraceae;Erigeron	Asteraceae;Erigeron; 	Asteraceae;Erigeron; 	Asteraceae;Solidago; 	Asteraceae;Aster;
P001_WC06_00080 	Gentianaceae;Gentiana; 	Gentianaceae;Gentiana	Gentianaceae;Gentiana; 	Gentianaceae;Gentiana; 	Gentianaceae;Gentiana; 	Gentianaceae;Gentiana;
P001_WC07_00091 	Asteraceae;Leontodon; 	Asteraceae;Sonchus	Asteraceae;Hieracium; 	Asteraceae;Hieracium; 	Asteraceae;Hieracium; 	Asteraceae;Taraxacum;
P001_WC08_00059 	Apiaceae;Bupleurum; 	Apiaceae;Bupleurum	Apiaceae;Bupleurum; 	Apiaceae;Tilingia; 	Apiaceae;Carum; 	Apiaceae;Carum;
P001_WC09_00061 	Lamiaceae;Betonica; 	Lamiaceae;Colquhounia	Lentibulariaceae;Pinguicula; 	Lentibulariaceae;Pinguicula; 	Lentibulariaceae;Pinguicula; 	Asteraceae;Cirsium;
P001_WC10_00045 	Apiaceae;Carum; 	Apiaceae;Carum	Apiaceae;Carum; 	Apiaceae;Seseli; 	Apiaceae;Peucedanum; 	Apiaceae;Ligusticum;
P001_WC11_00090 	Polygonaceae;Rumex; 	Polygonaceae;Rumex	Polygonaceae;Rumex; 	Polygonaceae;Rumex; 	Polygonaceae;Oxyria; 	Polygonaceae;Bistorta;
P001_WC12_00066 	Cyperaceae;Carex; 	Cyperaceae;Carex	Crassulaceae;Sedum; 	Cyperaceae;Kobresia; 	Cyperaceae;Carex; 	Cyperaceae;Carex;
P001_WD01_00097 	Poaceae;Poa; 	Poaceae;Poa	Poaceae;Poa; 	Poaceae;Arctophila; 	Poaceae;Dupontia; 	Poaceae;Poa;
P001_WD02_00048 	Saxifragaceae;Saxifraga; 	Saxifragaceae;Micranthes	Saxifragaceae;Saxifraga; 	Saxifragaceae;Saxifraga; 	Saxifragaceae;Saxifraga; 	Saxifragaceae;Saxifraga;
P001_WD03_00042 	Poaceae;Calamagrostis; 	Poaceae;Calamagrostis	Poaceae;Calamagrostis; 	Poaceae;Calamagrostis; 	Poaceae;Calamagrostis; 	Poaceae;Calamagrostis;
P001_WD04_00076 	Ericaceae;Cassiope; 	Ericaceae;Rhododendron	Ericaceae;Rhododendron; 	Ericaceae;Rhododendron; 	Ericaceae;Rhododendron; 	Ericaceae;Rhododendron;
P001_WD05_00003 	Poaceae;Avenella; 	Poaceae;Avenella	Salicaceae;Salix; 	Poaceae;Deschampsia; 	Poaceae;Avenella; 	Poaceae;Hyalopoa;
P001_WD06_00078 	Campanulaceae;Campanula; 	Campanulaceae;Campanula	Campanulaceae;Campanula; 	Campanulaceae;Campanula; 	Campanulaceae;Campanula; 	Campanulaceae;Campanula;
P001_WD07_00043 	Caryophyllaceae;Silene; 	Caryophyllaceae;Silene	Caryophyllaceae;Silene; 	Caryophyllaceae;Silene; 	Caryophyllaceae;Silene; 	Caryophyllaceae;Viscaria;
P001_WD08_00068 	Caryophyllaceae;Cerastium; 	Boraginaceae;Lithospermum	Boraginaceae;Myosotis; 	Asteraceae;Saussurea; 	Asteraceae;Saussurea; 	Asteraceae;Antennaria;
P001_WD08_00191 	Caryophyllaceae;Cerastium; 	Caryophyllaceae;Pseudocerastium	Caryophyllaceae;Cerastium; 	Caryophyllaceae;Cerastium; 	Caryophyllaceae;Cerastium; 	Caryophyllaceae;Cerastium;
P001_WD09_00031 	Gentianaceae;Gentiana; 	Gentianaceae;Gentiana	Gentianaceae;Gentiana; 	Gentianaceae;Gentiana; 	Gentianaceae;Gentiana; 	Gentianaceae;Gentiana;
P001_WD10_00048 	Boraginaceae;Myosotis; 	Boraginaceae;Lithospermum	Caryophyllaceae;Cerastium; 	Asteraceae;Saussurea; 	Asteraceae;Saussurea; 	Asteraceae;Antennaria;
P001_WD11_00062 	Crassulaceae;Sedum; 	Cyperaceae;Carex	Cyperaceae;Carex; 	Cyperaceae;Kobresia; 	Cyperaceae;Carex; 	Cyperaceae;Carex;
P001_WD11_00309 	Crassulaceae;Sedum; 	Crassulaceae;Rosularia	Crassulaceae;Sedum; 	Crassulaceae;Sempervivum; 	Crassulaceae;Sedum; 	Crassulaceae;Rhodiola;
P001_WD11_00342 	Crassulaceae;Sedum; 	Crassulaceae;Rosularia	Crassulaceae;Sedum; 	Crassulaceae;Sempervivum; 	Crassulaceae;Sedum; 	Crassulaceae;Rhodiola;
P001_WD11_00374 	Crassulaceae;Sedum; 	Asteraceae;Taraxacum	Asteraceae;Taraxacum; 	Cyperaceae;Carex; 	Asteraceae;Taraxacum; 	Asteraceae;Taraxacum;
P001_WD12_00067 	Asteraceae;Taraxacum; 	Asteraceae;Taraxacum	Asteraceae;Taraxacum; 	Cyperaceae;Carex; 	Asteraceae;Taraxacum; 	Asteraceae;Taraxacum;
P001_WE01_00045 	Caryophyllaceae;Minuartia; 	Caryophyllaceae;Psammosilene	Caryophyllaceae;Minuartia; 	Caryophyllaceae;Minuartia; 	Caryophyllaceae;Minuartia; 	Caryophyllaceae;Minuartia;
P001_WE02_00123 	Cyperaceae;Kobresia; 	Cyperaceae;Carex	Cyperaceae;Carex; 	Cyperaceae;Carex; 	Cyperaceae;Carex; 	Cyperaceae;Carex;
P001_WE03_00076 	Ranunculaceae;Ranunculus; 	Ranunculaceae;Ranunculus	Ranunculaceae;Ranunculus; 	Brassicaceae;Arabis; 	Ranunculaceae;Ranunculus; 	Ranunculaceae;Ranunculus;
P001_WE04_00125 	Tofieldiaceae;Tofieldia; 	Cyperaceae;Carex	Cyperaceae;Carex; 	Cyperaceae;Carex; 	Onagraceae;Epilobium; 	Cyperaceae;Carex;
P001_WE04_00246 	Tofieldiaceae;Tofieldia; 	Tofieldiaceae;Tofieldia	Liliaceae;Fritillaria; 	Liliaceae;Gagea; 	Orchidaceae;Coeloglossum; 	Ranunculaceae;Trollius;
P001_WE05_00134 	Ericaceae;Kalmia; 	Ericaceae;Rhododendron	Ericaceae;Rhododendron; 	Ericaceae;Rhododendron; 	Ericaceae;Rhododendron; 	Ericaceae;Rhododendron;
P001_WE06_00080 	Poaceae;Phleum; 	Poaceae;Phleum	Poaceae;Arctophila; 	Poaceae;Dupontia; 	Poaceae;Poa; 	Poaceae;Poa;
P001_WE07_00062 	Juncaceae;Luzula; 	Cyperaceae;Hypolytrum	Juncaceae;Luzula; 	Juncaceae;Luzula; 	Cyperaceae;Carex; 	Juncaceae;Luzula;
P001_WE08_00087 	Caprifoliaceae;Scabiosa; 	Caprifoliaceae;Pterocephalus	Caprifoliaceae;Patrinia; 	Asteraceae;Saussurea; 	Asteraceae;Saussurea; 	Asteraceae;Taraxacum;
P001_WE10_00093 	Asteraceae;Taraxacum; 	Asteraceae;Taraxacum	Asteraceae;Taraxacum; 	Cyperaceae;Carex; 	Asteraceae;Taraxacum; 	Asteraceae;Taraxacum;
P001_WE11_00082 	Poaceae;Festuca; 	Poaceae;Festuca	Poaceae;Festuca; 	Poaceae;Festuca; 	Poaceae;Festuca; 	Poaceae;Festuca;
P001_WE12_00150 	Cyperaceae;Carex; 	Asteraceae;Taraxacum	Asteraceae;Taraxacum; 	Cyperaceae;Carex; 	Asteraceae;Taraxacum; 	Asteraceae;Taraxacum;
P001_WE12_00170 	Cyperaceae;Carex; 	Cyperaceae;Carex	Crassulaceae;Sedum; 	Cyperaceae;Kobresia; 	Cyperaceae;Carex; 	Cyperaceae;Carex;
P001_WF01_00096 	Equisetaceae;Equisetum; 	Equisetaceae;Equisetum	Equisetaceae;Equisetum; 	Equisetaceae;Equisetum; 	Equisetaceae;Equisetum; 	Equisetaceae;Equisetum;
P001_WF02_00147 	Cyperaceae;Carex; 	Cyperaceae;Carex	Cyperaceae;Carex; 	Cyperaceae;Carex; 	Cyperaceae;Carex; 	Cyperaceae;Carex;
P001_WF03_00043 	Caryophyllaceae;Cerastium; 	Caryophyllaceae;Pseudocerastium	Caryophyllaceae;Cerastium; 	Caryophyllaceae;Cerastium; 	Caryophyllaceae;Cerastium; 	Caryophyllaceae;Cerastium;
P001_WF04_00040 	Caryophyllaceae;Silene; 	Caryophyllaceae;Silene	Caryophyllaceae;Viscaria; 	Caryophyllaceae;Silene; 	Caryophyllaceae;Silene; 	Caryophyllaceae;Silene;
P001_WF05_00106 	Asteraceae;Antennaria; 	Asteraceae;Gamochaeta	Asteraceae;Antennaria; 	Poaceae;Festuca; 	Asteraceae;Antennaria; 	Asteraceae;Gnaphalium;
P001_WF06_00083 	Orobanchaceae;Euphrasia; 	Orobanchaceae;Euphrasia	Brassicaceae;Arabis; 	Orobanchaceae;Euphrasia; 	Orobanchaceae;Euphrasia; 	Orobanchaceae;Bartsia;
P001_WF06_00213 	Orobanchaceae;Euphrasia; 	Poaceae;Festuca	Poaceae;Festuca; 	Poaceae;Festuca; 	Poaceae;Festuca; 	Poaceae;Festuca;
P001_WF07_00082 	Poaceae;Festuca; 	Poaceae;Festuca	Poaceae;Festuca; 	Poaceae;Festuca; 	Poaceae;Festuca; 	Poaceae;Festuca;
P001_WF08_00062 	Orchidaceae;Coeloglossum; 	Orchidaceae;Dactylorhiza	Tofieldiaceae;Tofieldia; 	Liliaceae;Fritillaria; 	Liliaceae;Gagea; 	Cyperaceae;Carex;
P001_WF09_00088 	Gentianaceae;Gentiana; 	Gentianaceae;Gentiana	Gentianaceae;Gentiana; 	Gentianaceae;Gentiana; 	Gentianaceae;Gentiana; 	Gentianaceae;Gentiana;
P001_WF10_00064 	Fabaceae;Anthyllis; 	Fabaceae;Lotus	Fabaceae;Astragalus; 	Fabaceae;Hedysarum; 	Fabaceae;Hedysarum; 	Fabaceae;Astragalus;
P001_WF11_00052 	Apiaceae;Seseli; 	Apiaceae;Ligusticum	Apiaceae;Peucedanum; 	Apiaceae;Ligusticum; 	Apiaceae;Carum; 	Apiaceae;Carum;
P001_WF12_00013 	Geraniaceae;Geranium; 	Geraniaceae;Geranium	Geraniaceae;Geranium; 	Rosaceae;Dryas; 	Cyperaceae;Carex; 	Rosaceae;Dryas;
P001_WG01_00028 	Ranunculaceae;Thalictrum; 	Ranunculaceae;Thalictrum	Cyperaceae;Carex; 	Ranunculaceae;Trollius; 	Ranunculaceae;Pulsatilla; 	Cyperaceae;Carex;
P001_WG02_00169 	Cyperaceae;Carex; 	Cyperaceae;Carex	Cyperaceae;Carex; 	Cyperaceae;Carex; 	Cyperaceae;Carex; 	Cyperaceae;Carex;
P001_WG02_00189 	Cyperaceae;Carex; 	Cyperaceae;Carex	Cyperaceae;Carex; 	Cyperaceae;Carex; 	Cyperaceae;Carex; 	Cyperaceae;Carex;
P001_WG02_00303 	Cyperaceae;Carex; 	Ranunculaceae;Thalictrum	Cyperaceae;Carex; 	Ranunculaceae;Trollius; 	Ranunculaceae;Pulsatilla; 	Cyperaceae;Carex;
P001_WG04_00005 	Cyperaceae;Carex; 	Cyperaceae;Carex	Cyperaceae;Carex; 	Cyperaceae;Carex; 	Onagraceae;Epilobium; 	Cyperaceae;Carex;
P001_WG05_00026 	Caryophyllaceae;Viscaria; 	Caryophyllaceae;Heliosperma	Caryophyllaceae;Silene; 	Caryophyllaceae;Silene; 	Caryophyllaceae;Silene; 	Caryophyllaceae;Silene;
P001_WG06_00009 	Saxifragaceae;Saxifraga; 	Saxifragaceae;Saxifraga	Saxifragaceae;Saxifraga; 	Saxifragaceae;Saxifraga; 	Saxifragaceae;Saxifraga; 	Saxifragaceae;Saxifraga;
P001_WG07_00071 	Gentianaceae;Gentianella; 	Gentianaceae;Swertia	Gentianaceae;Gentianella; 	Gentianaceae;Gentiana; 	Gentianaceae;Gentiana; 	Gentianaceae;Gentiana;
P001_WG08_00054 	Asteraceae;Anthemis; 	Asteraceae;Tanacetum	Asteraceae;Anthemis; 	Asteraceae;Achillea; 	Asteraceae;Matricaria; 	Asteraceae;Artemisia;
P001_WG10_00064 	Asteraceae;Taraxacum; 	Asteraceae;Taraxacum	Asteraceae;Taraxacum; 	Cyperaceae;Carex; 	Asteraceae;Taraxacum; 	Asteraceae;Taraxacum;
P001_WG11_00079 	Liliaceae;Gagea; 	Liliaceae;Gagea	Liliaceae;Fritillaria; 	Tofieldiaceae;Tofieldia; 	Orchidaceae;Coeloglossum; 	Primulaceae;Primula;
P001_WG12_00113 	Poaceae;Catabrosella; 	Poaceae;Phippsia	Poaceae;Hyalopoa; 	Poaceae;Avenella; 	Poaceae;Arctophila; 	Poaceae;Dupontia;
P001_WH01_00057 	Celastraceae;Parnassia; 	Celastraceae;Parnassia	Rosaceae;Rubus; 	Rosaceae;Dryas; 	Rosaceae;Spiraea; 	Rosaceae;Dryas;
P001_WH02_00047 	Salicaceae;Salix; 	Salicaceae;Salix	Salicaceae;Salix; 	Salicaceae;Salix; 	Salicaceae;Salix; 	Salicaceae;Salix;
P001_WH03_00070 	Cyperaceae;Eriophorum; 	Cyperaceae;Carex	Cyperaceae;Eriophorum; 	Cyperaceae;Eriophorum; 	Asteraceae;Antennaria; 	Cyperaceae;Eriophorum;
P001_WH04_00044 	Saxifragaceae;Saxifraga; 	Saxifragaceae;Saxifraga	Saxifragaceae;Saxifraga; 	Saxifragaceae;Saxifraga; 	Saxifragaceae;Saxifraga; 	Saxifragaceae;Saxifraga;
P001_WH05_00028 	Plantaginaceae;Veronica; 	Plantaginaceae;Veronica	Plantaginaceae;Veronica; 	Plantaginaceae;Veronica; 	Asteraceae;Cirsium; 	Fabaceae;Hedysarum;
P001_WH06_00105 	Poaceae;Trisetum; 	Poaceae;Koeleria	Poaceae;Calamagrostis; 	Poaceae;Calamagrostis; 	Poaceae;Hierochloe; 	Poaceae;Calamagrostis;
P001_WH06_00189 	Poaceae;Trisetum; 	Asteraceae;Pertya	Asteraceae;Scorzonera; 	Asteraceae;Hieracium; 	Asteraceae;Hieracium; 	Asteraceae;Hieracium;
P001_WH07_00069 	Asteraceae;Scorzonera; 	Asteraceae;Pertya	Asteraceae;Scorzonera; 	Asteraceae;Hieracium; 	Asteraceae;Hieracium; 	Asteraceae;Hieracium;
P001_WH08_00027 	Asteraceae;Anthemis; 	Asteraceae;Artemisia	Asteraceae;Matricaria; 	Asteraceae;Anthemis; 	Asteraceae;Artemisia; 	Asteraceae;Achillea;
P001_WH09_00098 	Primulaceae;Primula; 	Primulaceae;Primula	Primulaceae;Primula; 	Primulaceae;Primula; 	Primulaceae;Primula; 	Primulaceae;Primula;
P001_WH11_00027 	Asteraceae;Erigeron; 	Asteraceae;Erigeron	Asteraceae;Erigeron; 	Asteraceae;Erigeron; 	Asteraceae;Solidago; 	Asteraceae;Aster;
P001_WH12_00142 	Asteraceae;Hieracium; 	Asteraceae;Cichorium	Asteraceae;Hieracium; 	Asteraceae;Hieracium; 	Asteraceae;Scorzonera; 	Asteraceae;Taraxacum;
P002_WA01_00118 	Poaceae;Hyalopoa; 	Poaceae;Phippsia	Poaceae;Deschampsia; 	Poaceae;Avenella; 	Poaceae;Arctophila; 	Poaceae;Dupontia;
P002_WA02_00032 	Fabaceae;Trifolium; 	Fabaceae;Trifolium	Fabaceae;Trifolium; 	Fabaceae;Hedysarum; 	Fabaceae;Hedysarum; 	Fabaceae;Astragalus;
P002_WA03_00055 	Poaceae;Festuca; 	Poaceae;Castellia	Poaceae;Festuca; 	Cyperaceae;Carex; 	Poaceae;Hyalopoa; 	Poaceae;Dupontia;
P002_WA04_00045 	Apiaceae;Carum; 	Apiaceae;Carum	Apiaceae;Carum; 	Apiaceae;Seseli; 	Apiaceae;Peucedanum; 	Apiaceae;Ligusticum;
P002_WA05_00057 	Gentianaceae;Gentiana; 	Gentianaceae;Gentiana	Gentianaceae;Gentiana; 	Gentianaceae;Gentiana; 	Gentianaceae;Gentiana; 	Gentianaceae;Gentiana;
P002_WA06_00050 	Apiaceae;Peucedanum; 	Apiaceae;Angelica	Apiaceae;Seseli; 	Apiaceae;Ligusticum; 	Apiaceae;Carum; 	Apiaceae;Carum;
P002_WA07_00007 	Ericaceae;Harrimanella; 	Ericaceae;Rhododendron	Ericaceae;Rhododendron; 	Ericaceae;Rhododendron; 	Ericaceae;Rhododendron; 	Ericaceae;Harrimanella;
P002_WA08_00103 	Poaceae;Poa; 	Poaceae;Poa	Poaceae;Poa; 	Poaceae;Poa; 	Poaceae;Poa; 	Poaceae;Poa;
P002_WA09_00038 	Rosaceae;Dryas; 	Rosaceae;Dryas	Rosaceae;Dryas; 	Rosaceae;Dryas; 	Cyperaceae;Carex; 	Rosaceae;Rubus;
P002_WA10_00040 	Ericaceae;Rhododendron; 	Ericaceae;Rhododendron	Ericaceae;Rhododendron; 	Ericaceae;Rhododendron; 	Ericaceae;Rhododendron; 	Ericaceae;Rhododendron;
P002_WA11_00038 	Poaceae;Calamagrostis; 	Poaceae;Calamagrostis	Poaceae;Calamagrostis; 	Poaceae;Calamagrostis; 	Poaceae;Calamagrostis; 	Poaceae;Calamagrostis;
P002_WA12_00029 	Saxifragaceae;Saxifraga; 	Saxifragaceae;Saxifraga	Saxifragaceae;Saxifraga; 	Saxifragaceae;Saxifraga; 	Saxifragaceae;Saxifraga; 	Saxifragaceae;Saxifraga;
P002_WB01_00093 	Apiaceae;Chaerophyllum; 	Apiaceae;Meeboldia	Apiaceae;Tilingia; 	Apiaceae;Seseli; 	Apiaceae;Peucedanum; 	Apiaceae;Ligusticum;
P002_WB02_00098 	Primulaceae;Primula; 	Primulaceae;Primula	Primulaceae;Primula; 	Primulaceae;Primula; 	Primulaceae;Primula; 	Primulaceae;Primula;
P002_WB03_00051 	Caryophyllaceae;Arenaria; 	Caryophyllaceae;Dianthus	Caryophyllaceae;Dianthus; 	Ranunculaceae;Ranunculus; 	Caryophyllaceae;Silene; 	Caryophyllaceae;Viscaria;
P002_WB04_00059 	Poaceae;Helictotrichon; 	Poaceae;Helictochloa	Poaceae;Hyalopoa; 	Poaceae;Avenella; 	Poaceae;Arctophila; 	Poaceae;Dupontia;
P002_WB05_00045 	Orobanchaceae;Pedicularis; 	Orobanchaceae;Pedicularis	Orobanchaceae;Pedicularis; 	Orobanchaceae;Pedicularis; 	Onagraceae;Epilobium; 	Orobanchaceae;Pedicularis;
P002_WB06_00071 	Rosaceae;Potentilla; 	Rosaceae;Potentilla	Rosaceae;Potentilla; 	Rosaceae;Potentilla; 	Orobanchaceae;Pedicularis; 	Rosaceae;Potentilla;
P002_WB07_00071 	Ericaceae;Bryanthus; 	Ericaceae;Rhododendron	Ericaceae;Rhododendron; 	Ericaceae;Rhododendron; 	Ericaceae;Rhododendron; 	Ericaceae;Rhododendron;
P002_WB08_00133 	Poaceae;Poa; 	Poaceae;Poa	Poaceae;Poa; 	Poaceae;Poa; 	Poaceae;Poa; 	Poaceae;Poa;
P002_WB09_00030 	Salicaceae;Salix; 	Salicaceae;Salix	Salicaceae;Salix; 	Salicaceae;Salix; 	Salicaceae;Salix; 	Salicaceae;Salix;
P002_WB10_00114 	Caryophyllaceae;Stellaria; 	Caryophyllaceae;Pseudocerastium	Caryophyllaceae;Stellaria; 	Caryophyllaceae;Cerastium; 	Caryophyllaceae;Cerastium; 	Caryophyllaceae;Cerastium;
P002_WB11_00060 	Orobanchaceae;Pedicularis; 	Orobanchaceae;Pedicularis	Orobanchaceae;Pedicularis; 	Orobanchaceae;Pedicularis; 	Orobanchaceae;Pedicularis; 	Orobanchaceae;Pedicularis;
P002_WB12_00069 	Saxifragaceae;Chrysosplenium; 	Saxifragaceae;Chrysosplenium	Saxifragaceae;Saxifraga; 	Saxifragaceae;Saxifraga; 	Saxifragaceae;Saxifraga; 	Saxifragaceae;Saxifraga;
P002_WC01_00060 	Rosaceae;Potentilla; 	Orobanchaceae;Pedicularis	Orobanchaceae;Pedicularis; 	Orobanchaceae;Pedicularis; 	Orobanchaceae;Pedicularis; 	Orobanchaceae;Pedicularis;
P002_WC01_00103 	Rosaceae;Potentilla; 	Rosaceae;Potentilla	Orobanchaceae;Pedicularis; 	Rosaceae;Potentilla; 	Rosaceae;Potentilla; 	Rosaceae;Potentilla;
P002_WC02_00106 	Fabaceae;Oxytropis; 	Fabaceae;Oxytropis	Fabaceae;Oxytropis; 	Fabaceae;Oxytropis; 	Fabaceae;Astragalus; 	Fabaceae;Astragalus;
P002_WC03_00053 	Orobanchaceae;Euphrasia; 	Orobanchaceae;Euphrasia	Brassicaceae;Arabis; 	Orobanchaceae;Euphrasia; 	Orobanchaceae;Euphrasia; 	Orobanchaceae;Bartsia;
P002_WC04_00054 	Asteraceae;Aster; 	Asteraceae;Aster	Juncaceae;Luzula; 	Asteraceae;Aster; 	Asteraceae;Solidago; 	Asteraceae;Saussurea;
P002_WC05_00050 	Apiaceae;Tilingia; 	Apiaceae;Pterygopleurum	Apiaceae;Seseli; 	Apiaceae;Peucedanum; 	Apiaceae;Chaerophyllum; 	Apiaceae;Ligusticum;
P002_WC06_00013 	Juncaceae;Luzula; 	Cyperaceae;Hypolytrum	Juncaceae;Luzula; 	Cyperaceae;Carex; 	Juncaceae;Luzula; 	Juncaceae;Luzula;
P002_WC07_00051 	Ericaceae;Rhododendron; 	Ericaceae;Rhododendron	Ericaceae;Rhododendron; 	Ericaceae;Rhododendron; 	Ericaceae;Rhododendron; 	Ericaceae;Rhododendron;
P002_WC08_00082 	Brassicaceae;Cardamine; 	Brassicaceae;Cardamine	Brassicaceae;Cardamine; 	Brassicaceae;Cardamine; 	Brassicaceae;Arabis; 	Brassicaceae;Draba;
P002_WC09_00033 	Fabaceae;Astragalus; 	Fabaceae;Astragalus	Fabaceae;Astragalus; 	Fabaceae;Oxytropis; 	Fabaceae;Oxytropis; 	Fabaceae;Oxytropis;
P002_WC10_00050 	Polygonaceae;Persicaria; 	Polygonaceae;Bistorta	Polygonaceae;Bistorta; 	Polygonaceae;Rumex; 	Polygonaceae;Polygonum; 	Polygonaceae;Bistorta;
P002_WC11_00066 	Caryophyllaceae;Minuartia; 	Caryophyllaceae;Psammosilene	Caryophyllaceae;Minuartia; 	Caryophyllaceae;Minuartia; 	Caryophyllaceae;Minuartia; 	Caryophyllaceae;Minuartia;
P002_WC12_00134 	Cyperaceae;Eriophorum; 	Cyperaceae;Carex	Cyperaceae;Eriophorum; 	Cyperaceae;Eriophorum; 	Asteraceae;Antennaria; 	Cyperaceae;Eriophorum;
P002_WD01_00028 	Orobanchaceae;Pedicularis; 	Rosaceae;Potentilla	Orobanchaceae;Pedicularis; 	Rosaceae;Potentilla; 	Rosaceae;Potentilla; 	Rosaceae;Potentilla;
P002_WD01_00140 	Orobanchaceae;Pedicularis; 	Orobanchaceae;Pedicularis	Orobanchaceae;Pedicularis; 	Orobanchaceae;Pedicularis; 	Orobanchaceae;Pedicularis; 	Orobanchaceae;Pedicularis;
P002_WD02_00056 	Violaceae;Viola; 	Violaceae;Viola	Violaceae;Viola; 	Salicaceae;Salix; 	Salicaceae;Salix; 	Salicaceae;Salix;
P002_WD03_00061 	Asteraceae;Erigeron; 	Asteraceae;Erigeron	Asteraceae;Erigeron; 	Asteraceae;Erigeron; 	Asteraceae;Solidago; 	Asteraceae;Aster;
P002_WD04_00028 	Rosaceae;Potentilla; 	Rosaceae;Potentilla	Rosaceae;Potentilla; 	Rosaceae;Potentilla; 	Orobanchaceae;Pedicularis; 	Rosaceae;Potentilla;
P002_WD05_00027 	Plantaginaceae;Pennellianthus; 	Plantaginaceae;Penstemon	Plantaginaceae;Veronica; 	Plantaginaceae;Veronica; 	Plantaginaceae;Veronica; 	Asteraceae;Cirsium;
P002_WD06_00090 	Poaceae;Deschampsia; 	Poaceae;Agrostis	Poaceae;Agrostis; 	Poaceae;Agrostis; 	Poaceae;Calamagrostis; 	Poaceae;Calamagrostis;
P002_WD07_00039 	Asteraceae;Saussurea; 	Asteraceae;Saussurea	Asteraceae;Saussurea; 	Plantaginaceae;Veronica; 	Asteraceae;Cirsium; 	Poaceae;Calamagrostis;
P002_WD08_00072 	Fabaceae;Oxytropis; 	Fabaceae;Oxytropis	Fabaceae;Oxytropis; 	Fabaceae;Oxytropis; 	Fabaceae;Astragalus; 	Fabaceae;Astragalus;
P002_WD09_00086 	Plumbaginaceae;Armeria; 	Plumbaginaceae;Limonium	Polygonaceae;Rumex; 	Polygonaceae;Persicaria; 	Polygonaceae;Bistorta; 	Betulaceae;Betula;
P002_WD10_00030 	Salicaceae;Salix; 	Salicaceae;Salix	Salicaceae;Salix; 	Salicaceae;Salix; 	Salicaceae;Salix; 	Salicaceae;Salix;
P002_WD11_00066 	Poaceae;Hierochloe; 	Poaceae;Hierochloe	Poaceae;Hierochloe; 	Poaceae;Calamagrostis; 	Poaceae;Calamagrostis; 	Poaceae;Calamagrostis;
P002_WD12_00052 	Polygonaceae;Rumex; 	Polygonaceae;Rumex	Polygonaceae;Rumex; 	Polygonaceae;Rumex; 	Polygonaceae;Oxyria; 	Polygonaceae;Bistorta;
P002_WE01_00043 	Asteraceae;Centaurea; 	Asteraceae;Saussurea	Poaceae;Calamagrostis; 	Asteraceae;Saussurea; 	Asteraceae;Saussurea; 	Asteraceae;Cirsium;
P002_WE02_00076 	Plantaginaceae;Plantago; 	Plantaginaceae;Plantago	Plantaginaceae;Veronica; 	Plantaginaceae;Veronica; 	Plantaginaceae;Pennellianthus; 	Asteraceae;Cirsium;
P002_WE03_00066 	Ranunculaceae;Ranunculus; 	Ranunculaceae;Ranunculus	Brassicaceae;Arabis; 	Ranunculaceae;Ranunculus; 	Ranunculaceae;Ranunculus; 	Ranunculaceae;Ranunculus;
P002_WE04_00097 	Ranunculaceae;Anemone; 	Ranunculaceae;Anemone	Ranunculaceae;Anemone; 	Ranunculaceae;Pulsatilla; 	Ranunculaceae;Trollius; 	Cyperaceae;Carex;
P002_WE05_00098 	Campanulaceae;Campanula; 	Campanulaceae;Campanula	Campanulaceae;Campanula; 	Campanulaceae;Campanula; 	Campanulaceae;Campanula; 	Campanulaceae;Campanula;
P002_WE06_00030 	Caprifoliaceae;Patrinia; 	Caprifoliaceae;Patrinia	Caprifoliaceae;Scabiosa; 	Asteraceae;Saussurea; 	Asteraceae;Saussurea; 	Asteraceae;Antennaria;
P002_WE07_00028 	Rosaceae;Spiraea; 	Rosaceae;Spiraea	Rosaceae;Dryas; 	Rosaceae;Dryas; 	Rosaceae;Dryas; 	Cyperaceae;Carex;
P002_WE07_00196 	Rosaceae;Spiraea; 	Caryophyllaceae;Colobanthus	Caryophyllaceae;Minuartia; 	Caryophyllaceae;Minuartia; 	Caryophyllaceae;Sagina; 	Caryophyllaceae;Minuartia;
P002_WE08_00099 	Poaceae;Alopecurus; 	Poaceae;Alopecurus	Poaceae;Alopecurus; 	Poaceae;Alopecurus; 	Poaceae;Arctophila; 	Poaceae;Dupontia;
P002_WE09_00027 	Betulaceae;Betula; 	Betulaceae;Betula	Betulaceae;Betula; 	Rosaceae;Dryas; 	Rosaceae;Dryas; 	Cyperaceae;Carex;
P002_WE10_00026 	Saxifragaceae;Saxifraga; 	Saxifragaceae;Saxifraga	Saxifragaceae;Saxifraga; 	Saxifragaceae;Saxifraga; 	Saxifragaceae;Saxifraga; 	Saxifragaceae;Saxifraga;
P002_WE11_00012 	Poaceae;Alopecurus; 	Poaceae;Alopecurus	Poaceae;Alopecurus; 	Poaceae;Alopecurus; 	Poaceae;Arctophila; 	Poaceae;Dupontia;
P002_WE12_00099 	Poaceae;Arctophila; 	Poaceae;Cinna	Poaceae;Dupontia; 	Poaceae;Phleum; 	Poaceae;Poa; 	Poaceae;Poa;
P002_WF01_00062 	Poaceae;Calamagrostis; 	Asteraceae;Saussurea	Poaceae;Calamagrostis; 	Asteraceae;Saussurea; 	Asteraceae;Saussurea; 	Asteraceae;Cirsium;
P002_WF01_00188 	Poaceae;Calamagrostis; 	Poaceae;Calamagrostis	Poaceae;Calamagrostis; 	Poaceae;Calamagrostis; 	Poaceae;Calamagrostis; 	Poaceae;Calamagrostis;
P002_WF02_00052 	Plantaginaceae;Veronica; 	Plantaginaceae;Veronica	Fabaceae;Hedysarum; 	Plantaginaceae;Veronica; 	Plantaginaceae;Veronica; 	Asteraceae;Cirsium;
P002_WF03_00046 	Caryophyllaceae;Minuartia; 	Caryophyllaceae;Psammosilene	Caryophyllaceae;Minuartia; 	Caryophyllaceae;Minuartia; 	Caryophyllaceae;Minuartia; 	Caryophyllaceae;Minuartia;
P002_WF04_00115 	Orobanchaceae;Pedicularis; 	Orobanchaceae;Pedicularis	Orobanchaceae;Pedicularis; 	Orobanchaceae;Pedicularis; 	Orobanchaceae;Pedicularis; 	Orobanchaceae;Pedicularis;
P002_WF05_00002 	Ericaceae;Rhododendron; 	Ericaceae;Rhododendron	Ericaceae;Rhododendron; 	Ericaceae;Rhododendron; 	Ericaceae;Rhododendron; 	Ericaceae;Rhododendron;
P002_WF06_00097 	Ericaceae;Phyllodoce; 	Ericaceae;Rhododendron	Ericaceae;Rhododendron; 	Ericaceae;Rhododendron; 	Ericaceae;Rhododendron; 	Ericaceae;Rhododendron;
P002_WF07_00022 	Caryophyllaceae;Minuartia; 	Caryophyllaceae;Colobanthus	Caryophyllaceae;Minuartia; 	Caryophyllaceae;Minuartia; 	Caryophyllaceae;Sagina; 	Caryophyllaceae;Minuartia;
P002_WF08_00056 	Poaceae;Dupontia; 	Poaceae;Cinna	Poaceae;Dupontia; 	Poaceae;Phleum; 	Poaceae;Poa; 	Poaceae;Poa;
P002_WF09_00006 	Ericaceae;Pyrola; 	Ericaceae;Pyrola	Ericaceae;Pyrola; 	Ericaceae;Pyrola; 	Ericaceae;Pyrola; 	Ericaceae;Phyllodoce;
P002_WF10_00017 	Rosaceae;Potentilla; 	Rosaceae;Potentilla	Rosaceae;Potentilla; 	Rosaceae;Potentilla; 	Orobanchaceae;Pedicularis; 	Rosaceae;Potentilla;
P002_WF11_00100 	Juncaceae;Luzula; 	Cyperaceae;Hypolytrum	Cyperaceae;Carex; 	Juncaceae;Luzula; 	Juncaceae;Luzula; 	Juncaceae;Luzula;
P002_WF12_00126 	Cyperaceae;Carex; 	Cyperaceae;Carex	Cyperaceae;Carex; 	Cyperaceae;Carex; 	Cyperaceae;Carex; 	Cyperaceae;Carex;
P002_WG02_00067 	Fabaceae;Hedysarum; 	Plantaginaceae;Veronica	Fabaceae;Hedysarum; 	Plantaginaceae;Veronica; 	Plantaginaceae;Veronica; 	Asteraceae;Cirsium;
P002_WG02_00196 	Fabaceae;Hedysarum; 	Fabaceae;Hedysarum	Fabaceae;Hedysarum; 	Fabaceae;Trifolium; 	Fabaceae;Astragalus; 	Fabaceae;Astragalus;
P002_WG03_00055 	Liliaceae;Fritillaria; 	Liliaceae;Fritillaria	Liliaceae;Gagea; 	Tofieldiaceae;Tofieldia; 	Orchidaceae;Coeloglossum; 	Rosaceae;Dryas;
P002_WG04_00042 	Rosaceae;Alchemilla; 	Rosaceae;Alchemilla	Rosaceae;Potentilla; 	Orobanchaceae;Pedicularis; 	Rosaceae;Potentilla; 	Rosaceae;Potentilla;
P002_WG05_00024 	Poaceae;Calamagrostis; 	Poaceae;Calamagrostis	Poaceae;Calamagrostis; 	Poaceae;Calamagrostis; 	Poaceae;Calamagrostis; 	Poaceae;Calamagrostis;
P002_WG06_00021 	Juncaceae;Juncus; 	Juncaceae;Juncus	Juncaceae;Juncus; 	Juncaceae;Luzula; 	Cyperaceae;Carex; 	Cyperaceae;Eriophorum;
P002_WG07_00131 	Cyperaceae;Carex; 	Cyperaceae;Carex	Cyperaceae;Carex; 	Onagraceae;Epilobium; 	Cyperaceae;Carex; 	Cyperaceae;Carex;
P002_WG08_00109 	Cyperaceae;Eriophorum; 	Cyperaceae;Carex	Cyperaceae;Eriophorum; 	Cyperaceae;Eriophorum; 	Asteraceae;Antennaria; 	Cyperaceae;Eriophorum;
P002_WG09_00061 	Salicaceae;Salix; 	Salicaceae;Salix	Salicaceae;Salix; 	Salicaceae;Salix; 	Salicaceae;Salix; 	Salicaceae;Salix;
P002_WG10_00049 	Saxifragaceae;Saxifraga; 	Saxifragaceae;Micranthes	Saxifragaceae;Saxifraga; 	Saxifragaceae;Saxifraga; 	Saxifragaceae;Saxifraga; 	Saxifragaceae;Saxifraga;
P002_WG11_00038 	Salicaceae;Salix; 	Salicaceae;Salix	Salicaceae;Salix; 	Salicaceae;Salix; 	Salicaceae;Salix; 	Salicaceae;Salix;
P002_WG12_00082 	Ericaceae;Vaccinium; 	Ericaceae;Vaccinium	Ericaceae;Vaccinium; 	Ericaceae;Vaccinium; 	Ericaceae;Vaccinium; 	Ericaceae;Vaccinium;
P002_WH01_00056 	Ranunculaceae;Pulsatilla; 	Ranunculaceae;Anemone	Ranunculaceae;Trollius; 	Ranunculaceae;Aconitum; 	Cyperaceae;Carex; 	Ranunculaceae;Anemone;
P002_WH02_00113 	Crassulaceae;Sempervivum; 	Crassulaceae;Sempervivum	Crassulaceae;Sedum; 	Crassulaceae;Sedum; 	Crassulaceae;Sedum; 	Crassulaceae;Rhodiola;
P002_WH03_00073 	Rubiaceae;Galium; 	Rubiaceae;Galium	Rubiaceae;Galium; 	Rubiaceae;Cruciata; 	Caryophyllaceae;Cerastium; 	Asteraceae;Saussurea;
P002_WH04_00100 	Apiaceae;Bupleurum; 	Apiaceae;Bupleurum	Apiaceae;Bupleurum; 	Apiaceae;Tilingia; 	Apiaceae;Seseli; 	Apiaceae;Ligusticum;
P002_WH05_00083 	Ranunculaceae;Anemone; 	Ranunculaceae;Anemone	Ranunculaceae;Anemone; 	Ranunculaceae;Pulsatilla; 	Ranunculaceae;Trollius; 	Cyperaceae;Carex;
P002_WH06_00081 	Asteraceae;Artemisia; 	Asteraceae;Artemisia	Asteraceae;Anthemis; 	Asteraceae;Matricaria; 	Asteraceae;Anthemis; 	Asteraceae;Leucanthemum;
P002_WH07_00055 	Caryophyllaceae;Cerastium; 	Caryophyllaceae;Pseudocerastium	Caryophyllaceae;Cerastium; 	Caryophyllaceae;Cerastium; 	Caryophyllaceae;Cerastium; 	Caryophyllaceae;Cerastium;
P002_WH08_00008 	Cyperaceae;Carex; 	Cyperaceae;Carex	Cyperaceae;Carex; 	Cyperaceae;Carex; 	Cyperaceae;Carex; 	Cyperaceae;Carex;
P002_WH09_00048 	Ericaceae;Rhododendron; 	Ericaceae;Rhododendron	Ericaceae;Rhododendron; 	Ericaceae;Rhododendron; 	Ericaceae;Rhododendron; 	Ericaceae;Rhododendron;
P002_WH10_00026 	Poaceae;Arctagrostis; 	Poaceae;Arctagrostis	Poaceae;Arctophila; 	Poaceae;Dupontia; 	Poaceae;Phleum; 	Poaceae;Poa;
P002_WH11_00024 	Brassicaceae;Draba; 	Brassicaceae;Draba	Brassicaceae;Draba; 	Brassicaceae;Arabis; 	Brassicaceae;Arabis; 	Brassicaceae;Draba;
P002_WH12_00116 	Orobanchaceae;Pedicularis; 	Orobanchaceae;Pedicularis	Orobanchaceae;Pedicularis; 	Orobanchaceae;Pedicularis; 	Orobanchaceae;Pedicularis; 	Orobanchaceae;Pedicularis;
P003_WA01_00097 	Rosaceae;Potentilla; 	Rosaceae;Dasiphora	Rosaceae;Potentilla; 	Rosaceae;Potentilla; 	Orobanchaceae;Pedicularis; 	Rosaceae;Potentilla;
P003_WA02_00088 	Poaceae;Poa; 	Poaceae;Poa	Poaceae;Poa; 	Poaceae;Poa; 	Poaceae;Poa; 	Poaceae;Poa;
P003_WA03_00064 	Polygonaceae;Bistorta; 	Polygonaceae;Bistorta	Polygonaceae;Bistorta; 	Polygonaceae;Rumex; 	Polygonaceae;Polygonum; 	Polygonaceae;Bistorta;
P003_WA04_00052 	Crassulaceae;Sedum; 	Crassulaceae;Pachyphytum	Crassulaceae;Sempervivum; 	Crassulaceae;Sedum; 	Crassulaceae;Sedum; 	Crassulaceae;Rhodiola;
P003_WA06_00076 	Poaceae;Festuca; 	Poaceae;Castellia	Cyperaceae;Carex; 	Poaceae;Festuca; 	Poaceae;Hyalopoa; 	Poaceae;Dupontia;
P003_WA07_00163 	Cyperaceae;Carex; 	Poaceae;Castellia	Cyperaceae;Carex; 	Poaceae;Festuca; 	Poaceae;Hyalopoa; 	Poaceae;Dupontia;
P003_WA07_00176 	Cyperaceae;Carex; 	Cyperaceae;Carex	Cyperaceae;Carex; 	Cyperaceae;Carex; 	Onagraceae;Epilobium; 	Cyperaceae;Carex;
P003_WA08_00066 	Asteraceae;Senecio; 	Asteraceae;Ligularia	Asteraceae;Petasites; 	Asteraceae;Solidago; 	Asteraceae;Saussurea; 	Asteraceae;Saussurea;
P003_WA09_00023 	Caryophyllaceae;Cerastium; 	Caryophyllaceae;Pseudocerastium	Caryophyllaceae;Cerastium; 	Caryophyllaceae;Cerastium; 	Caryophyllaceae;Cerastium; 	Caryophyllaceae;Cerastium;
P003_WA10_00040 	Gentianaceae;Gentiana; 	Gentianaceae;Gentiana	Gentianaceae;Gentiana; 	Gentianaceae;Gentiana; 	Gentianaceae;Gentiana; 	Gentianaceae;Gentiana;
P003_WA10_00167 	Gentianaceae;Gentiana; 	Primulaceae;Bryocarpum	Primulaceae;Soldanella; 	Primulaceae;Soldanella; 	Primulaceae;Primula; 	Primulaceae;Primula;
P003_WA11_00058 	Primulaceae;Soldanella; 	Primulaceae;Bryocarpum	Primulaceae;Soldanella; 	Primulaceae;Soldanella; 	Primulaceae;Primula; 	Primulaceae;Primula;
P003_WB01_00086 	Asteraceae;Solidago; 	Asteraceae;Senecio	Asteraceae;Senecio; 	Asteraceae;Petasites; 	Asteraceae;Saussurea; 	Asteraceae;Saussurea;
P003_WB02_00031 	Rubiaceae;Galium; 	Rubiaceae;Galium	Rubiaceae;Galium; 	Rubiaceae;Cruciata; 	Caryophyllaceae;Cerastium; 	Asteraceae;Saussurea;
P003_WB03_00034 	Equisetaceae;Equisetum; 	Equisetaceae;Equisetum	Equisetaceae;Equisetum; 	Equisetaceae;Equisetum; 	Equisetaceae;Equisetum; 	Equisetaceae;Equisetum;
P003_WB04_00133 	Cyperaceae;Eriophorum; 	Cyperaceae;Carex	Cyperaceae;Eriophorum; 	Cyperaceae;Eriophorum; 	Asteraceae;Antennaria; 	Cyperaceae;Eriophorum;
P003_WB05_00009 	Saxifragaceae;Saxifraga; 	Saxifragaceae;Saxifraga	Saxifragaceae;Saxifraga; 	Saxifragaceae;Saxifraga; 	Saxifragaceae;Saxifraga; 	Saxifragaceae;Saxifraga;
P003_WB06_00056 	Caryophyllaceae;Silene; 	Caryophyllaceae;Silene	Caryophyllaceae;Silene; 	Caryophyllaceae;Silene; 	Caryophyllaceae;Silene; 	Caryophyllaceae;Viscaria;
P003_WB07_00038 	Ericaceae;Vaccinium; 	Ericaceae;Vaccinium	Ericaceae;Vaccinium; 	Ericaceae;Vaccinium; 	Ericaceae;Vaccinium; 	Ericaceae;Vaccinium;
P003_WB08_00092 	Asteraceae;Antennaria; 	Asteraceae;Gamochaeta	Asteraceae;Antennaria; 	Poaceae;Festuca; 	Asteraceae;Antennaria; 	Asteraceae;Gnaphalium;
P003_WB08_00192 	Asteraceae;Antennaria; 	Cyperaceae;Carex	Cyperaceae;Eriophorum; 	Cyperaceae;Eriophorum; 	Asteraceae;Antennaria; 	Cyperaceae;Eriophorum;
P003_WB09_00145 	Cyperaceae;Eriophorum; 	Cyperaceae;Carex	Cyperaceae;Eriophorum; 	Cyperaceae;Eriophorum; 	Asteraceae;Antennaria; 	Cyperaceae;Eriophorum;
P003_WB10_00069 	Fabaceae;Hedysarum; 	Fabaceae;Hedysarum	Fabaceae;Hedysarum; 	Fabaceae;Trifolium; 	Fabaceae;Astragalus; 	Fabaceae;Astragalus;
P003_WB11_00085 	Apiaceae;Ligusticum; 	Apiaceae;Ligusticum	Apiaceae;Seseli; 	Apiaceae;Peucedanum; 	Apiaceae;Carum; 	Apiaceae;Carum;
P003_WC01_00080 	Polygonaceae;Bistorta; 	Polygonaceae;Bistorta	Polygonaceae;Polygonum; 	Polygonaceae;Persicaria; 	Polygonaceae;Bistorta; 	Polygonaceae;Rumex;
P003_WC02_00022 	Ericaceae;Rhododendron; 	Ericaceae;Rhododendron	Ericaceae;Rhododendron; 	Ericaceae;Rhododendron; 	Ericaceae;Rhododendron; 	Ericaceae;Rhododendron;
P003_WC03_00029 	Ranunculaceae;Trollius; 	Ranunculaceae;Trollius	Ranunculaceae;Aconitum; 	Cyperaceae;Carex; 	Ranunculaceae;Pulsatilla; 	Cyperaceae;Carex;
P003_WC04_00122 	Cyperaceae;Carex; 	Cyperaceae;Carex	Cyperaceae;Kobresia; 	Cyperaceae;Carex; 	Cyperaceae;Carex; 	Cyperaceae;Carex;
P003_WC05_00109 	Salicaceae;Salix; 	Salicaceae;Salix	Salicaceae;Salix; 	Salicaceae;Salix; 	Salicaceae;Salix; 	Salicaceae;Salix;
P003_WC06_00050 	Primulaceae;Primula; 	Primulaceae;Primula	Primulaceae;Primula; 	Primulaceae;Primula; 	Primulaceae;Soldanella; 	Primulaceae;Soldanella;
P003_WC07_00146 	Juncaceae;Luzula; 	Brassicaceae;Cochlearia	Brassicaceae;Cochlearia; 	Brassicaceae;Arabis; 	Brassicaceae;Arabis; 	Brassicaceae;Cardamine;
P003_WC07_00208 	Juncaceae;Luzula; 	Cyperaceae;Hypolytrum	Juncaceae;Luzula; 	Juncaceae;Luzula; 	Cyperaceae;Carex; 	Juncaceae;Luzula;
P003_WC08_00098 	Poaceae;Poa; 	Poaceae;Poa	Poaceae;Poa; 	Poaceae;Poa; 	Poaceae;Poa; 	Poaceae;Poa;
P003_WC09_00038 	Cyperaceae;Carex; 	Cyperaceae;Carex	Cyperaceae;Carex; 	Cyperaceae;Carex; 	Cyperaceae;Carex; 	Cyperaceae;Carex;
P003_WC10_00068 	Asteraceae;Leucanthemum; 	Asteraceae;Leucanthemum	Asteraceae;Anthemis; 	Asteraceae;Artemisia; 	Asteraceae;Matricaria; 	Asteraceae;Anthemis;
P003_WC11_00029 	Asteraceae;Achillea; 	Asteraceae;Tanacetum	Asteraceae;Anthemis; 	Asteraceae;Anthemis; 	Asteraceae;Matricaria; 	Asteraceae;Artemisia;
P003_WC12_00156 	Juncaceae;Luzula; 	Asteraceae;Aster	Asteraceae;Aster; 	Asteraceae;Aster; 	Asteraceae;Solidago; 	Asteraceae;Erigeron;
P003_WC12_00188 	Juncaceae;Luzula; 	Cyperaceae;Hypolytrum	Juncaceae;Luzula; 	Juncaceae;Luzula; 	Cyperaceae;Carex; 	Juncaceae;Luzula;
P003_WD01_00081 	Ericaceae;Rhododendron; 	Ericaceae;Rhododendron	Ericaceae;Rhododendron; 	Ericaceae;Rhododendron; 	Ericaceae;Rhododendron; 	Ericaceae;Rhododendron;
P003_WD02_00045 	Brassicaceae;Draba; 	Brassicaceae;Draba	Brassicaceae;Draba; 	Brassicaceae;Draba; 	Brassicaceae;Arabis; 	Brassicaceae;Arabis;
P003_WD03_00196 	Lentibulariaceae;Pinguicula; 	Lentibulariaceae;Pinguicula	Lentibulariaceae;Pinguicula; 	Lentibulariaceae;Pinguicula; 	Lamiaceae;Betonica; 	Plantaginaceae;Pennellianthus;
P003_WD04_00062 	Fabaceae;Trifolium; 	Fabaceae;Trifolium	Fabaceae;Trifolium; 	Fabaceae;Hedysarum; 	Fabaceae;Hedysarum; 	Fabaceae;Astragalus;
P003_WD06_00055 	Ranunculaceae;Ranunculus; 	Ranunculaceae;Ranunculus	Ranunculaceae;Ranunculus; 	Brassicaceae;Arabis; 	Ranunculaceae;Ranunculus; 	Ranunculaceae;Ranunculus;
P003_WD07_00034 	Brassicaceae;Cochlearia; 	Brassicaceae;Cochlearia	Brassicaceae;Cochlearia; 	Brassicaceae;Arabis; 	Brassicaceae;Arabis; 	Brassicaceae;Cardamine;
P003_WD08_00108 	Caryophyllaceae;Stellaria; 	Caryophyllaceae;Pseudocerastium	Caryophyllaceae;Stellaria; 	Caryophyllaceae;Cerastium; 	Caryophyllaceae;Cerastium; 	Caryophyllaceae;Cerastium;
P003_WD09_00106 	Salicaceae;Salix; 	Salicaceae;Salix	Salicaceae;Salix; 	Salicaceae;Salix; 	Salicaceae;Salix; 	Salicaceae;Salix;
P003_WD10_00067 	Caryophyllaceae;Sagina; 	Caryophyllaceae;Colobanthus	Caryophyllaceae;Minuartia; 	Rosaceae;Spiraea; 	Caryophyllaceae;Minuartia; 	Caryophyllaceae;Minuartia;
P003_WD11_00068 	Primulaceae;Androsace; 	Primulaceae;Androsace	Primulaceae;Primula; 	Primulaceae;Primula; 	Primulaceae;Primula; 	Primulaceae;Soldanella;
P003_WD12_00032 	Plantaginaceae;Veronica; 	Plantaginaceae;Veronica	Asteraceae;Cirsium; 	Plantaginaceae;Veronica; 	Plantaginaceae;Veronica; 	Fabaceae;Hedysarum;
P003_WD12_00199 	Plantaginaceae;Veronica; 	Asteraceae;Saussurea	Asteraceae;Cirsium; 	Asteraceae;Saussurea; 	Asteraceae;Saussurea; 	Poaceae;Calamagrostis;
P003_WE01_00095 	Orobanchaceae;Pedicularis; 	Orobanchaceae;Pedicularis	Onagraceae;Epilobium; 	Orobanchaceae;Pedicularis; 	Orobanchaceae;Pedicularis; 	Orobanchaceae;Pedicularis;
P003_WE02_00080 	Poaceae;Festuca; 	Poaceae;Festuca	Poaceae;Festuca; 	Poaceae;Festuca; 	Poaceae;Festuca; 	Poaceae;Festuca;
P003_WE02_00112 	Poaceae;Festuca; 	Asteraceae;Gamochaeta	Asteraceae;Antennaria; 	Poaceae;Festuca; 	Asteraceae;Antennaria; 	Asteraceae;Gnaphalium;
P003_WE03_00064 	Equisetaceae;Equisetum; 	Equisetaceae;Equisetum	Equisetaceae;Equisetum; 	Equisetaceae;Equisetum; 	Equisetaceae;Equisetum; 	Equisetaceae;Equisetum;
P003_WE04_00124 	Poaceae;Agrostis; 	Poaceae;Agrostis	Poaceae;Agrostis; 	Poaceae;Agrostis; 	Poaceae;Calamagrostis; 	Poaceae;Calamagrostis;
P003_WE07_00087 	Cyperaceae;Eriophorum; 	Cyperaceae;Carex	Cyperaceae;Eriophorum; 	Cyperaceae;Eriophorum; 	Asteraceae;Antennaria; 	Cyperaceae;Eriophorum;
P003_WE08_00044 	Plantaginaceae;Veronica; 	Plantaginaceae;Veronica	Plantaginaceae;Veronica; 	Plantaginaceae;Veronica; 	Asteraceae;Cirsium; 	Fabaceae;Hedysarum;
P003_WE09_00094 	Salicaceae;Salix; 	Salicaceae;Salix	Salicaceae;Salix; 	Salicaceae;Salix; 	Salicaceae;Salix; 	Salicaceae;Salix;
P003_WE10_00050 	Orobanchaceae;Pedicularis; 	Orobanchaceae;Pedicularis	Orobanchaceae;Pedicularis; 	Orobanchaceae;Pedicularis; 	Orobanchaceae;Pedicularis; 	Orobanchaceae;Pedicularis;
P003_WE11_00028 	Cyperaceae;Carex; 	Cyperaceae;Hypolytrum	Juncaceae;Luzula; 	Juncaceae;Luzula; 	Juncaceae;Luzula; 	Juncaceae;Luzula;
P003_WE11_00206 	Cyperaceae;Carex; 	Cyperaceae;Carex	Cyperaceae;Carex; 	Cyperaceae;Carex; 	Cyperaceae;Carex; 	Cyperaceae;Carex;
P003_WE12_00071 	Caryophyllaceae;Dianthus; 	Caryophyllaceae;Dianthus	Ranunculaceae;Ranunculus; 	Caryophyllaceae;Silene; 	Caryophyllaceae;Silene; 	Caryophyllaceae;Minuartia;
P003_WE12_00153 	Caryophyllaceae;Dianthus; 	Ranunculaceae;Ranunculus	Ranunculaceae;Ranunculus; 	Brassicaceae;Arabis; 	Ranunculaceae;Ranunculus; 	Ranunculaceae;Ranunculus;
P003_WF01_00203 	Onagraceae;Epilobium; 	Onagraceae;Epilobium	Rosaceae;Dryas; 	Rosaceae;Dryas; 	Cyperaceae;Carex; 	Rosaceae;Dryas;
P003_WF01_00269 	Onagraceae;Epilobium; 	Cyperaceae;Carex	Cyperaceae;Carex; 	Cyperaceae;Carex; 	Cyperaceae;Carex; 	Cyperaceae;Carex;
P003_WF01_00396 	Onagraceae;Epilobium; 	Orobanchaceae;Pedicularis	Onagraceae;Epilobium; 	Orobanchaceae;Pedicularis; 	Orobanchaceae;Pedicularis; 	Orobanchaceae;Pedicularis;
P003_WF02_00046 	Rosaceae;Dryas; 	Rosaceae;Dryas	Cyperaceae;Carex; 	Rosaceae;Dryas; 	Rosaceae;Dryas; 	Rosaceae;Rubus;
P003_WF03_00120 	Cyperaceae;Carex; 	Cyperaceae;Carex	Cyperaceae;Carex; 	Cyperaceae;Carex; 	Cyperaceae;Carex; 	Cyperaceae;Carex;
P003_WF04_00056 	Brassicaceae;Cardamine; 	Brassicaceae;Cardamine	Brassicaceae;Cardamine; 	Brassicaceae;Cardamine; 	Brassicaceae;Arabis; 	Brassicaceae;Arabis;
P003_WF06_00066 	Asteraceae;Solidago; 	Asteraceae;Solidago	Juncaceae;Luzula; 	Asteraceae;Aster; 	Asteraceae;Aster; 	Asteraceae;Erigeron;
P003_WF07_00033 	Caryophyllaceae;Silene; 	Caryophyllaceae;Silene	Caryophyllaceae;Silene; 	Caryophyllaceae;Silene; 	Caryophyllaceae;Silene; 	Caryophyllaceae;Viscaria;
P003_WF08_00028 	Salicaceae;Salix; 	Salicaceae;Salix	Salicaceae;Salix; 	Salicaceae;Salix; 	Salicaceae;Salix; 	Salicaceae;Salix;
P003_WF09_00049 	Gentianaceae;Gentiana; 	Gentianaceae;Gentiana	Gentianaceae;Gentiana; 	Gentianaceae;Gentiana; 	Gentianaceae;Gentiana; 	Gentianaceae;Gentiana;
P003_WF10_00084 	Caryophyllaceae;Minuartia; 	Caryophyllaceae;Colobanthus	Rosaceae;Spiraea; 	Caryophyllaceae;Minuartia; 	Caryophyllaceae;Sagina; 	Caryophyllaceae;Minuartia;
P003_WF11_00013 	Ranunculaceae;Ranunculus; 	Caryophyllaceae;Dianthus	Ranunculaceae;Ranunculus; 	Caryophyllaceae;Silene; 	Caryophyllaceae;Silene; 	Caryophyllaceae;Minuartia;
P003_WF11_00084 	Ranunculaceae;Ranunculus; 	Ranunculaceae;Ranunculus	Ranunculaceae;Ranunculus; 	Brassicaceae;Arabis; 	Ranunculaceae;Ranunculus; 	Ranunculaceae;Ranunculus;
P003_WF12_00042 	Poaceae;Festuca; 	Poaceae;Festuca	Poaceae;Festuca; 	Poaceae;Festuca; 	Poaceae;Festuca; 	Poaceae;Festuca;
P003_WG01_00084 	Ranunculaceae;Aconitum; 	Ranunculaceae;Aconitum	Cyperaceae;Carex; 	Ranunculaceae;Trollius; 	Ranunculaceae;Pulsatilla; 	Cyperaceae;Carex;
P003_WG02_00035 	Cyperaceae;Carex; 	Rosaceae;Dryas	Rosaceae;Dryas; 	Rosaceae;Dryas; 	Rosaceae;Dryas; 	Rosaceae;Rubus;
P003_WG02_00095 	Cyperaceae;Carex; 	Cyperaceae;Carex	Cyperaceae;Carex; 	Cyperaceae;Carex; 	Cyperaceae;Carex; 	Cyperaceae;Carex;
P003_WG02_00237 	Cyperaceae;Carex; 	Ranunculaceae;Aconitum	Cyperaceae;Carex; 	Ranunculaceae;Trollius; 	Ranunculaceae;Pulsatilla; 	Cyperaceae;Carex;
P003_WG03_00071 	Primulaceae;Soldanella; 	Primulaceae;Bryocarpum	Primulaceae;Soldanella; 	Primulaceae;Soldanella; 	Primulaceae;Primula; 	Primulaceae;Primula;
P003_WG04_00060 	Brassicaceae;Cardamine; 	Brassicaceae;Cardamine	Brassicaceae;Cardamine; 	Brassicaceae;Cardamine; 	Brassicaceae;Arabis; 	Brassicaceae;Draba;
P003_WG05_00030 	Asteraceae;Leucanthemopsis; 	Asteraceae;Artemisia	Asteraceae;Anthemis; 	Asteraceae;Artemisia; 	Asteraceae;Anthemis; 	Asteraceae;Leucanthemum;
P003_WG06_00071 	Lentibulariaceae;Pinguicula; 	Lentibulariaceae;Pinguicula	Lentibulariaceae;Pinguicula; 	Lentibulariaceae;Pinguicula; 	Lamiaceae;Betonica; 	Plantaginaceae;Pennellianthus;
P003_WG07_00036 	Orobanchaceae;Pedicularis; 	Orobanchaceae;Pedicularis	Orobanchaceae;Pedicularis; 	Orobanchaceae;Pedicularis; 	Orobanchaceae;Pedicularis; 	Onagraceae;Epilobium;
P003_WG08_00137 	Brassicaceae;Draba; 	Brassicaceae;Draba	Brassicaceae;Draba; 	Brassicaceae;Arabis; 	Brassicaceae;Arabis; 	Brassicaceae;Draba;
P003_WG08_00213 	Brassicaceae;Draba; 	Saxifragaceae;Micranthes	Saxifragaceae;Saxifraga; 	Saxifragaceae;Saxifraga; 	Saxifragaceae;Saxifraga; 	Saxifragaceae;Saxifraga;
P003_WG09_00101 	Poaceae;Sesleria; 	Poaceae;Sesleria	Poaceae;Hyalopoa; 	Poaceae;Phleum; 	Poaceae;Arctophila; 	Poaceae;Dupontia;
P003_WG10_00019 	Juncaceae;Juncus; 	Juncaceae;Juncus	Juncaceae;Juncus; 	Juncaceae;Juncus; 	Juncaceae;Luzula; 	Cyperaceae;Carex;
P003_WG11_00077 	Asteraceae;Cirsium; 	Cyperaceae;Carex	Cyperaceae;Carex; 	Cyperaceae;Carex; 	Cyperaceae;Carex; 	Cyperaceae;Carex;
P003_WG11_00255 	Asteraceae;Cirsium; 	Plantaginaceae;Veronica	Asteraceae;Cirsium; 	Plantaginaceae;Veronica; 	Plantaginaceae;Veronica; 	Fabaceae;Hedysarum;
P003_WG11_00322 	Asteraceae;Cirsium; 	Asteraceae;Saussurea	Asteraceae;Cirsium; 	Asteraceae;Saussurea; 	Asteraceae;Saussurea; 	Poaceae;Calamagrostis;
P003_WG12_00079 	Cyperaceae;Carex; 	Cyperaceae;Carex	Cyperaceae;Carex; 	Cyperaceae;Carex; 	Onagraceae;Epilobium; 	Cyperaceae;Carex;
P003_WH01_00019 	Orobanchaceae;Pedicularis; 	Orobanchaceae;Pedicularis	Orobanchaceae;Pedicularis; 	Rosaceae;Potentilla; 	Orobanchaceae;Pedicularis; 	Orobanchaceae;Pedicularis;
P003_WH02_00084 	Orobanchaceae;Bartsia; 	Orobanchaceae;Neobartsia	Orobanchaceae;Euphrasia; 	Brassicaceae;Arabis; 	Orobanchaceae;Euphrasia; 	Orobanchaceae;Euphrasia;
P003_WH03_00043 	Primulaceae;Primula; 	Primulaceae;Primula	Primulaceae;Primula; 	Primulaceae;Primula; 	Primulaceae;Soldanella; 	Primulaceae;Soldanella;
P003_WH05_00112 	Campanulaceae;Campanula; 	Campanulaceae;Campanula	Campanulaceae;Campanula; 	Campanulaceae;Campanula; 	Campanulaceae;Campanula; 	Campanulaceae;Campanula;
P003_WH06_00067 	Saxifragaceae;Saxifraga; 	Saxifragaceae;Micranthes	Saxifragaceae;Saxifraga; 	Saxifragaceae;Saxifraga; 	Saxifragaceae;Saxifraga; 	Saxifragaceae;Saxifraga;
P003_WH08_00029 	Papaveraceae;Papaver; 	Papaveraceae;Meconopsis	Asteraceae;Saussurea; 	Asteraceae;Saussurea; 	Plantaginaceae;Veronica; 	Asteraceae;Cirsium;
P003_WH09_00060 	Saxifragaceae;Saxifraga; 	Saxifragaceae;Saxifraga	Saxifragaceae;Saxifraga; 	Saxifragaceae;Saxifraga; 	Saxifragaceae;Saxifraga; 	Saxifragaceae;Saxifraga;
P003_WH10_00027 	Brassicaceae;Arabis; 	Brassicaceae;Arabis	Brassicaceae;Draba; 	Brassicaceae;Draba; 	Brassicaceae;Arabis; 	Brassicaceae;Draba;
P003_WH11_00140 	Asteraceae;Aster; 	Asteraceae;Aster	Asteraceae;Aster; 	Asteraceae;Aster; 	Asteraceae;Solidago; 	Asteraceae;Erigeron;
P003_WH12_00036 	Cyperaceae;Carex; 	Cyperaceae;Carex	Cyperaceae;Carex; 	Cyperaceae;Carex; 	Cyperaceae;Carex; 	Cyperaceae;Carex;
P004_WA02_00030 	Primulaceae;Primula; 	Primulaceae;Primula	Primulaceae;Primula; 	Primulaceae;Primula; 	Primulaceae;Soldanella; 	Primulaceae;Soldanella;
P004_WB01_00010 	Poaceae;Alopecurus; 	Poaceae;Alopecurus	Poaceae;Alopecurus; 	Poaceae;Alopecurus; 	Poaceae;Arctophila; 	Poaceae;Dupontia;
P004_WB02_00107 	Ericaceae;Pieris; 	Ericaceae;Vaccinium	Ericaceae;Vaccinium; 	Ericaceae;Andromeda; 	Ericaceae;Vaccinium; 	Ericaceae;Vaccinium;
P004_WC01_00118 	Poaceae;Hierochloe; 	Poaceae;Hierochloe	Poaceae;Hierochloe; 	Poaceae;Calamagrostis; 	Poaceae;Calamagrostis; 	Poaceae;Calamagrostis;
P004_WC02_00064 	Polygonaceae;Polygonum; 	Polygonaceae;Bistorta	Polygonaceae;Bistorta; 	Polygonaceae;Persicaria; 	Polygonaceae;Bistorta; 	Polygonaceae;Rumex;
P004_WD01_00093 	Poaceae;Festuca; 	Poaceae;Festuca	Poaceae;Festuca; 	Poaceae;Festuca; 	Poaceae;Festuca; 	Poaceae;Festuca;
P004_WD02_00046 	Asteraceae;Antennaria; 	Asteraceae;Gamochaeta	Asteraceae;Antennaria; 	Poaceae;Festuca; 	Asteraceae;Antennaria; 	Asteraceae;Gnaphalium;
P004_WG01_00012 	Rosaceae;Sieversia; 	Rosaceae;Fallugia	Rosaceae;Rubus; 	Rosaceae;Potentilla; 	Rosaceae;Potentilla; 	Rosaceae;Potentilla;
P004_WH01_00082 	Caryophyllaceae;Minuartia; 	Caryophyllaceae;Psammosilene	Caryophyllaceae;Minuartia; 	Caryophyllaceae;Minuartia; 	Caryophyllaceae;Minuartia; 	Caryophyllaceae;Minuartia;
P8807_501_00026 	Ericaceae;Andromeda; 	Ericaceae;Vaccinium	Ericaceae;Vaccinium; 	Ericaceae;Vaccinium; 	Ericaceae;Vaccinium; 	Ericaceae;Vaccinium;
P8807_503_00046 	Ericaceae;Pyrola; 	Ericaceae;Pyrola	Ericaceae;Pyrola; 	Ericaceae;Pyrola; 	Ericaceae;Pyrola; 	Ericaceae;Phyllodoce;
P8807_504_00014 	Salicaceae;Salix; 	Salicaceae;Salix	Salicaceae;Salix; 	Salicaceae;Salix; 	Salicaceae;Salix; 	Salicaceae;Salix;
P8807_505_00058 	Cyperaceae;Carex; 	Cyperaceae;Carex	Cyperaceae;Carex; 	Cyperaceae;Carex; 	Cyperaceae;Carex; 	Cyperaceae;Carex;
P8807_506_00093 	Poaceae;Festuca; 	Poaceae;Festuca	Poaceae;Festuca; 	Poaceae;Festuca; 	Poaceae;Festuca; 	Poaceae;Festuca;
P8807_507_00036 	Crassulaceae;Rhodiola; 	Crassulaceae;Rhodiola	Crassulaceae;Sempervivum; 	Crassulaceae;Sedum; 	Crassulaceae;Sedum; 	Crassulaceae;Sedum;
P8807_508_00071 	Asteraceae;Hieracium; 	Asteraceae;Cichorium	Asteraceae;Hieracium; 	Asteraceae;Hieracium; 	Asteraceae;Scorzonera; 	Asteraceae;Taraxacum;
P8807_509_00103 	Orobanchaceae;Pedicularis; 	Orobanchaceae;Pedicularis	Orobanchaceae;Pedicularis; 	Orobanchaceae;Pedicularis; 	Onagraceae;Epilobium; 	Orobanchaceae;Pedicularis;
P8807_510_00007 	Violaceae;Viola; 	Violaceae;Viola	Violaceae;Viola; 	Salicaceae;Salix; 	Salicaceae;Salix; 	Salicaceae;Salix;
P8807_511_00085 	Poaceae;Poa; 	Poaceae;Poa	Poaceae;Poa; 	Poaceae;Poa; 	Poaceae;Poa; 	Poaceae;Poa;
P8807_512_00073 	Cyperaceae;Carex; 	Cyperaceae;Carex	Cyperaceae;Carex; 	Cyperaceae;Carex; 	Cyperaceae;Carex; 	Cyperaceae;Carex;
P8807_513_00097 	Juncaceae;Luzula; 	Cyperaceae;Hypolytrum	Juncaceae;Luzula; 	Cyperaceae;Carex; 	Juncaceae;Luzula; 	Juncaceae;Luzula;
P8807_514_00017 	Ericaceae;Harrimanella; 	Ericaceae;Rhododendron	Ericaceae;Harrimanella; 	Ericaceae;Rhododendron; 	Ericaceae;Rhododendron; 	Ericaceae;Rhododendron;
P8807_515_00060 	Asteraceae;Saussurea; 	Asteraceae;Saussurea	Asteraceae;Saussurea; 	Plantaginaceae;Veronica; 	Asteraceae;Cirsium; 	Poaceae;Calamagrostis;
P8807_516_00078 	Caryophyllaceae;Cerastium; 	Caryophyllaceae;Pseudocerastium	Caryophyllaceae;Cerastium; 	Caryophyllaceae;Cerastium; 	Caryophyllaceae;Cerastium; 	Caryophyllaceae;Cerastium;
P8807_517_00033 	Ericaceae;Vaccinium; 	Ericaceae;Vaccinium	Ericaceae;Vaccinium; 	Ericaceae;Vaccinium; 	Ericaceae;Vaccinium; 	Ericaceae;Vaccinium;
P8807_518_00097 	Cyperaceae;Carex; 	Cyperaceae;Carex	Cyperaceae;Carex; 	Cyperaceae;Carex; 	Cyperaceae;Carex; 	Cyperaceae;Carex;
P8807_519_00029 	Salicaceae;Salix; 	Salicaceae;Salix	Salicaceae;Salix; 	Salicaceae;Salix; 	Salicaceae;Salix; 	Salicaceae;Salix;
P8807_520_00084 	Juncaceae;Juncus; 	Juncaceae;Juncus	Juncaceae;Juncus; 	Cyperaceae;Eriophorum; 	Cyperaceae;Eriophorum; 	Cyperaceae;Eriophorum;
P8807_521_00150 	Ericaceae;Vaccinium; 	Ericaceae;Vaccinium	Ericaceae;Vaccinium; 	Ericaceae;Vaccinium; 	Ericaceae;Vaccinium; 	Ericaceae;Vaccinium;
P8807_522_00012 	Rosaceae;Dryas; 	Rosaceae;Dryas	Rosaceae;Dryas; 	Rosaceae;Dryas; 	Cyperaceae;Carex; 	Rosaceae;Rubus;
P8807_523_00089 	Salicaceae;Salix; 	Salicaceae;Salix	Salicaceae;Salix; 	Salicaceae;Salix; 	Salicaceae;Salix; 	Salicaceae;Salix;
P8807_524_00084 	Orobanchaceae;Pedicularis; 	Orobanchaceae;Pedicularis	Orobanchaceae;Pedicularis; 	Orobanchaceae;Pedicularis; 	Orobanchaceae;Pedicularis; 	Onagraceae;Epilobium;
P8807_525_00065 	Rosaceae;Rubus; 	Rosaceae;Rubus	Rosaceae;Potentilla; 	Rosaceae;Potentilla; 	Orobanchaceae;Pedicularis; 	Rosaceae;Potentilla;
P8807_526_00003 	Equisetaceae;Equisetum; 	Equisetaceae;Equisetum	Equisetaceae;Equisetum; 	Equisetaceae;Equisetum; 	Equisetaceae;Equisetum; 	Equisetaceae;Equisetum;
P8807_527_00105 	Fabaceae;Astragalus; 	Fabaceae;Astragalus	Fabaceae;Astragalus; 	Fabaceae;Oxytropis; 	Fabaceae;Oxytropis; 	Fabaceae;Oxytropis;
P8807_528_00049 	Diapensiaceae;Diapensia; 	Diapensiaceae;Diapensia	Asteraceae;Saussurea; 	Asteraceae;Centaurea; 	Poaceae;Calamagrostis; 	Asteraceae;Saussurea;
P8807_530_00048 	Cyperaceae;Carex; 	Cyperaceae;Carex	Cyperaceae;Carex; 	Cyperaceae;Carex; 	Cyperaceae;Carex; 	Cyperaceae;Carex;
WA01_00012 	Rosaceae;Potentilla; 	Rosaceae;Potentilla	Rosaceae;Potentilla; 	Rosaceae;Potentilla; 	Rosaceae;Potentilla; 	Orobanchaceae;Pedicularis;
WA02_00034 	Salicaceae;Salix; 	Salicaceae;Salix	Salicaceae;Salix; 	Salicaceae;Salix; 	Salicaceae;Salix; 	Salicaceae;Salix;
WA03_00005 	Poaceae;Calamagrostis; 	Poaceae;Calamagrostis	Poaceae;Calamagrostis; 	Poaceae;Calamagrostis; 	Poaceae;Calamagrostis; 	Poaceae;Calamagrostis;
WA04_00054 	Ericaceae;Pyrola; 	Ericaceae;Pyrola	Ericaceae;Pyrola; 	Ericaceae;Pyrola; 	Ericaceae;Pyrola; 	Ericaceae;Phyllodoce;
WA05_00036 	Lentibulariaceae;Pinguicula; 	Lentibulariaceae;Pinguicula	Lentibulariaceae;Pinguicula; 	Lentibulariaceae;Pinguicula; 	Lamiaceae;Betonica; 	Plantaginaceae;Pennellianthus;
WA06_00037 	Caryophyllaceae;Cerastium; 	Caryophyllaceae;Pseudocerastium	Caryophyllaceae;Cerastium; 	Caryophyllaceae;Cerastium; 	Caryophyllaceae;Cerastium; 	Caryophyllaceae;Cerastium;
WA07_00062 	Saxifragaceae;Saxifraga; 	Saxifragaceae;Saxifraga	Saxifragaceae;Saxifraga; 	Saxifragaceae;Saxifraga; 	Saxifragaceae;Saxifraga; 	Saxifragaceae;Saxifraga;
WA08_00036 	Ericaceae;Phyllodoce; 	Ericaceae;Rhododendron	Ericaceae;Empetrum; 	Ericaceae;Rhododendron; 	Ericaceae;Rhododendron; 	Ericaceae;Rhododendron;
WA09_00137 	Ericaceae;Empetrum; 	Ericaceae;Rhododendron	Ericaceae;Empetrum; 	Ericaceae;Rhododendron; 	Ericaceae;Rhododendron; 	Ericaceae;Rhododendron;
WA11_00133 	Cyperaceae;Carex; 	Cyperaceae;Carex	Cyperaceae;Carex; 	Cyperaceae;Carex; 	Onagraceae;Epilobium; 	Cyperaceae;Carex;
WA12_00105 	Polygonaceae;Oxyria; 	Polygonaceae;Rheum	Polygonaceae;Rumex; 	Polygonaceae;Rumex; 	Polygonaceae;Rumex; 	Polygonaceae;Bistorta;
WB01_00084 	Cyperaceae;Carex; 	Cyperaceae;Carex	Cyperaceae;Carex; 	Cyperaceae;Carex; 	Cyperaceae;Carex; 	Cyperaceae;Carex;
WB02_00034 	Geraniaceae;Geranium; 	Geraniaceae;Geranium	Geraniaceae;Geranium; 	Ericaceae;Arctous; 	Asteraceae;Aster; 	Primulaceae;Primula;
WB03_00080 	Campanulaceae;Campanula; 	Campanulaceae;Campanula	Campanulaceae;Campanula; 	Campanulaceae;Campanula; 	Campanulaceae;Campanula; 	Campanulaceae;Campanula;
WB04_00028 	Equisetaceae;Equisetum; 	Equisetaceae;Equisetum	Equisetaceae;Equisetum; 	Equisetaceae;Equisetum; 	Equisetaceae;Equisetum; 	Equisetaceae;Equisetum;
WB05_00004 	Asteraceae;Petasites; 	Asteraceae;Petasites	Asteraceae;Senecio; 	Asteraceae;Solidago; 	Asteraceae;Saussurea; 	Asteraceae;Saussurea;
WB06_00097 	Poaceae;Poa; 	Poaceae;Poa	Poaceae;Poa; 	Poaceae;Arctophila; 	Poaceae;Dupontia; 	Poaceae;Poa;
WB07_00046 	Polygonaceae;Rumex; 	Polygonaceae;Rumex	Polygonaceae;Rumex; 	Polygonaceae;Rumex; 	Polygonaceae;Oxyria; 	Polygonaceae;Bistorta;
WB08_00047 	Primulaceae;Trientalis; 	Primulaceae;Lysimachia	Primulaceae;Primula; 	Primulaceae;Primula; 	Primulaceae;Primula; 	Primulaceae;Soldanella;
WB09_00096 	Saxifragaceae;Saxifraga; 	Saxifragaceae;Micranthes	Saxifragaceae;Saxifraga; 	Saxifragaceae;Saxifraga; 	Saxifragaceae;Saxifraga; 	Saxifragaceae;Saxifraga;
WB10_00047 	Rosaceae;Sibbaldia; 	Rosaceae;Sibbaldia	Rosaceae;Potentilla; 	Rosaceae;Potentilla; 	Orobanchaceae;Pedicularis; 	Rosaceae;Potentilla;
WB11_00030 	Asteraceae;Hieracium; 	Asteraceae;Cichorium	Asteraceae;Hieracium; 	Asteraceae;Hieracium; 	Asteraceae;Scorzonera; 	Asteraceae;Taraxacum;
WB12_00087 	Asteraceae;Taraxacum; 	Asteraceae;Taraxacum	Asteraceae;Taraxacum; 	Cyperaceae;Carex; 	Asteraceae;Taraxacum; 	Asteraceae;Taraxacum;
WC01_00093 	Cyperaceae;Carex; 	Cyperaceae;Carex	Cyperaceae;Carex; 	Cyperaceae;Carex; 	Cyperaceae;Carex; 	Cyperaceae;Carex;
WC02_00018 	Ericaceae;Arctous; 	Ericaceae;Arbutus	Ericaceae;Rhododendron; 	Ericaceae;Rhododendron; 	Ericaceae;Rhododendron; 	Ericaceae;Rhododendron;
WC03_00146 	Ericaceae;Pyrola; 	Ericaceae;Pyrola	Ericaceae;Pyrola; 	Ericaceae;Pyrola; 	Ericaceae;Pyrola; 	Ericaceae;Phyllodoce;
WC04_00020 	Poaceae;Agrostis; 	Poaceae;Agrostis	Poaceae;Deschampsia; 	Poaceae;Agrostis; 	Poaceae;Calamagrostis; 	Poaceae;Calamagrostis;
WC05_00048 	Cyperaceae;Carex; 	Cyperaceae;Carex	Cyperaceae;Carex; 	Cyperaceae;Carex; 	Cyperaceae;Carex; 	Cyperaceae;Carex;
WC06_00128 	Ericaceae;Vaccinium; 	Ericaceae;Vaccinium	Ericaceae;Vaccinium; 	Ericaceae;Vaccinium; 	Ericaceae;Vaccinium; 	Ericaceae;Vaccinium;
