P001_WA01_00042 	Saxifragaceae;Saxifraga	Poaceae;Elymus	Poaceae;Poa	Poaceae;Calamagrostis	Poaceae;Poa	Poaceae;Agrostis
P001_WA01_00086 	Saxifragaceae;Saxifraga	Poaceae;Elymus	Poaceae;Poa	Poaceae;Calamagrostis	Poaceae;Poa	Poaceae;Agrostis
P001_WA01_00088 	Saxifragaceae;Saxifraga	Poaceae;Poa	Poaceae;Poa	Poaceae;Poa	Poaceae;Poa	Poaceae;Poa
P001_WA02_00080 	Orobanchaceae;Euphrasia	Orobanchaceae;Euphrasia	Brassicaceae;Arabis	Orobanchaceae;Euphrasia	Orobanchaceae;Euphrasia	Orobanchaceae;Bartsia
P001_WA04_00001 	Salicaceae;Salix	Salicaceae;Salix	Salicaceae;Salix	Salicaceae;Salix	Salicaceae;Salix	Salicaceae;Salix
P001_WA05_00107 	Poaceae;Festuca	Poaceae;Festuca	Orobanchaceae;Euphrasia	Poaceae;Festuca	Poaceae;Festuca	Poaceae;Festuca
P001_WA06_00061 	Cyperaceae;Carex	Cyperaceae;Carex	Cyperaceae;Carex	Cyperaceae;Carex	Cyperaceae;Carex	Cyperaceae;Carex
P001_WA07_00080 	Asteraceae;Omalotheca	Asteraceae;Pseudognaphalium	Asteraceae;Antennaria	Asteraceae;Antennaria	Poaceae;Festuca	Asteraceae;Antennaria
P001_WA09_00018 	Ophioglossaceae;Botrychium	Ophioglossaceae;Botrychium	Lycopodiaceae;Diphasiastrum	Lycopodiaceae;Huperzia	Polygonaceae;Bistorta	Rosaceae;Dryas
P001_WA10_00103 	Rubiaceae;Cruciata	Rubiaceae;Galium	Rubiaceae;Galium	Rubiaceae;Galium	Apiaceae;Chaerophyllum	Apiaceae;Ligusticum
P001_WA11_00081 	Campanulaceae;Campanula	Campanulaceae;Campanula	Campanulaceae;Campanula	Campanulaceae;Campanula	Campanulaceae;Campanula	Campanulaceae;Campanula
P001_WA12_00115 	Asteraceae;Matricaria	Asteraceae;Tanacetum	Asteraceae;Anthemis	Asteraceae;Anthemis	Asteraceae;Leucanthemum	Asteraceae;Leucanthemopsis
P001_WB01_00063 	Brassicaceae;Arabis	Salicaceae;Salix	Salicaceae;Salix	Salicaceae;Salix	Salicaceae;Salix	Salicaceae;Salix
P001_WB01_00228 	Brassicaceae;Arabis	Orobanchaceae;Euphrasia	Brassicaceae;Arabis	Orobanchaceae;Euphrasia	Orobanchaceae;Euphrasia	Orobanchaceae;Bartsia
P001_WB01_00323 	Brassicaceae;Arabis	Poaceae;Avenella	Poaceae;Deschampsia	Poaceae;Avenella	Poaceae;Festuca	Cyperaceae;Carex
P001_WB01_00360 	Brassicaceae;Arabis	Ranunculaceae;Ranunculus	Ranunculaceae;Ranunculus	Caryophyllaceae;Dianthus	Ranunculaceae;Ranunculus	Ranunculaceae;Ranunculus
P001_WB01_00486 	Brassicaceae;Arabis	Brassicaceae;Arabis	Brassicaceae;Cardamine	Brassicaceae;Cardamine	Brassicaceae;Draba	Brassicaceae;Arabis
P001_WB02_00139 	Salicaceae;Salix	Salicaceae;Salix	Salicaceae;Salix	Salicaceae;Salix	Salicaceae;Salix	Salicaceae;Salix
P001_WB03_00057 	Cyperaceae;Eriophorum	Cyperaceae;Scirpus	Cyperaceae;Eriophorum	Cyperaceae;Eriophorum	Cyperaceae;Eriophorum	Cyperaceae;Eriophorum
P001_WB03_00062 	Cyperaceae;Eriophorum	Cyperaceae;Scirpus	Cyperaceae;Eriophorum	Selaginellaceae;Selaginella	Cyperaceae;Eriophorum	Cyperaceae;Eriophorum
P001_WB03_00100 	Cyperaceae;Eriophorum	Cyperaceae;Scirpus	Cyperaceae;Eriophorum	Cyperaceae;Eriophorum	Cyperaceae;Eriophorum	Cyperaceae;Eriophorum
P001_WB04_00081 	Cupressaceae;Juniperus	Betulaceae;Betula	Betulaceae;Betula	Rosaceae;Dryas	Cyperaceae;Carex	Rosaceae;Dryas
P001_WB05_00001 	Poaceae;Anthoxanthum	Poaceae;Anthoxanthum	Poaceae;Hierochloe	Poaceae;Calamagrostis	Poaceae;Hierochloe	Poaceae;Calamagrostis
P001_WB07_00111 	Fabaceae;Oxytropis	Fabaceae;Oxytropis	Fabaceae;Oxytropis	Fabaceae;Astragalus	Fabaceae;Oxytropis	Fabaceae;Astragalus
P001_WB08_00124 	Poaceae;Bromus	Poaceae;Australopyrum	Poaceae;Festuca	Poaceae;Festuca	Cyperaceae;Carex	Poaceae;Festuca
P001_WB09_00024 	Asteraceae;Leontodon	Asteraceae;Taraxacum	Asteraceae;Leontodon	Cyperaceae;Carex	Asteraceae;Taraxacum	Asteraceae;Taraxacum
P001_WB10_00028 	Poaceae;Nardus	Poaceae;Nardus	Poaceae;Festuca	Poaceae;Helictotrichon	Poaceae;Festuca	Cyperaceae;Carex
P001_WB11_00029 	Campanulaceae;Campanula	Campanulaceae;Campanula	Campanulaceae;Campanula	Campanulaceae;Campanula	Campanulaceae;Campanula	Campanulaceae;Campanula
P001_WB12_00043 	Asteraceae;Gnaphalium	Asteraceae;Pseudognaphalium	Asteraceae;Antennaria	Asteraceae;Antennaria	Poaceae;Festuca	Asteraceae;Antennaria
P001_WB12_00151 	Asteraceae;Gnaphalium	Cyperaceae;Carex	Cyperaceae;Carex	Cyperaceae;Carex	Cyperaceae;Carex	Crassulaceae;Sedum
P001_WC02_00004 	Poaceae;Deschampsia	Poaceae;Avenella	Poaceae;Deschampsia	Poaceae;Avenella	Poaceae;Festuca	Cyperaceae;Carex
P001_WC03_00026 	Asteraceae;Erigeron	Asteraceae;Erigeron	Asteraceae;Erigeron	Asteraceae;Erigeron	Asteraceae;Aster	Asteraceae;Aster
P001_WC07_00123 	Asteraceae;Leontodon	Asteraceae;Taraxacum	Asteraceae;Taraxacum	Cyperaceae;Carex	Asteraceae;Taraxacum	Asteraceae;Taraxacum
P001_WC08_00090 	Apiaceae;Bupleurum	Apiaceae;Bupleurum	Apiaceae;Bupleurum	Apiaceae;Carum	Apiaceae;Carum	Apiaceae;Ligusticum
P001_WC09_00085 	Lamiaceae;Betonica	Lamiaceae;Eriophyton	Orobanchaceae;Pedicularis	Rosaceae;Potentilla	Orobanchaceae;Pedicularis	Orobanchaceae;Bartsia
P001_WC10_00106 	Apiaceae;Carum	Apiaceae;Ledebouriella	Apiaceae;Carum	Apiaceae;Ligusticum	Apiaceae;Seseli	Apiaceae;Peucedanum
P001_WC11_00119 	Polygonaceae;Rumex	Polygonaceae;Rumex	Polygonaceae;Rumex	Polygonaceae;Rumex	Polygonaceae;Bistorta	Cyperaceae;Carex
P001_WC12_00107 	Cyperaceae;Carex	Cyperaceae;Scirpus	Crassulaceae;Sedum	Asteraceae;Gnaphalium	Equisetaceae;Equisetum	Selaginellaceae;Selaginella
P001_WC12_00116 	Cyperaceae;Carex	Cyperaceae;Carex	Crassulaceae;Sedum	Cyperaceae;Carex	Selaginellaceae;Selaginella	Cyperaceae;Eriophorum
P001_WD01_00043 	Poaceae;Poa	Poaceae;Poa	Poaceae;Poa	Poaceae;Poa	Poaceae;Phleum	Cyperaceae;Carex
P001_WD02_00020 	Saxifragaceae;Saxifraga	Saxifragaceae;Micranthes	Saxifragaceae;Saxifraga	Brassicaceae;Draba	Saxifragaceae;Saxifraga	Saxifragaceae;Saxifraga
P001_WD03_00046 	Poaceae;Calamagrostis	Poaceae;Calamagrostis	Poaceae;Hierochloe	Poaceae;Calamagrostis	Poaceae;Hierochloe	Poaceae;Calamagrostis
P001_WD04_00073 	Ericaceae;Cassiope	Ericaceae;Rhododendron	Ericaceae;Harrimanella	Ericaceae;Harrimanella	Ericaceae;Rhododendron	Ericaceae;Rhododendron
P001_WD05_00120 	Poaceae;Avenella	Poaceae;Avenella	Poaceae;Deschampsia	Poaceae;Avenella	Poaceae;Festuca	Cyperaceae;Carex
P001_WD06_00062 	Campanulaceae;Campanula	Campanulaceae;Campanula	Campanulaceae;Campanula	Campanulaceae;Campanula	Campanulaceae;Campanula	Campanulaceae;Campanula
P001_WD08_00022 	Caryophyllaceae;Cerastium	Boraginaceae;Borago	Boraginaceae;Myosotis	Polygonaceae;Rumex	Polygonaceae;Rumex	Apiaceae;Ligusticum
P001_WD09_00001 	Gentianaceae;Gentiana	Gentianaceae;Gentiana	Gentianaceae;Gentiana	Gentianaceae;Gentiana	Rosaceae;Spiraea	Poaceae;Calamagrostis
P001_WD10_00001 	Boraginaceae;Myosotis	Boraginaceae;Borago	Boraginaceae;Myosotis	Polygonaceae;Rumex	Polygonaceae;Rumex	Apiaceae;Ligusticum
P001_WD11_00139 	Crassulaceae;Sedum	Asteraceae;Taraxacum	Asteraceae;Taraxacum	Cyperaceae;Carex	Asteraceae;Taraxacum	Asteraceae;Taraxacum
P001_WD11_00172 	Crassulaceae;Sedum	Cyperaceae;Carex	Crassulaceae;Sedum	Cyperaceae;Carex	Selaginellaceae;Selaginella	Cyperaceae;Eriophorum
P001_WD11_00218 	Crassulaceae;Sedum	Cyperaceae;Scirpus	Crassulaceae;Sedum	Asteraceae;Gnaphalium	Equisetaceae;Equisetum	Selaginellaceae;Selaginella
P001_WD11_00292 	Crassulaceae;Sedum	Crassulaceae;Sempervivum	Crassulaceae;Sempervivum	Crassulaceae;Sedum	Crassulaceae;Rhodiola	Polygonaceae;Rumex
P001_WD12_00093 	Asteraceae;Taraxacum	Asteraceae;Taraxacum	Asteraceae;Taraxacum	Cyperaceae;Carex	Asteraceae;Taraxacum	Asteraceae;Taraxacum
P001_WE01_00023 	Caryophyllaceae;Minuartia	Caryophyllaceae;Silene	Caryophyllaceae;Minuartia	Caryophyllaceae;Minuartia	Caryophyllaceae;Viscaria	Caryophyllaceae;Silene
P001_WE03_00103 	Ranunculaceae;Ranunculus	Ranunculaceae;Ranunculus	Brassicaceae;Arabis	Ranunculaceae;Ranunculus	Caryophyllaceae;Dianthus	Ranunculaceae;Ranunculus
P001_WE04_00116 	Tofieldiaceae;Tofieldia	Cyperaceae;Carex	Cyperaceae;Carex	Onagraceae;Epilobium	Cyperaceae;Carex	Cyperaceae;Carex
P001_WE04_00146 	Tofieldiaceae;Tofieldia	Cyperaceae;Carex	Cyperaceae;Carex	Cyperaceae;Carex	Cyperaceae;Carex	Crassulaceae;Sedum
P001_WE04_00277 	Tofieldiaceae;Tofieldia	Tofieldiaceae;Tofieldia	Orchidaceae;Coeloglossum	Liliaceae;Fritillaria	Brassicaceae;Draba	Papaveraceae;Papaver
P001_WE05_00083 	Ericaceae;Kalmia	Ericaceae;Rhododendron	Ericaceae;Pieris	Ericaceae;Rhododendron	Ericaceae;Rhododendron	Ericaceae;Rhododendron
P001_WE06_00001 	Poaceae;Phleum	Poaceae;Milium	Poaceae;Festuca	Cyperaceae;Carex	Poaceae;Poa	Poaceae;Poa
P001_WE07_00044 	Juncaceae;Luzula	Cyperaceae;Scleria	Juncaceae;Luzula	Juncaceae;Luzula	Asteraceae;Aster	Juncaceae;Luzula
P001_WE08_00059 	Caprifoliaceae;Scabiosa	Caprifoliaceae;Dipsacus	Caprifoliaceae;Patrinia	Apiaceae;Carum	Apiaceae;Carum	Apiaceae;Ligusticum
P001_WE10_00118 	Asteraceae;Taraxacum	Asteraceae;Taraxacum	Asteraceae;Taraxacum	Cyperaceae;Carex	Asteraceae;Taraxacum	Asteraceae;Taraxacum
P001_WE11_00023 	Poaceae;Festuca	Poaceae;Festuca	Orobanchaceae;Euphrasia	Poaceae;Festuca	Poaceae;Festuca	Poaceae;Festuca
P001_WE12_00114 	Cyperaceae;Carex	Poaceae;Festuca	Orobanchaceae;Euphrasia	Poaceae;Festuca	Poaceae;Festuca	Poaceae;Festuca
P001_WE12_00159 	Cyperaceae;Carex	Cyperaceae;Carex	Selaginellaceae;Selaginella	Cyperaceae;Carex	Cyperaceae;Carex	Cyperaceae;Carex
P001_WE12_00297 	Cyperaceae;Carex	Asteraceae;Taraxacum	Asteraceae;Taraxacum	Cyperaceae;Carex	Asteraceae;Taraxacum	Asteraceae;Taraxacum
P001_WF01_00124 	Equisetaceae;Equisetum	Equisetaceae;Equisetum	Equisetaceae;Equisetum	Equisetaceae;Equisetum	Equisetaceae;Equisetum	Equisetaceae;Equisetum
P001_WF01_00169 	Equisetaceae;Equisetum	Cyperaceae;Carex	Cyperaceae;Carex	Cyperaceae;Carex	Cyperaceae;Carex	Cyperaceae;Carex
P001_WF01_00202 	Equisetaceae;Equisetum	Celastraceae;Parnassia	Selaginellaceae;Selaginella	Celastraceae;Parnassia	Ranunculaceae;Ranunculus	Rosaceae;Dryas
P001_WF02_00012 	Cyperaceae;Carex	Cyperaceae;Carex	Cyperaceae;Carex	Equisetaceae;Equisetum	Cyperaceae;Carex	Cyperaceae;Carex
P001_WF02_00094 	Cyperaceae;Carex	Cyperaceae;Carex	Cyperaceae;Carex	Cyperaceae;Carex	Cyperaceae;Carex	Cyperaceae;Carex
P001_WF04_00117 	Caryophyllaceae;Silene	Caryophyllaceae;Silene	Caryophyllaceae;Viscaria	Caryophyllaceae;Silene	Caryophyllaceae;Arenaria	Caryophyllaceae;Minuartia
P001_WF05_00014 	Asteraceae;Antennaria	Asteraceae;Pseudognaphalium	Asteraceae;Antennaria	Asteraceae;Antennaria	Poaceae;Festuca	Asteraceae;Antennaria
P001_WF06_00124 	Orobanchaceae;Euphrasia	Orobanchaceae;Euphrasia	Brassicaceae;Arabis	Orobanchaceae;Euphrasia	Orobanchaceae;Euphrasia	Orobanchaceae;Bartsia
P001_WF06_00135 	Orobanchaceae;Euphrasia	Poaceae;Festuca	Orobanchaceae;Euphrasia	Poaceae;Festuca	Poaceae;Festuca	Poaceae;Festuca
P001_WF07_00025 	Poaceae;Festuca	Poaceae;Festuca	Poaceae;Festuca	Poaceae;Festuca	Poaceae;Festuca	Poaceae;Festuca
P001_WF07_00026 	Poaceae;Festuca	Poaceae;Elymus	Poaceae;Poa	Poaceae;Calamagrostis	Poaceae;Poa	Poaceae;Agrostis
P001_WF07_00110 	Poaceae;Festuca	Poaceae;Elymus	Poaceae;Poa	Poaceae;Calamagrostis	Poaceae;Poa	Poaceae;Agrostis
P001_WF08_00014 	Orchidaceae;Coeloglossum	Orchidaceae;Habenaria	Tofieldiaceae;Tofieldia	Liliaceae;Fritillaria	Brassicaceae;Draba	Papaveraceae;Papaver
P001_WF10_00037 	Fabaceae;Anthyllis	Fabaceae;Securigera	Fabaceae;Trifolium	Fabaceae;Hedysarum	Fabaceae;Oxytropis	Fabaceae;Astragalus
P001_WF11_00080 	Apiaceae;Seseli	Apiaceae;Ledebouriella	Apiaceae;Carum	Apiaceae;Carum	Apiaceae;Ligusticum	Apiaceae;Peucedanum
P001_WF12_00037 	Geraniaceae;Geranium	Geraniaceae;Geranium	Geraniaceae;Geranium	Saxifragaceae;Saxifraga	Apiaceae;Tilingia	Fabaceae;Oxytropis
P001_WG01_00116 	Ranunculaceae;Thalictrum	Ranunculaceae;Dichocarpum	Cyperaceae;Carex	Ranunculaceae;Trollius	Selaginellaceae;Selaginella	Ranunculaceae;Anemone
P001_WG02_00051 	Cyperaceae;Carex	Cyperaceae;Carex	Selaginellaceae;Selaginella	Cyperaceae;Carex	Cyperaceae;Carex	Cyperaceae;Carex
P001_WG02_00175 	Cyperaceae;Carex	Cyperaceae;Carex	Cyperaceae;Carex	Equisetaceae;Equisetum	Cyperaceae;Carex	Cyperaceae;Carex
P001_WG02_00241 	Cyperaceae;Carex	Ranunculaceae;Dichocarpum	Cyperaceae;Carex	Ranunculaceae;Trollius	Selaginellaceae;Selaginella	Ranunculaceae;Anemone
P001_WG03_00327 	Selaginellaceae;Selaginella	Cyperaceae;Carex	Cyperaceae;Carex	Cyperaceae;Carex	Cyperaceae;Carex	Cyperaceae;Carex
P001_WG03_00422 	Selaginellaceae;Selaginella	Celastraceae;Parnassia	Selaginellaceae;Selaginella	Celastraceae;Parnassia	Ranunculaceae;Ranunculus	Rosaceae;Dryas
P001_WG03_00483 	Selaginellaceae;Selaginella	Ranunculaceae;Trollius	Ranunculaceae;Trollius	Ranunculaceae;Thalictrum	Cyperaceae;Carex	Ranunculaceae;Anemone
P001_WG03_00492 	Selaginellaceae;Selaginella	Cyperaceae;Scirpus	Cyperaceae;Eriophorum	Cyperaceae;Carex	Crassulaceae;Sedum	Cyperaceae;Carex
P001_WG04_00040 	Cyperaceae;Carex	Cyperaceae;Carex	Cyperaceae;Carex	Cyperaceae;Carex	Crassulaceae;Sedum	Selaginellaceae;Selaginella
P001_WG04_00088 	Cyperaceae;Carex	Cyperaceae;Carex	Cyperaceae;Carex	Cyperaceae;Carex	Cyperaceae;Carex	Onagraceae;Epilobium
P001_WG05_00050 	Caryophyllaceae;Viscaria	Caryophyllaceae;Silene	Caryophyllaceae;Silene	Caryophyllaceae;Silene	Caryophyllaceae;Minuartia	Caryophyllaceae;Minuartia
P001_WG06_00035 	Saxifragaceae;Saxifraga	Saxifragaceae;Saxifraga	Saxifragaceae;Saxifraga	Saxifragaceae;Saxifraga	Salicaceae;Salix	Saxifragaceae;Saxifraga
P001_WG07_00124 	Gentianaceae;Gentianella	Gentianaceae;Swertia	Gentianaceae;Gentiana	Gentianaceae;Gentiana	Gentianaceae;Gentiana	Rosaceae;Spiraea
P001_WG08_00026 	Asteraceae;Anthemis	Asteraceae;Tanacetum	Asteraceae;Anthemis	Asteraceae;Anthemis	Asteraceae;Leucanthemum	Asteraceae;Leucanthemopsis
P001_WG10_00038 	Asteraceae;Taraxacum	Asteraceae;Taraxacum	Asteraceae;Taraxacum	Cyperaceae;Carex	Asteraceae;Taraxacum	Asteraceae;Taraxacum
P001_WG11_00036 	Liliaceae;Gagea	Liliaceae;Gagea	Liliaceae;Fritillaria	Orchidaceae;Coeloglossum	Tofieldiaceae;Tofieldia	Papaveraceae;Papaver
P001_WG12_00014 	Poaceae;Catabrosella	Poaceae;Elymus	Poaceae;Poa	Poaceae;Calamagrostis	Poaceae;Poa	Poaceae;Agrostis
P001_WG12_00083 	Poaceae;Catabrosella	Poaceae;Elymus	Poaceae;Poa	Poaceae;Calamagrostis	Poaceae;Poa	Poaceae;Agrostis
P001_WH01_00115 	Celastraceae;Parnassia	Celastraceae;Parnassia	Selaginellaceae;Selaginella	Celastraceae;Parnassia	Ranunculaceae;Ranunculus	Rosaceae;Dryas
P001_WH02_00105 	Salicaceae;Salix	Salicaceae;Salix	Salicaceae;Salix	Salicaceae;Salix	Salicaceae;Salix	Salicaceae;Salix
P001_WH03_00051 	Cyperaceae;Eriophorum	Cyperaceae;Scirpus	Cyperaceae;Eriophorum	Cyperaceae;Eriophorum	Cyperaceae;Eriophorum	Cyperaceae;Eriophorum
P001_WH04_00071 	Saxifragaceae;Saxifraga	Saxifragaceae;Saxifraga	Saxifragaceae;Saxifraga	Salicaceae;Salix	Saxifragaceae;Saxifraga	Saxifragaceae;Saxifraga
P001_WH05_00001 	Plantaginaceae;Veronica	Plantaginaceae;Veronica	Plantaginaceae;Veronica	Plantaginaceae;Veronica	Asteraceae;Cirsium	Fabaceae;Hedysarum
P001_WH06_00131 	Poaceae;Trisetum	Poaceae;Koeleria	Poaceae;Festuca	Poaceae;Festuca	Cyperaceae;Carex	Poaceae;Festuca
P001_WH07_00040 	Asteraceae;Scorzonera	Asteraceae;Tragopogon	Asteraceae;Leontodon	Asteraceae;Hieracium	Asteraceae;Hieracium	Asteraceae;Hieracium
P001_WH08_00001 	Asteraceae;Anthemis	Asteraceae;Tanacetum	Asteraceae;Anthemis	Asteraceae;Anthemis	Asteraceae;Leucanthemum	Asteraceae;Leucanthemopsis
P001_WH09_00074 	Primulaceae;Primula	Primulaceae;Primula	Primulaceae;Primula	Primulaceae;Primula	Primulaceae;Primula	Primulaceae;Primula
P001_WH10_00042 	Hypericaceae;Hypericum	Hypericaceae;Hypericum	Asteraceae;Antennaria	Asteraceae;Antennaria	Poaceae;Festuca	Asteraceae;Antennaria
P001_WH11_00001 	Asteraceae;Erigeron	Asteraceae;Erigeron	Asteraceae;Erigeron	Asteraceae;Erigeron	Asteraceae;Aster	Asteraceae;Aster
P001_WH12_00113 	Asteraceae;Hieracium	Asteraceae;Cichorium	Asteraceae;Hieracium	Asteraceae;Hieracium	Asteraceae;Taraxacum	Asteraceae;Taraxacum
P002_WA01_00022 	Poaceae;Hyalopoa	Poaceae;Australopyrum	Poaceae;Hyalopoa	Poaceae;Festuca	Poaceae;Festuca	Cyperaceae;Carex
P002_WA02_00102 	Fabaceae;Trifolium	Fabaceae;Trifolium	Fabaceae;Trifolium	Fabaceae;Hedysarum	Fabaceae;Hedysarum	Fabaceae;Astragalus
P002_WA03_00118 	Poaceae;Festuca	Poaceae;Deschampsia	Poaceae;Festuca	Cyperaceae;Carex	Poaceae;Hierochloe	Poaceae;Festuca
P002_WA04_00104 	Apiaceae;Carum	Apiaceae;Ledebouriella	Apiaceae;Carum	Apiaceae;Ligusticum	Apiaceae;Seseli	Apiaceae;Peucedanum
P002_WA05_00010 	Gentianaceae;Gentiana	Gentianaceae;Gentiana	Gentianaceae;Gentiana	Gentianaceae;Gentiana	Asteraceae;Centaurea	Poaceae;Calamagrostis
P002_WA06_00019 	Apiaceae;Peucedanum	Apiaceae;Glehnia	Apiaceae;Carum	Apiaceae;Carum	Apiaceae;Ligusticum	Apiaceae;Seseli
P002_WA07_00109 	Ericaceae;Harrimanella	Ericaceae;Rhododendron	Ericaceae;Harrimanella	Ericaceae;Cassiope	Ericaceae;Rhododendron	Ericaceae;Rhododendron
P002_WA08_00014 	Poaceae;Poa	Poaceae;Elymus	Poaceae;Poa	Poaceae;Calamagrostis	Poaceae;Poa	Poaceae;Agrostis
P002_WA08_00071 	Poaceae;Poa	Poaceae;Elymus	Poaceae;Poa	Poaceae;Calamagrostis	Poaceae;Poa	Poaceae;Agrostis
P002_WA08_00132 	Poaceae;Poa	Poaceae;Poa	Poaceae;Poa	Poaceae;Poa	Poaceae;Poa	Poaceae;Poa
P002_WA09_00009 	Rosaceae;Dryas	Rosaceae;Dryas	Rosaceae;Dryas	Cyperaceae;Carex	Rosaceae;Dryas	Rosaceae;Spiraea
P002_WA10_00102 	Ericaceae;Rhododendron	Ericaceae;Rhododendron	Ericaceae;Rhododendron	Ericaceae;Rhododendron	Ericaceae;Rhododendron	Ericaceae;Rhododendron
P002_WA12_00001 	Saxifragaceae;Saxifraga	Saxifragaceae;Saxifraga	Ranunculaceae;Ranunculus	Salicaceae;Salix	Saxifragaceae;Saxifraga	Saxifragaceae;Saxifraga
P002_WB01_00121 	Apiaceae;Chaerophyllum	Apiaceae;Anthriscus	Apiaceae;Carum	Apiaceae;Carum	Apiaceae;Ligusticum	Apiaceae;Tilingia
P002_WB02_00124 	Primulaceae;Primula	Primulaceae;Primula	Primulaceae;Primula	Primulaceae;Primula	Primulaceae;Primula	Primulaceae;Primula
P002_WB03_00076 	Caryophyllaceae;Arenaria	Caryophyllaceae;Dianthus	Caryophyllaceae;Silene	Caryophyllaceae;Viscaria	Caryophyllaceae;Silene	Caryophyllaceae;Minuartia
P002_WB04_00003 	Poaceae;Helictotrichon	Poaceae;Elymus	Poaceae;Helictotrichon	Poaceae;Helictotrichon	Poaceae;Poa	Poaceae;Agrostis
P002_WB04_00088 	Poaceae;Helictotrichon	Poaceae;Elymus	Poaceae;Helictotrichon	Poaceae;Helictotrichon	Poaceae;Poa	Poaceae;Agrostis
P002_WB04_00090 	Poaceae;Helictotrichon	Poaceae;Deschampsia	Poaceae;Festuca	Poaceae;Festuca	Cyperaceae;Carex	Poaceae;Festuca
P002_WB05_00083 	Orobanchaceae;Pedicularis	Orobanchaceae;Pedicularis	Orobanchaceae;Pedicularis	Rosaceae;Potentilla	Orobanchaceae;Pedicularis	Orobanchaceae;Pedicularis
P002_WB06_00096 	Rosaceae;Potentilla	Rosaceae;Potentilla	Orobanchaceae;Pedicularis	Rosaceae;Potentilla	Rosaceae;Potentilla	Rosaceae;Potentilla
P002_WB07_00097 	Ericaceae;Bryanthus	Ericaceae;Rhododendron	Ericaceae;Rhododendron	Ericaceae;Rhododendron	Ericaceae;Rhododendron	Ericaceae;Rhododendron
P002_WB08_00001 	Poaceae;Poa	Poaceae;Elymus	Poaceae;Poa	Poaceae;Calamagrostis	Poaceae;Poa	Poaceae;Agrostis
P002_WB08_00076 	Poaceae;Poa	Poaceae;Poa	Poaceae;Poa	Poaceae;Poa	Poaceae;Poa	Poaceae;Poa
P002_WB08_00101 	Poaceae;Poa	Poaceae;Elymus	Poaceae;Poa	Poaceae;Calamagrostis	Poaceae;Poa	Poaceae;Agrostis
P002_WB09_00060 	Salicaceae;Salix	Salicaceae;Salix	Salicaceae;Salix	Salicaceae;Salix	Salicaceae;Salix	Salicaceae;Salix
P002_WB11_00108 	Orobanchaceae;Pedicularis	Orobanchaceae;Pedicularis	Orobanchaceae;Pedicularis	Rosaceae;Potentilla	Orobanchaceae;Pedicularis	Orobanchaceae;Pedicularis
P002_WB12_00097 	Saxifragaceae;Chrysosplenium	Saxifragaceae;Chrysosplenium	Saxifragaceae;Saxifraga	Saxifragaceae;Saxifraga	Ranunculaceae;Ranunculus	Saxifragaceae;Saxifraga
P002_WC01_00077 	Rosaceae;Potentilla	Rosaceae;Potentilla	Orobanchaceae;Pedicularis	Rosaceae;Potentilla	Rosaceae;Potentilla	Rosaceae;Potentilla
P002_WC01_00192 	Rosaceae;Potentilla	Orobanchaceae;Pedicularis	Orobanchaceae;Pedicularis	Orobanchaceae;Pedicularis	Orobanchaceae;Pedicularis	Orobanchaceae;Pedicularis
P002_WC02_00033 	Fabaceae;Oxytropis	Fabaceae;Oxytropis	Fabaceae;Oxytropis	Fabaceae;Oxytropis	Fabaceae;Astragalus	Fabaceae;Astragalus
P002_WC03_00027 	Orobanchaceae;Euphrasia	Orobanchaceae;Euphrasia	Brassicaceae;Arabis	Orobanchaceae;Euphrasia	Orobanchaceae;Euphrasia	Orobanchaceae;Bartsia
P002_WC04_00083 	Asteraceae;Aster	Asteraceae;Aster	Asteraceae;Erigeron	Asteraceae;Erigeron	Asteraceae;Erigeron	Asteraceae;Solidago
P002_WC05_00018 	Apiaceae;Tilingia	Apiaceae;Daucus	Apiaceae;Carum	Apiaceae;Carum	Apiaceae;Ligusticum	Apiaceae;Chaerophyllum
P002_WC07_00044 	Ericaceae;Rhododendron	Ericaceae;Rhododendron	Ericaceae;Cassiope	Ericaceae;Rhododendron	Ericaceae;Rhododendron	Ericaceae;Rhododendron
P002_WC08_00107 	Brassicaceae;Cardamine	Brassicaceae;Cardamine	Brassicaceae;Cardamine	Brassicaceae;Cardamine	Brassicaceae;Draba	Brassicaceae;Arabis
P002_WC09_00004 	Fabaceae;Astragalus	Fabaceae;Astragalus	Fabaceae;Oxytropis	Fabaceae;Astragalus	Fabaceae;Oxytropis	Fabaceae;Oxytropis
P002_WC10_00018 	Polygonaceae;Persicaria	Polygonaceae;Bistorta	Polygonaceae;Bistorta	Polygonaceae;Bistorta	Polygonaceae;Polygonum	Polygonaceae;Rumex
P002_WC11_00038 	Caryophyllaceae;Minuartia	Caryophyllaceae;Silene	Caryophyllaceae;Minuartia	Caryophyllaceae;Minuartia	Caryophyllaceae;Viscaria	Caryophyllaceae;Silene
P002_WC12_00003 	Cyperaceae;Eriophorum	Cyperaceae;Scirpus	Cyperaceae;Eriophorum	Cyperaceae;Eriophorum	Selaginellaceae;Selaginella	Cyperaceae;Carex
P002_WC12_00033 	Cyperaceae;Eriophorum	Cyperaceae;Scirpus	Selaginellaceae;Selaginella	Cyperaceae;Carex	Crassulaceae;Sedum	Cyperaceae;Carex
P002_WC12_00072 	Cyperaceae;Eriophorum	Cyperaceae;Scirpus	Cyperaceae;Eriophorum	Cyperaceae;Eriophorum	Selaginellaceae;Selaginella	Cyperaceae;Carex
P002_WC12_00074 	Cyperaceae;Eriophorum	Cyperaceae;Scirpus	Cyperaceae;Eriophorum	Cyperaceae;Eriophorum	Fabaceae;Hedysarum	Cyperaceae;Eriophorum
P002_WD01_00002 	Orobanchaceae;Pedicularis	Rosaceae;Potentilla	Orobanchaceae;Pedicularis	Rosaceae;Potentilla	Rosaceae;Potentilla	Rosaceae;Potentilla
P002_WD01_00190 	Orobanchaceae;Pedicularis	Orobanchaceae;Pedicularis	Orobanchaceae;Pedicularis	Orobanchaceae;Pedicularis	Orobanchaceae;Pedicularis	Orobanchaceae;Pedicularis
P002_WD02_00082 	Violaceae;Viola	Violaceae;Viola	Violaceae;Viola	Salicaceae;Salix	Salicaceae;Salix	Salicaceae;Salix
P002_WD03_00035 	Asteraceae;Erigeron	Asteraceae;Erigeron	Asteraceae;Erigeron	Asteraceae;Erigeron	Asteraceae;Aster	Asteraceae;Aster
P002_WD04_00001 	Rosaceae;Potentilla	Rosaceae;Potentilla	Orobanchaceae;Pedicularis	Rosaceae;Potentilla	Rosaceae;Potentilla	Rosaceae;Potentilla
P002_WD05_00001 	Plantaginaceae;Pennellianthus	Plantaginaceae;Penstemon	Lentibulariaceae;Pinguicula	Lamiaceae;Betonica	Lentibulariaceae;Pinguicula	Lentibulariaceae;Pinguicula
P002_WD06_00125 	Poaceae;Deschampsia	Poaceae;Agrostis	Poaceae;Agrostis	Poaceae;Hierochloe	Poaceae;Calamagrostis	Poaceae;Hierochloe
P002_WD07_00067 	Asteraceae;Saussurea	Asteraceae;Saussurea	Asteraceae;Saussurea	Plantaginaceae;Veronica	Asteraceae;Cirsium	Poaceae;Calamagrostis
P002_WD08_00094 	Fabaceae;Oxytropis	Fabaceae;Oxytropis	Fabaceae;Oxytropis	Fabaceae;Oxytropis	Fabaceae;Astragalus	Fabaceae;Astragalus
P002_WD09_00038 	Plumbaginaceae;Armeria	Plumbaginaceae;Limonium	Polygonaceae;Bistorta	Polygonaceae;Rumex	Polygonaceae;Rumex	Polygonaceae;Polygonum
P002_WD10_00042 	Salicaceae;Salix	Salicaceae;Salix	Salicaceae;Salix	Salicaceae;Salix	Salicaceae;Salix	Salicaceae;Salix
P002_WD11_00037 	Poaceae;Hierochloe	Poaceae;Calamagrostis	Poaceae;Calamagrostis	Poaceae;Hierochloe	Cyperaceae;Carex	Poaceae;Agrostis
P002_WD12_00022 	Polygonaceae;Rumex	Polygonaceae;Rumex	Polygonaceae;Rumex	Polygonaceae;Rumex	Cyperaceae;Carex	Polygonaceae;Bistorta
P002_WE01_00015 	Asteraceae;Centaurea	Asteraceae;Carthamus	Poaceae;Calamagrostis	Plantaginaceae;Veronica	Asteraceae;Cirsium	Asteraceae;Saussurea
P002_WE02_00104 	Plantaginaceae;Plantago	Plantaginaceae;Plantago	Orobanchaceae;Bartsia	Rosaceae;Potentilla	Orobanchaceae;Pedicularis	Lentibulariaceae;Pinguicula
P002_WE03_00094 	Ranunculaceae;Ranunculus	Ranunculaceae;Ranunculus	Ranunculaceae;Ranunculus	Caryophyllaceae;Dianthus	Ranunculaceae;Ranunculus	Ranunculaceae;Ranunculus
P002_WE04_00008 	Ranunculaceae;Anemone	Ranunculaceae;Clematis	Ranunculaceae;Anemone	Ranunculaceae;Pulsatilla	Ranunculaceae;Trollius	Cyperaceae;Carex
P002_WE05_00049 	Campanulaceae;Campanula	Campanulaceae;Campanula	Campanulaceae;Campanula	Campanulaceae;Campanula	Campanulaceae;Campanula	Campanulaceae;Campanula
P002_WE06_00003 	Caprifoliaceae;Patrinia	Caprifoliaceae;Patrinia	Caprifoliaceae;Scabiosa	Apiaceae;Carum	Apiaceae;Carum	Apiaceae;Ligusticum
P002_WE07_00001 	Rosaceae;Spiraea	Rosaceae;Sibiraea	Rosaceae;Dryas	Rosaceae;Dryas	Cyperaceae;Carex	Rosaceae;Dryas
P002_WE08_00031 	Poaceae;Alopecurus	Poaceae;Alopecurus	Poaceae;Alopecurus	Poaceae;Alopecurus	Poaceae;Arctophila	Poaceae;Arctagrostis
P002_WE08_00045 	Poaceae;Alopecurus	Poaceae;Alopecurus	Poaceae;Alopecurus	Poaceae;Alopecurus	Poaceae;Alopecurus	Poaceae;Alopecurus
P002_WE08_00127 	Poaceae;Alopecurus	Poaceae;Alopecurus	Poaceae;Alopecurus	Poaceae;Alopecurus	Poaceae;Alopecurus	Poaceae;Alopecurus
P002_WE09_00001 	Betulaceae;Betula	Betulaceae;Betula	Cupressaceae;Juniperus	Rosaceae;Dryas	Cyperaceae;Carex	Rosaceae;Dryas
P002_WE10_00002 	Saxifragaceae;Saxifraga	Saxifragaceae;Saxifraga	Saxifragaceae;Saxifraga	Saxifragaceae;Saxifraga	Salicaceae;Salix	Saxifragaceae;Saxifraga
P002_WE11_00109 	Poaceae;Alopecurus	Poaceae;Alopecurus	Poaceae;Arctophila	Poaceae;Arctagrostis	Poaceae;Phleum	Poaceae;Poa
P002_WE12_00025 	Poaceae;Arctophila	Poaceae;Arctagrostis	Poaceae;Arctagrostis	Poaceae;Alopecurus	Poaceae;Phleum	Poaceae;Poa
P002_WE12_00044 	Poaceae;Arctophila	Poaceae;Elymus	Poaceae;Poa	Poaceae;Calamagrostis	Poaceae;Poa	Poaceae;Agrostis
P002_WE12_00128 	Poaceae;Arctophila	Poaceae;Elymus	Poaceae;Poa	Poaceae;Calamagrostis	Poaceae;Poa	Poaceae;Agrostis
P002_WF01_00090 	Poaceae;Calamagrostis	Asteraceae;Carthamus	Poaceae;Calamagrostis	Plantaginaceae;Veronica	Asteraceae;Cirsium	Asteraceae;Saussurea
P002_WF02_00023 	Plantaginaceae;Veronica	Plantaginaceae;Veronica	Fabaceae;Hedysarum	Plantaginaceae;Veronica	Plantaginaceae;Veronica	Asteraceae;Cirsium
P002_WF03_00021 	Caryophyllaceae;Minuartia	Caryophyllaceae;Silene	Caryophyllaceae;Minuartia	Caryophyllaceae;Minuartia	Caryophyllaceae;Viscaria	Caryophyllaceae;Silene
P002_WF05_00132 	Ericaceae;Rhododendron	Ericaceae;Rhododendron	Ericaceae;Rhododendron	Ericaceae;Rhododendron	Ericaceae;Rhododendron	Ericaceae;Rhododendron
P002_WF06_00056 	Ericaceae;Phyllodoce	Ericaceae;Rhododendron	Ericaceae;Rhododendron	Ericaceae;Rhododendron	Ericaceae;Rhododendron	Ericaceae;Rhododendron
P002_WF06_00093 	Ericaceae;Phyllodoce	Ericaceae;Rhododendron	Ericaceae;Vaccinium	Ericaceae;Rhododendron	Ericaceae;Rhododendron	Ericaceae;Rhododendron
P002_WF07_00050 	Caryophyllaceae;Minuartia	Caryophyllaceae;Colobanthus	Caryophyllaceae;Viscaria	Caryophyllaceae;Silene	Caryophyllaceae;Silene	Caryophyllaceae;Minuartia
P002_WF08_00003 	Poaceae;Dupontia	Poaceae;Elymus	Poaceae;Poa	Poaceae;Calamagrostis	Poaceae;Poa	Poaceae;Agrostis
P002_WF08_00086 	Poaceae;Dupontia	Poaceae;Elymus	Poaceae;Poa	Poaceae;Calamagrostis	Poaceae;Poa	Poaceae;Agrostis
P002_WF09_00038 	Ericaceae;Pyrola	Ericaceae;Pyrola	Ericaceae;Pyrola	Ericaceae;Pyrola	Ericaceae;Pyrola	Ericaceae;Kalmia
P002_WF09_00048 	Ericaceae;Pyrola	Ericaceae;Pyrola	Ericaceae;Pyrola	Ericaceae;Pyrola	Ericaceae;Pyrola	Ericaceae;Pyrola
P002_WF10_00042 	Rosaceae;Potentilla	Rosaceae;Potentilla	Orobanchaceae;Pedicularis	Rosaceae;Potentilla	Rosaceae;Potentilla	Rosaceae;Potentilla
P002_WF11_00043 	Juncaceae;Luzula	Cyperaceae;Scleria	Juncaceae;Luzula	Juncaceae;Luzula	Asteraceae;Aster	Juncaceae;Luzula
P002_WF12_00140 	Cyperaceae;Carex	Cyperaceae;Carex	Cyperaceae;Carex	Cyperaceae;Carex	Cyperaceae;Carex	Cyperaceae;Carex
P002_WG02_00095 	Fabaceae;Hedysarum	Plantaginaceae;Veronica	Fabaceae;Hedysarum	Plantaginaceae;Veronica	Plantaginaceae;Veronica	Asteraceae;Cirsium
P002_WG02_00220 	Fabaceae;Hedysarum	Fabaceae;Hedysarum	Fabaceae;Hedysarum	Fabaceae;Oxytropis	Fabaceae;Trifolium	Fabaceae;Astragalus
P002_WG03_00080 	Liliaceae;Fritillaria	Liliaceae;Fritillaria	Liliaceae;Gagea	Orchidaceae;Coeloglossum	Brassicaceae;Draba	Papaveraceae;Papaver
P002_WG04_00069 	Rosaceae;Alchemilla	Rosaceae;Alchemilla	Rosaceae;Sibbaldia	Rosaceae;Potentilla	Rosaceae;Potentilla	Rosaceae;Potentilla
P002_WG05_00064 	Poaceae;Calamagrostis	Poaceae;Calamagrostis	Poaceae;Calamagrostis	Poaceae;Hierochloe	Cyperaceae;Carex	Poaceae;Agrostis
P002_WG06_00079 	Juncaceae;Juncus	Juncaceae;Juncus	Cyperaceae;Carex	Crassulaceae;Sedum	Cyperaceae;Carex	Cyperaceae;Carex
P002_WG07_00014 	Cyperaceae;Carex	Cyperaceae;Carex	Cyperaceae;Carex	Cyperaceae;Carex	Cyperaceae;Carex	Onagraceae;Epilobium
P002_WG07_00055 	Cyperaceae;Carex	Cyperaceae;Carex	Cyperaceae;Carex	Cyperaceae;Carex	Cyperaceae;Carex	Cyperaceae;Carex
P002_WG07_00110 	Cyperaceae;Carex	Cyperaceae;Carex	Cyperaceae;Carex	Cyperaceae;Carex	Cyperaceae;Carex	Cyperaceae;Carex
P002_WG09_00073 	Salicaceae;Salix	Salicaceae;Salix	Salicaceae;Salix	Salicaceae;Salix	Salicaceae;Salix	Salicaceae;Salix
P002_WG10_00019 	Saxifragaceae;Saxifraga	Saxifragaceae;Bergenia	Saxifragaceae;Saxifraga	Brassicaceae;Draba	Saxifragaceae;Saxifraga	Saxifragaceae;Saxifraga
P002_WG11_00083 	Salicaceae;Salix	Salicaceae;Salix	Salicaceae;Salix	Salicaceae;Salix	Salicaceae;Salix	Salicaceae;Salix
P002_WG12_00135 	Ericaceae;Vaccinium	Ericaceae;Vaccinium	Ericaceae;Vaccinium	Ericaceae;Vaccinium	Ericaceae;Vaccinium	Ericaceae;Vaccinium
P002_WH01_00006 	Ranunculaceae;Pulsatilla	Ranunculaceae;Anemone	Ranunculaceae;Anemone	Ranunculaceae;Anemone	Ranunculaceae;Trollius	Cyperaceae;Carex
P002_WH02_00139 	Crassulaceae;Sempervivum	Crassulaceae;Sempervivum	Crassulaceae;Sedum	Crassulaceae;Sedum	Crassulaceae;Rhodiola	Polygonaceae;Rumex
P002_WH03_00043 	Rubiaceae;Galium	Rubiaceae;Galium	Rubiaceae;Galium	Rubiaceae;Cruciata	Caryophyllaceae;Cerastium	Boraginaceae;Myosotis
P002_WH04_00073 	Apiaceae;Bupleurum	Apiaceae;Bupleurum	Apiaceae;Bupleurum	Apiaceae;Carum	Apiaceae;Carum	Apiaceae;Ligusticum
P002_WH05_00024 	Ranunculaceae;Anemone	Ranunculaceae;Clematis	Ranunculaceae;Anemone	Ranunculaceae;Pulsatilla	Ranunculaceae;Trollius	Cyperaceae;Carex
P002_WH06_00110 	Asteraceae;Artemisia	Asteraceae;Artemisia	Asteraceae;Achillea	Asteraceae;Anthemis	Asteraceae;Anthemis	Asteraceae;Leucanthemum
P002_WH08_00068 	Cyperaceae;Carex	Cyperaceae;Carex	Cyperaceae;Carex	Cyperaceae;Carex	Cyperaceae;Carex	Cyperaceae;Carex
P002_WH08_00123 	Cyperaceae;Carex	Cyperaceae;Carex	Cyperaceae;Carex	Cyperaceae;Carex	Cyperaceae;Carex	Cyperaceae;Carex
P002_WH08_00126 	Cyperaceae;Carex	Cyperaceae;Carex	Cyperaceae;Carex	Cyperaceae;Carex	Cyperaceae;Carex	Cyperaceae;Carex
P002_WH08_00157 	Cyperaceae;Carex	Cyperaceae;Carex	Cyperaceae;Carex	Cyperaceae;Carex	Cyperaceae;Carex	Cyperaceae;Carex
P002_WH08_00159 	Cyperaceae;Carex	Cyperaceae;Carex	Cyperaceae;Carex	Cyperaceae;Carex	Cyperaceae;Carex	Cyperaceae;Carex
P002_WH08_00192 	Cyperaceae;Carex	Cyperaceae;Carex	Cyperaceae;Carex	Cyperaceae;Carex	Cyperaceae;Carex	Onagraceae;Epilobium
P002_WH08_00226 	Cyperaceae;Carex	Cyperaceae;Carex	Cyperaceae;Carex	Cyperaceae;Carex	Cyperaceae;Carex	Cyperaceae;Carex
P002_WH09_00105 	Ericaceae;Rhododendron	Ericaceae;Rhododendron	Ericaceae;Rhododendron	Ericaceae;Rhododendron	Ericaceae;Rhododendron	Ericaceae;Rhododendron
P002_WH10_00016 	Poaceae;Arctagrostis	Poaceae;Arctagrostis	Poaceae;Arctagrostis	Poaceae;Alopecurus	Poaceae;Phleum	Poaceae;Poa
P002_WH10_00056 	Poaceae;Arctagrostis	Poaceae;Elymus	Poaceae;Poa	Poaceae;Calamagrostis	Poaceae;Poa	Poaceae;Agrostis
P002_WH10_00080 	Poaceae;Arctagrostis	Poaceae;Elymus	Poaceae;Poa	Poaceae;Calamagrostis	Poaceae;Poa	Poaceae;Agrostis
P002_WH11_00001 	Brassicaceae;Draba	Brassicaceae;Draba	Brassicaceae;Draba	Papaveraceae;Papaver	Brassicaceae;Draba	Brassicaceae;Arabis
P002_WH12_00026 	Orobanchaceae;Pedicularis	Orobanchaceae;Pedicularis	Orobanchaceae;Pedicularis	Rosaceae;Potentilla	Orobanchaceae;Pedicularis	Orobanchaceae;Pedicularis
P003_WA01_00068 	Rosaceae;Potentilla	Rosaceae;Potaninia	Rosaceae;Sibbaldia	Rosaceae;Potentilla	Rosaceae;Potentilla	Rosaceae;Potentilla
P003_WA02_00001 	Poaceae;Poa	Poaceae;Poa	Poaceae;Poa	Poaceae;Poa	Poaceae;Poa	Poaceae;Poa
P003_WA02_00033 	Poaceae;Poa	Poaceae;Elymus	Poaceae;Poa	Poaceae;Calamagrostis	Poaceae;Poa	Poaceae;Agrostis
P003_WA02_00119 	Poaceae;Poa	Poaceae;Elymus	Poaceae;Poa	Poaceae;Calamagrostis	Poaceae;Poa	Poaceae;Agrostis
P003_WA03_00033 	Polygonaceae;Bistorta	Polygonaceae;Bistorta	Polygonaceae;Polygonum	Polygonaceae;Rumex	Polygonaceae;Rumex	Polygonaceae;Rumex
P003_WA04_00027 	Crassulaceae;Sedum	Crassulaceae;Graptopetalum	Crassulaceae;Sempervivum	Crassulaceae;Sedum	Crassulaceae;Rhodiola	Polygonaceae;Rumex
P003_WA05_00001 	Papaveraceae;Papaver	Brassicaceae;Draba	Brassicaceae;Draba	Brassicaceae;Draba	Brassicaceae;Draba	Brassicaceae;Arabis
P003_WA06_00024 	Poaceae;Festuca	Poaceae;Deschampsia	Poaceae;Festuca	Cyperaceae;Carex	Poaceae;Hierochloe	Poaceae;Festuca
P003_WA07_00001 	Cyperaceae;Carex	Cyperaceae;Carex	Cyperaceae;Carex	Cyperaceae;Carex	Cyperaceae;Carex	Cyperaceae;Carex
P003_WA07_00103 	Cyperaceae;Carex	Poaceae;Deschampsia	Poaceae;Festuca	Cyperaceae;Carex	Poaceae;Hierochloe	Poaceae;Festuca
P003_WA08_00001 	Asteraceae;Senecio	Asteraceae;Sinosenecio	Asteraceae;Solidago	Asteraceae;Petasites	Asteraceae;Leontodon	Asteraceae;Taraxacum
P003_WA10_00014 	Gentianaceae;Gentiana	Gentianaceae;Gentiana	Gentianaceae;Gentiana	Gentianaceae;Gentiana	Rosaceae;Spiraea	Poaceae;Calamagrostis
P003_WA10_00099 	Gentianaceae;Gentiana	Primulaceae;Bryocarpum	Primulaceae;Soldanella	Primulaceae;Soldanella	Primulaceae;Trientalis	Primulaceae;Androsace
P003_WA11_00085 	Primulaceae;Soldanella	Primulaceae;Bryocarpum	Primulaceae;Soldanella	Primulaceae;Soldanella	Primulaceae;Trientalis	Primulaceae;Androsace
P003_WB01_00111 	Asteraceae;Solidago	Asteraceae;Senecio	Asteraceae;Senecio	Asteraceae;Petasites	Asteraceae;Leontodon	Asteraceae;Taraxacum
P003_WB02_00001 	Rubiaceae;Galium	Rubiaceae;Galium	Rubiaceae;Galium	Rubiaceae;Cruciata	Caryophyllaceae;Cerastium	Boraginaceae;Myosotis
P003_WB03_00004 	Equisetaceae;Equisetum	Equisetaceae;Equisetum	Equisetaceae;Equisetum	Equisetaceae;Equisetum	Equisetaceae;Equisetum	Equisetaceae;Equisetum
P003_WB04_00024 	Cyperaceae;Eriophorum	Cyperaceae;Scirpus	Cyperaceae;Eriophorum	Cyperaceae;Eriophorum	Fabaceae;Hedysarum	Cyperaceae;Eriophorum
P003_WB05_00043 	Salicaceae;Salix	Saxifragaceae;Saxifraga	Saxifragaceae;Saxifraga	Saxifragaceae;Saxifraga	Saxifragaceae;Saxifraga	Saxifragaceae;Saxifraga
P003_WB06_00082 	Caryophyllaceae;Silene	Caryophyllaceae;Silene	Caryophyllaceae;Viscaria	Caryophyllaceae;Silene	Caryophyllaceae;Minuartia	Caryophyllaceae;Minuartia
P003_WB07_00143 	Ericaceae;Vaccinium	Ericaceae;Vaccinium	Ericaceae;Vaccinium	Ericaceae;Vaccinium	Ericaceae;Vaccinium	Ericaceae;Vaccinium
P003_WB08_00120 	Asteraceae;Antennaria	Asteraceae;Pseudognaphalium	Asteraceae;Antennaria	Asteraceae;Antennaria	Poaceae;Festuca	Asteraceae;Antennaria
P003_WB09_00113 	Cyperaceae;Eriophorum	Cyperaceae;Scirpus	Cyperaceae;Eriophorum	Cyperaceae;Eriophorum	Fabaceae;Hedysarum	Cyperaceae;Eriophorum
P003_WB10_00092 	Fabaceae;Hedysarum	Fabaceae;Hedysarum	Fabaceae;Hedysarum	Fabaceae;Oxytropis	Fabaceae;Trifolium	Fabaceae;Astragalus
P003_WB10_00111 	Fabaceae;Hedysarum	Cyperaceae;Scirpus	Cyperaceae;Eriophorum	Cyperaceae;Eriophorum	Cyperaceae;Eriophorum	Selaginellaceae;Selaginella
P003_WB11_00112 	Apiaceae;Ligusticum	Apiaceae;Ledebouriella	Apiaceae;Carum	Apiaceae;Ligusticum	Apiaceae;Seseli	Apiaceae;Peucedanum
P003_WC01_00051 	Polygonaceae;Bistorta	Polygonaceae;Bistorta	Polygonaceae;Bistorta	Polygonaceae;Bistorta	Polygonaceae;Polygonum	Polygonaceae;Rumex
P003_WC02_00058 	Ericaceae;Rhododendron	Ericaceae;Rhododendron	Ericaceae;Rhododendron	Ericaceae;Rhododendron	Ericaceae;Rhododendron	Ericaceae;Rhododendron
P003_WC03_00001 	Ranunculaceae;Trollius	Ranunculaceae;Trollius	Ranunculaceae;Thalictrum	Cyperaceae;Carex	Selaginellaceae;Selaginella	Ranunculaceae;Anemone
P003_WC04_00074 	Cyperaceae;Carex	Cyperaceae;Carex	Cyperaceae;Carex	Crassulaceae;Sedum	Selaginellaceae;Selaginella	Cyperaceae;Eriophorum
P003_WC05_00036 	Saxifragaceae;Saxifraga	Salicaceae;Salix	Salicaceae;Salix	Salicaceae;Salix	Salicaceae;Salix	Salicaceae;Salix
P003_WC05_00061 	Saxifragaceae;Saxifraga	Salicaceae;Salix	Salicaceae;Salix	Salicaceae;Salix	Salicaceae;Salix	Salicaceae;Salix
P003_WC06_00022 	Primulaceae;Primula	Primulaceae;Primula	Primulaceae;Primula	Primulaceae;Primula	Primulaceae;Primula	Primulaceae;Primula
P003_WC07_00043 	Juncaceae;Luzula	Cyperaceae;Scleria	Juncaceae;Luzula	Juncaceae;Luzula	Asteraceae;Aster	Juncaceae;Luzula
P003_WC07_00118 	Juncaceae;Luzula	Brassicaceae;Cochlearia	Brassicaceae;Cochlearia	Brassicaceae;Draba	Brassicaceae;Cardamine	Brassicaceae;Draba
P003_WC08_00001 	Poaceae;Poa	Poaceae;Poa	Poaceae;Poa	Poaceae;Poa	Poaceae;Poa	Poaceae;Poa
P003_WC08_00041 	Poaceae;Poa	Poaceae;Elymus	Poaceae;Poa	Poaceae;Calamagrostis	Poaceae;Poa	Poaceae;Agrostis
P003_WC08_00128 	Poaceae;Poa	Poaceae;Elymus	Poaceae;Poa	Poaceae;Calamagrostis	Poaceae;Poa	Poaceae;Agrostis
P003_WC09_00137 	Cyperaceae;Carex	Cyperaceae;Carex	Cyperaceae;Carex	Cyperaceae;Carex	Cyperaceae;Carex	Cyperaceae;Carex
P003_WC10_00038 	Asteraceae;Leucanthemum	Asteraceae;Tanacetum	Asteraceae;Anthemis	Asteraceae;Anthemis	Asteraceae;Leucanthemum	Asteraceae;Leucanthemopsis
P003_WC11_00001 	Asteraceae;Achillea	Asteraceae;Artemisia	Asteraceae;Achillea	Asteraceae;Anthemis	Asteraceae;Anthemis	Asteraceae;Leucanthemum
P003_WC12_00015 	Juncaceae;Luzula	Cyperaceae;Scleria	Juncaceae;Luzula	Juncaceae;Luzula	Asteraceae;Aster	Juncaceae;Luzula
P003_WC12_00126 	Juncaceae;Luzula	Asteraceae;Diplostephium	Asteraceae;Aster	Asteraceae;Aster	Asteraceae;Erigeron	Asteraceae;Solidago
P003_WD01_00111 	Ericaceae;Rhododendron	Ericaceae;Rhododendron	Ericaceae;Rhododendron	Ericaceae;Rhododendron	Ericaceae;Rhododendron	Ericaceae;Rhododendron
P003_WD02_00020 	Brassicaceae;Draba	Brassicaceae;Draba	Brassicaceae;Draba	Brassicaceae;Draba	Papaveraceae;Papaver	Brassicaceae;Arabis
P003_WD03_00039 	Lentibulariaceae;Pinguicula	Lentibulariaceae;Pinguicula	Lentibulariaceae;Pinguicula	Lentibulariaceae;Pinguicula	Orobanchaceae;Pedicularis	Orobanchaceae;Pedicularis
P003_WD04_00085 	Fabaceae;Trifolium	Fabaceae;Trifolium	Fabaceae;Astragalus	Fabaceae;Oxytropis	Fabaceae;Hedysarum	Fabaceae;Astragalus
P003_WD05_00019 	Brassicaceae;Draba	Papaveraceae;Meconopsis	Papaveraceae;Papaver	Ranunculaceae;Trollius	Ranunculaceae;Anemone	Ranunculaceae;Anemone
P003_WD06_00028 	Ranunculaceae;Ranunculus	Ranunculaceae;Ranunculus	Brassicaceae;Arabis	Ranunculaceae;Ranunculus	Caryophyllaceae;Dianthus	Ranunculaceae;Ranunculus
P003_WD07_00008 	Brassicaceae;Cochlearia	Brassicaceae;Cochlearia	Brassicaceae;Cochlearia	Brassicaceae;Draba	Brassicaceae;Cardamine	Brassicaceae;Draba
P003_WD09_00090 	Salicaceae;Salix	Salicaceae;Salix	Salicaceae;Salix	Salicaceae;Salix	Salicaceae;Salix	Salicaceae;Salix
P003_WD11_00037 	Primulaceae;Androsace	Primulaceae;Androsace	Primulaceae;Trientalis	Primulaceae;Primula	Primulaceae;Primula	Primulaceae;Primula
P003_WD12_00005 	Plantaginaceae;Veronica	Plantaginaceae;Veronica	Asteraceae;Cirsium	Plantaginaceae;Veronica	Plantaginaceae;Veronica	Fabaceae;Hedysarum
P003_WD12_00229 	Plantaginaceae;Veronica	Asteraceae;Cirsium	Asteraceae;Cirsium	Asteraceae;Saussurea	Asteraceae;Saussurea	Poaceae;Calamagrostis
P003_WE01_00086 	Orobanchaceae;Pedicularis	Orobanchaceae;Pedicularis	Onagraceae;Epilobium	Orobanchaceae;Pedicularis	Rosaceae;Potentilla	Orobanchaceae;Pedicularis
P003_WE02_00171 	Poaceae;Festuca	Poaceae;Festuca	Orobanchaceae;Euphrasia	Poaceae;Festuca	Poaceae;Festuca	Poaceae;Festuca
P003_WE02_00185 	Poaceae;Festuca	Poaceae;Lolium	Poaceae;Festuca	Poaceae;Helictotrichon	Poaceae;Festuca	Cyperaceae;Carex
P003_WE02_00207 	Poaceae;Festuca	Asteraceae;Pseudognaphalium	Asteraceae;Antennaria	Asteraceae;Antennaria	Poaceae;Festuca	Asteraceae;Antennaria
P003_WE03_00093 	Equisetaceae;Equisetum	Equisetaceae;Equisetum	Equisetaceae;Equisetum	Equisetaceae;Equisetum	Equisetaceae;Equisetum	Equisetaceae;Equisetum
P003_WE04_00128 	Poaceae;Agrostis	Poaceae;Agrostis	Poaceae;Agrostis	Poaceae;Agrostis	Poaceae;Calamagrostis	Poaceae;Hierochloe
P003_WE06_00024 	Lycopodiaceae;Diphasiastrum	Lycopodiaceae;Diphasiastrum	Lycopodiaceae;Huperzia	Caryophyllaceae;Minuartia	Caryophyllaceae;Minuartia	Caryophyllaceae;Minuartia
P003_WE07_00002 	Cyperaceae;Eriophorum	Cyperaceae;Scirpus	Cyperaceae;Eriophorum	Cyperaceae;Eriophorum	Cyperaceae;Eriophorum	Cyperaceae;Eriophorum
P003_WE07_00063 	Cyperaceae;Eriophorum	Cyperaceae;Scirpus	Cyperaceae;Carex	Tofieldiaceae;Tofieldia	Selaginellaceae;Selaginella	Cyperaceae;Carex
P003_WE07_00122 	Cyperaceae;Eriophorum	Cyperaceae;Scirpus	Cyperaceae;Eriophorum	Selaginellaceae;Selaginella	Cyperaceae;Eriophorum	Crassulaceae;Sedum
P003_WE08_00013 	Plantaginaceae;Veronica	Plantaginaceae;Veronica	Plantaginaceae;Veronica	Plantaginaceae;Veronica	Asteraceae;Cirsium	Fabaceae;Hedysarum
P003_WE09_00025 	Salicaceae;Salix	Salicaceae;Salix	Salicaceae;Salix	Salicaceae;Salix	Salicaceae;Salix	Salicaceae;Salix
P003_WE10_00077 	Orobanchaceae;Pedicularis	Orobanchaceae;Pedicularis	Rosaceae;Potentilla	Orobanchaceae;Pedicularis	Orobanchaceae;Pedicularis	Orobanchaceae;Pedicularis
P003_WE11_00146 	Cyperaceae;Carex	Cyperaceae;Scleria	Juncaceae;Luzula	Juncaceae;Luzula	Asteraceae;Aster	Juncaceae;Luzula
P003_WE12_00119 	Caryophyllaceae;Dianthus	Ranunculaceae;Ranunculus	Ranunculaceae;Ranunculus	Caryophyllaceae;Dianthus	Ranunculaceae;Ranunculus	Ranunculaceae;Ranunculus
P003_WF01_00051 	Onagraceae;Epilobium	Orobanchaceae;Pedicularis	Onagraceae;Epilobium	Orobanchaceae;Pedicularis	Rosaceae;Potentilla	Orobanchaceae;Pedicularis
P003_WF01_00232 	Onagraceae;Epilobium	Onagraceae;Epilobium	Polygonaceae;Polygonum	Polygonaceae;Bistorta	Polygonaceae;Rumex	Rosaceae;Sibbaldia
P003_WF01_00287 	Onagraceae;Epilobium	Cyperaceae;Carex	Cyperaceae;Carex	Tofieldiaceae;Tofieldia	Cyperaceae;Carex	Cyperaceae;Carex
P003_WF02_00017 	Rosaceae;Dryas	Rosaceae;Dryas	Rosaceae;Dryas	Cyperaceae;Carex	Rosaceae;Dryas	Rosaceae;Spiraea
P003_WF04_00083 	Brassicaceae;Cardamine	Brassicaceae;Cardamine	Brassicaceae;Cardamine	Brassicaceae;Cardamine	Brassicaceae;Draba	Brassicaceae;Draba
P003_WF06_00038 	Asteraceae;Solidago	Asteraceae;Solidago	Asteraceae;Aster	Juncaceae;Luzula	Asteraceae;Aster	Asteraceae;Erigeron
P003_WF08_00088 	Salicaceae;Salix	Salicaceae;Salix	Salicaceae;Salix	Salicaceae;Salix	Salicaceae;Salix	Salicaceae;Salix
P003_WF11_00114 	Ranunculaceae;Ranunculus	Ranunculaceae;Ranunculus	Ranunculaceae;Ranunculus	Caryophyllaceae;Dianthus	Ranunculaceae;Ranunculus	Ranunculaceae;Ranunculus
P003_WF11_00152 	Ranunculaceae;Ranunculus	Caryophyllaceae;Dianthus	Caryophyllaceae;Arenaria	Caryophyllaceae;Viscaria	Caryophyllaceae;Minuartia	Caryophyllaceae;Silene
P003_WF12_00013 	Poaceae;Festuca	Poaceae;Elymus	Poaceae;Poa	Poaceae;Calamagrostis	Poaceae;Poa	Poaceae;Agrostis
P003_WF12_00124 	Poaceae;Festuca	Poaceae;Festuca	Orobanchaceae;Euphrasia	Poaceae;Festuca	Poaceae;Festuca	Poaceae;Festuca
P003_WG01_00114 	Ranunculaceae;Aconitum	Ranunculaceae;Aconitum	Cyperaceae;Carex	Ranunculaceae;Anemone	Ranunculaceae;Anemone	Ranunculaceae;Trollius
P003_WG02_00017 	Cyperaceae;Carex	Cyperaceae;Carex	Onagraceae;Epilobium	Tofieldiaceae;Tofieldia	Cyperaceae;Carex	Cyperaceae;Carex
P003_WG02_00023 	Cyperaceae;Carex	Ranunculaceae;Aconitum	Cyperaceae;Carex	Ranunculaceae;Anemone	Ranunculaceae;Anemone	Ranunculaceae;Trollius
P003_WG02_00064 	Cyperaceae;Carex	Rosaceae;Dryas	Rosaceae;Dryas	Cyperaceae;Carex	Rosaceae;Dryas	Rosaceae;Spiraea
P003_WG02_00110 	Cyperaceae;Carex	Cyperaceae;Carex	Cyperaceae;Carex	Cyperaceae;Carex	Cyperaceae;Carex	Cyperaceae;Carex
P003_WG03_00098 	Primulaceae;Soldanella	Primulaceae;Bryocarpum	Primulaceae;Soldanella	Primulaceae;Soldanella	Primulaceae;Trientalis	Primulaceae;Androsace
P003_WG04_00083 	Brassicaceae;Cardamine	Brassicaceae;Cardamine	Brassicaceae;Cardamine	Brassicaceae;Cardamine	Brassicaceae;Draba	Brassicaceae;Arabis
P003_WG05_00001 	Asteraceae;Leucanthemopsis	Asteraceae;Tanacetum	Asteraceae;Matricaria	Asteraceae;Anthemis	Asteraceae;Anthemis	Asteraceae;Leucanthemum
P003_WG06_00120 	Lentibulariaceae;Pinguicula	Lentibulariaceae;Pinguicula	Lentibulariaceae;Pinguicula	Lentibulariaceae;Pinguicula	Rosaceae;Potentilla	Orobanchaceae;Pedicularis
P003_WG07_00104 	Orobanchaceae;Pedicularis	Orobanchaceae;Pedicularis	Orobanchaceae;Pedicularis	Rosaceae;Potentilla	Orobanchaceae;Pedicularis	Orobanchaceae;Pedicularis
P003_WG08_00112 	Brassicaceae;Draba	Brassicaceae;Draba	Brassicaceae;Draba	Papaveraceae;Papaver	Brassicaceae;Draba	Brassicaceae;Arabis
P003_WG08_00238 	Brassicaceae;Draba	Saxifragaceae;Micranthes	Saxifragaceae;Saxifraga	Saxifragaceae;Saxifraga	Saxifragaceae;Saxifraga	Saxifragaceae;Saxifraga
P003_WG09_00001 	Poaceae;Sesleria	Poaceae;Calamagrostis	Poaceae;Sesleria	Poaceae;Sesleria	Poaceae;Poa	Poaceae;Agrostis
P003_WG09_00085 	Poaceae;Sesleria	Poaceae;Sesleria	Poaceae;Hyalopoa	Poaceae;Festuca	Poaceae;Festuca	Cyperaceae;Carex
P003_WG09_00131 	Poaceae;Sesleria	Poaceae;Calamagrostis	Poaceae;Sesleria	Poaceae;Sesleria	Poaceae;Poa	Poaceae;Agrostis
P003_WG10_00112 	Juncaceae;Juncus	Juncaceae;Juncus	Juncaceae;Juncus	Cyperaceae;Carex	Crassulaceae;Sedum	Cyperaceae;Carex
P003_WG11_00227 	Asteraceae;Cirsium	Plantaginaceae;Veronica	Asteraceae;Cirsium	Plantaginaceae;Veronica	Plantaginaceae;Veronica	Fabaceae;Hedysarum
P003_WG11_00293 	Asteraceae;Cirsium	Asteraceae;Cirsium	Asteraceae;Cirsium	Asteraceae;Saussurea	Asteraceae;Saussurea	Poaceae;Calamagrostis
P003_WG12_00076 	Cyperaceae;Carex	Cyperaceae;Carex	Cyperaceae;Carex	Cyperaceae;Carex	Cyperaceae;Carex	Cyperaceae;Carex
P003_WG12_00149 	Cyperaceae;Carex	Cyperaceae;Carex	Cyperaceae;Carex	Cyperaceae;Carex	Cyperaceae;Carex	Cyperaceae;Carex
P003_WH01_00085 	Orobanchaceae;Pedicularis	Orobanchaceae;Pedicularis	Rosaceae;Potentilla	Orobanchaceae;Pedicularis	Orobanchaceae;Pedicularis	Orobanchaceae;Pedicularis
P003_WH02_00108 	Orobanchaceae;Bartsia	Orobanchaceae;Brandisia	Orobanchaceae;Pedicularis	Rosaceae;Potentilla	Orobanchaceae;Euphrasia	Orobanchaceae;Pedicularis
P003_WH03_00015 	Primulaceae;Primula	Primulaceae;Primula	Primulaceae;Primula	Primulaceae;Primula	Primulaceae;Primula	Primulaceae;Primula
P003_WH04_00042 	Cyperaceae;Carex	Papaveraceae;Corydalis	Ranunculaceae;Aconitum	Cyperaceae;Carex	Brassicaceae;Draba	Papaveraceae;Papaver
P003_WH05_00032 	Campanulaceae;Campanula	Campanulaceae;Campanula	Campanulaceae;Campanula	Campanulaceae;Campanula	Campanulaceae;Campanula	Campanulaceae;Campanula
P003_WH06_00040 	Saxifragaceae;Saxifraga	Saxifragaceae;Micranthes	Brassicaceae;Draba	Saxifragaceae;Saxifraga	Saxifragaceae;Saxifraga	Saxifragaceae;Saxifraga
P003_WH07_00025 	Ranunculaceae;Ranunculus	Saxifragaceae;Saxifraga	Ranunculaceae;Ranunculus	Salicaceae;Salix	Saxifragaceae;Saxifraga	Saxifragaceae;Saxifraga
P003_WH08_00001 	Papaveraceae;Papaver	Papaveraceae;Meconopsis	Papaveraceae;Papaver	Ranunculaceae;Trollius	Ranunculaceae;Anemone	Ranunculaceae;Anemone
P003_WH09_00001 	Saxifragaceae;Saxifraga	Saxifragaceae;Saxifraga	Saxifragaceae;Saxifraga	Saxifragaceae;Saxifraga	Salicaceae;Salix	Saxifragaceae;Saxifraga
P003_WH10_00001 	Brassicaceae;Arabis	Brassicaceae;Arabis	Brassicaceae;Cardamine	Brassicaceae;Draba	Brassicaceae;Cardamine	Brassicaceae;Draba
P003_WH11_00108 	Asteraceae;Aster	Cyperaceae;Scleria	Juncaceae;Luzula	Juncaceae;Luzula	Asteraceae;Aster	Juncaceae;Luzula
P003_WH11_00111 	Asteraceae;Aster	Asteraceae;Diplostephium	Asteraceae;Aster	Asteraceae;Aster	Asteraceae;Erigeron	Asteraceae;Solidago
P004_WA02_00001 	Primulaceae;Primula	Primulaceae;Primula	Primulaceae;Primula	Primulaceae;Primula	Primulaceae;Primula	Primulaceae;Primula
P004_WB01_00007 	Poaceae;Alopecurus	Poaceae;Alopecurus	Poaceae;Alopecurus	Poaceae;Alopecurus	Poaceae;Arctophila	Poaceae;Arctagrostis
P004_WB01_00040 	Poaceae;Alopecurus	Poaceae;Alopecurus	Poaceae;Alopecurus	Poaceae;Alopecurus	Poaceae;Alopecurus	Poaceae;Alopecurus
P004_WB02_00066 	Ericaceae;Pieris	Ericaceae;Gaultheria	Ericaceae;Kalmia	Ericaceae;Harrimanella	Ericaceae;Cassiope	Ericaceae;Harrimanella
P004_WC01_00055 	Poaceae;Hierochloe	Poaceae;Calamagrostis	Poaceae;Calamagrostis	Poaceae;Hierochloe	Cyperaceae;Carex	Poaceae;Agrostis
P004_WC02_00091 	Polygonaceae;Polygonum	Polygonaceae;Bistorta	Polygonaceae;Bistorta	Polygonaceae;Rumex	Polygonaceae;Rumex	Polygonaceae;Rumex
P004_WD01_00023 	Poaceae;Festuca	Poaceae;Festuca	Orobanchaceae;Euphrasia	Poaceae;Festuca	Poaceae;Festuca	Poaceae;Festuca
P004_WD01_00124 	Poaceae;Festuca	Poaceae;Lolium	Poaceae;Festuca	Poaceae;Helictotrichon	Poaceae;Festuca	Cyperaceae;Carex
P004_WD02_00020 	Asteraceae;Antennaria	Asteraceae;Pseudognaphalium	Asteraceae;Antennaria	Asteraceae;Antennaria	Poaceae;Festuca	Asteraceae;Antennaria
P004_WE01_00055 	Pinaceae;Pinus	Pinaceae;Pinus	Polygonaceae;Rumex	Polygonaceae;Rumex	Brassicaceae;Draba	Papaveraceae;Papaver
P004_WF01_00098 	Cupressaceae;Juniperus	Cupressaceae;Juniperus	Pinaceae;Pinus	Ranunculaceae;Ranunculus	Apiaceae;Bupleurum	Salicaceae;Salix
P004_WG01_00107 	Rosaceae;Sieversia	Rosaceae;Fallugia	Rosaceae;Sibbaldia	Rosaceae;Potentilla	Rosaceae;Potentilla	Rosaceae;Potentilla
P004_WH01_00109 	Caryophyllaceae;Minuartia	Caryophyllaceae;Silene	Caryophyllaceae;Viscaria	Caryophyllaceae;Minuartia	Caryophyllaceae;Minuartia	Caryophyllaceae;Minuartia
P8807_501_00107 	Ericaceae;Andromeda	Ericaceae;Gaultheria	Ericaceae;Vaccinium	Ericaceae;Vaccinium	Ericaceae;Vaccinium	Ericaceae;Vaccinium
P8807_502_00047 	Lycopodiaceae;Huperzia	Lycopodiaceae;Huperzia	Lycopodiaceae;Diphasiastrum	Pinaceae;Pinus	Brassicaceae;Draba	Papaveraceae;Papaver
P8807_503_00057 	Ericaceae;Pyrola	Ericaceae;Pyrola	Ericaceae;Pyrola	Ericaceae;Pyrola	Ericaceae;Pyrola	Ericaceae;Kalmia
P8807_503_00066 	Ericaceae;Pyrola	Ericaceae;Pyrola	Ericaceae;Pyrola	Ericaceae;Pyrola	Ericaceae;Pyrola	Ericaceae;Pyrola
P8807_504_00066 	Salicaceae;Salix	Salicaceae;Salix	Salicaceae;Salix	Salicaceae;Salix	Salicaceae;Salix	Salicaceae;Salix
P8807_505_00044 	Cyperaceae;Carex	Cyperaceae;Carex	Crassulaceae;Sedum	Cyperaceae;Carex	Cyperaceae;Carex	Cyperaceae;Carex
P8807_506_00001 	Poaceae;Festuca	Poaceae;Festuca	Poaceae;Festuca	Poaceae;Festuca	Poaceae;Festuca	Poaceae;Festuca
P8807_507_00098 	Crassulaceae;Rhodiola	Crassulaceae;Rhodiola	Crassulaceae;Sempervivum	Crassulaceae;Sedum	Crassulaceae;Sedum	Polygonaceae;Rumex
P8807_508_00041 	Asteraceae;Hieracium	Asteraceae;Cichorium	Asteraceae;Hieracium	Asteraceae;Hieracium	Asteraceae;Taraxacum	Asteraceae;Taraxacum
P8807_509_00009 	Orobanchaceae;Pedicularis	Orobanchaceae;Pedicularis	Orobanchaceae;Pedicularis	Onagraceae;Epilobium	Rosaceae;Potentilla	Orobanchaceae;Pedicularis
P8807_510_00039 	Violaceae;Viola	Violaceae;Viola	Violaceae;Viola	Salicaceae;Salix	Salicaceae;Salix	Salicaceae;Salix
P8807_511_00001 	Poaceae;Poa	Poaceae;Poa	Poaceae;Poa	Poaceae;Poa	Poaceae;Phleum	Cyperaceae;Carex
P8807_511_00028 	Poaceae;Poa	Poaceae;Elymus	Poaceae;Poa	Poaceae;Calamagrostis	Poaceae;Poa	Poaceae;Agrostis
P8807_511_00115 	Poaceae;Poa	Poaceae;Elymus	Poaceae;Poa	Poaceae;Calamagrostis	Poaceae;Poa	Poaceae;Agrostis
P8807_512_00037 	Cyperaceae;Carex	Cyperaceae;Carex	Cyperaceae;Carex	Cyperaceae;Carex	Cyperaceae;Carex	Cyperaceae;Carex
P8807_513_00020 	Juncaceae;Luzula	Cyperaceae;Scleria	Juncaceae;Luzula	Juncaceae;Luzula	Asteraceae;Aster	Juncaceae;Luzula
P8807_514_00035 	Ericaceae;Harrimanella	Ericaceae;Rhododendron	Ericaceae;Harrimanella	Ericaceae;Cassiope	Ericaceae;Rhododendron	Ericaceae;Rhododendron
P8807_515_00034 	Asteraceae;Saussurea	Asteraceae;Saussurea	Asteraceae;Saussurea	Plantaginaceae;Veronica	Asteraceae;Cirsium	Poaceae;Calamagrostis
P8807_517_00102 	Ericaceae;Vaccinium	Ericaceae;Vaccinium	Ericaceae;Vaccinium	Ericaceae;Vaccinium	Ericaceae;Vaccinium	Ericaceae;Vaccinium
P8807_519_00069 	Salicaceae;Salix	Salicaceae;Salix	Salicaceae;Salix	Salicaceae;Salix	Salicaceae;Salix	Salicaceae;Salix
P8807_520_00113 	Juncaceae;Juncus	Cyperaceae;Cladium	Juncaceae;Juncus	Cyperaceae;Carex	Crassulaceae;Sedum	Selaginellaceae;Selaginella
P8807_521_00080 	Ericaceae;Vaccinium	Ericaceae;Vaccinium	Ericaceae;Vaccinium	Ericaceae;Vaccinium	Ericaceae;Vaccinium	Ericaceae;Vaccinium
P8807_522_00055 	Rosaceae;Dryas	Rosaceae;Dryas	Rosaceae;Dryas	Cyperaceae;Carex	Rosaceae;Dryas	Rosaceae;Spiraea
P8807_524_00029 	Orobanchaceae;Pedicularis	Orobanchaceae;Pedicularis	Orobanchaceae;Pedicularis	Rosaceae;Potentilla	Orobanchaceae;Pedicularis	Orobanchaceae;Pedicularis
P8807_526_00087 	Equisetaceae;Equisetum	Equisetaceae;Equisetum	Equisetaceae;Equisetum	Equisetaceae;Equisetum	Equisetaceae;Equisetum	Equisetaceae;Equisetum
P8807_527_00067 	Fabaceae;Astragalus	Fabaceae;Astragalus	Fabaceae;Astragalus	Fabaceae;Oxytropis	Fabaceae;Oxytropis	Fabaceae;Oxytropis
P8807_528_00068 	Diapensiaceae;Diapensia	Diapensiaceae;Diapensia	Apiaceae;Carum	Apiaceae;Carum	Apiaceae;Ligusticum	Primulaceae;Trientalis
WA01_00042 	Rosaceae;Potentilla	Rosaceae;Potentilla	Orobanchaceae;Pedicularis	Rosaceae;Potentilla	Rosaceae;Potentilla	Rosaceae;Potentilla
WA02_00056 	Salicaceae;Salix	Salicaceae;Salix	Salicaceae;Salix	Salicaceae;Salix	Salicaceae;Salix	Salicaceae;Salix
WA03_00058 	Poaceae;Calamagrostis	Poaceae;Calamagrostis	Poaceae;Hierochloe	Poaceae;Calamagrostis	Poaceae;Hierochloe	Poaceae;Calamagrostis
WA04_00093 	Ericaceae;Pyrola	Ericaceae;Pyrola	Ericaceae;Pyrola	Ericaceae;Pyrola	Ericaceae;Pyrola	Ericaceae;Pyrola
WA04_00102 	Ericaceae;Pyrola	Ericaceae;Pyrola	Ericaceae;Pyrola	Ericaceae;Pyrola	Ericaceae;Pyrola	Ericaceae;Kalmia
WA05_00087 	Lentibulariaceae;Pinguicula	Lentibulariaceae;Pinguicula	Lentibulariaceae;Pinguicula	Lentibulariaceae;Pinguicula	Rosaceae;Potentilla	Orobanchaceae;Pedicularis
WA07_00036 	Saxifragaceae;Saxifraga	Saxifragaceae;Saxifraga	Saxifragaceae;Saxifraga	Saxifragaceae;Saxifraga	Salicaceae;Salix	Saxifragaceae;Saxifraga
WA08_00013 	Ericaceae;Phyllodoce	Ericaceae;Rhododendron	Ericaceae;Empetrum	Ericaceae;Bryanthus	Ericaceae;Rhododendron	Ericaceae;Rhododendron
WA09_00033 	Ericaceae;Empetrum	Ericaceae;Rhododendron	Ericaceae;Empetrum	Ericaceae;Bryanthus	Ericaceae;Rhododendron	Ericaceae;Rhododendron
WA12_00079 	Cyperaceae;Carex	Polygonaceae;Rumex	Polygonaceae;Rumex	Polygonaceae;Rumex	Polygonaceae;Rumex	Polygonaceae;Bistorta
WB01_00106 	Cyperaceae;Carex	Cyperaceae;Carex	Cyperaceae;Carex	Cyperaceae;Carex	Cyperaceae;Carex	Cyperaceae;Carex
WB02_00077 	Geraniaceae;Geranium	Geraniaceae;Geranium	Geraniaceae;Geranium	Saxifragaceae;Saxifraga	Saxifragaceae;Saxifraga	Apiaceae;Tilingia
WB03_00015 	Campanulaceae;Campanula	Campanulaceae;Trachelium	Campanulaceae;Campanula	Campanulaceae;Campanula	Campanulaceae;Campanula	Campanulaceae;Campanula
WB04_00015 	Equisetaceae;Equisetum	Equisetaceae;Equisetum	Equisetaceae;Equisetum	Equisetaceae;Equisetum	Equisetaceae;Equisetum	Equisetaceae;Equisetum
WB05_00050 	Asteraceae;Petasites	Asteraceae;Gynoxys	Asteraceae;Senecio	Asteraceae;Solidago	Asteraceae;Leontodon	Asteraceae;Taraxacum
WB06_00001 	Poaceae;Poa	Poaceae;Poa	Poaceae;Poa	Poaceae;Poa	Poaceae;Phleum	Cyperaceae;Carex
WB07_00113 	Polygonaceae;Rumex	Polygonaceae;Rumex	Polygonaceae;Rumex	Polygonaceae;Rumex	Polygonaceae;Bistorta	Cyperaceae;Carex
WB08_00019 	Primulaceae;Trientalis	Primulaceae;Lysimachia	Primulaceae;Androsace	Primulaceae;Primula	Primulaceae;Primula	Primulaceae;Primula
WB09_00124 	Saxifragaceae;Saxifraga	Saxifragaceae;Micranthes	Brassicaceae;Draba	Saxifragaceae;Saxifraga	Saxifragaceae;Saxifraga	Saxifragaceae;Saxifraga
WB10_00022 	Rosaceae;Sibbaldia	Rosaceae;Sibbaldia	Rosaceae;Potentilla	Rosaceae;Alchemilla	Rosaceae;Potentilla	Rosaceae;Potentilla
WB11_00001 	Asteraceae;Hieracium	Asteraceae;Cichorium	Asteraceae;Hieracium	Asteraceae;Hieracium	Asteraceae;Taraxacum	Asteraceae;Taraxacum
WB12_00112 	Asteraceae;Taraxacum	Asteraceae;Taraxacum	Asteraceae;Taraxacum	Cyperaceae;Carex	Asteraceae;Taraxacum	Asteraceae;Taraxacum
WC01_00004 	Cyperaceae;Carex	Cyperaceae;Carex	Cyperaceae;Carex	Cyperaceae;Carex	Cyperaceae;Carex	Cyperaceae;Carex
WC01_00006 	Cyperaceae;Carex	Cyperaceae;Carex	Cyperaceae;Carex	Cyperaceae;Carex	Cyperaceae;Carex	Cyperaceae;Carex
WC01_00132 	Cyperaceae;Carex	Cyperaceae;Carex	Cyperaceae;Carex	Cyperaceae;Carex	Cyperaceae;Carex	Cyperaceae;Carex
WC02_00033 	Ericaceae;Arctous	Ericaceae;Arbutus	Ericaceae;Cassiope	Ericaceae;Harrimanella	Ericaceae;Harrimanella	Ericaceae;Rhododendron
WC03_00100 	Ericaceae;Pyrola	Ericaceae;Pyrola	Ericaceae;Pyrola	Ericaceae;Pyrola	Ericaceae;Pyrola	Ericaceae;Kalmia
WC03_00109 	Ericaceae;Pyrola	Ericaceae;Pyrola	Ericaceae;Pyrola	Ericaceae;Pyrola	Ericaceae;Pyrola	Ericaceae;Pyrola
WC04_00117 	Poaceae;Agrostis	Poaceae;Agrostis	Poaceae;Agrostis	Poaceae;Hierochloe	Poaceae;Calamagrostis	Poaceae;Hierochloe
WC05_00044 	Cyperaceae;Carex	Cyperaceae;Carex	Cyperaceae;Carex	Cyperaceae;Carex	Cyperaceae;Carex	Cyperaceae;Carex
WC06_00074 	Ericaceae;Vaccinium	Ericaceae;Vaccinium	Ericaceae;Vaccinium	Ericaceae;Vaccinium	Ericaceae;Vaccinium	Ericaceae;Vaccinium
