P001_WB01_00157 	Brassicaceae;Arabis	Poaceae;Avenella	Poaceae;Deschampsia	Poaceae;Avenella	Poaceae;Agrostis	Poaceae;Calamagrostis
P001_WB01_00242 	Brassicaceae;Arabis	Orobanchaceae;Euphrasia	Brassicaceae;Arabis	Orobanchaceae;Euphrasia	Orobanchaceae;Euphrasia	Orobanchaceae;Bartsia
P001_WB01_00373 	Brassicaceae;Arabis	Ranunculaceae;Ranunculus	Caryophyllaceae;Dianthus	Ranunculaceae;Ranunculus	Ranunculaceae;Ranunculus	Ranunculaceae;Ranunculus
P001_WB01_00450 	Brassicaceae;Arabis	Poaceae;Avenella	Poaceae;Deschampsia	Poaceae;Avenella	Poaceae;Poa	Poaceae;Alopecurus
P001_WB01_00475 	Brassicaceae;Arabis	Brassicaceae;Arabis	Asteraceae;Taraxacum	Brassicaceae;Arabis	Papaveraceae;Papaver	Brassicaceae;Draba
P001_WB02_00025 	Salicaceae;Salix	Salicaceae;Salix	Salicaceae;Salix	Salicaceae;Salix	Salicaceae;Salix	Salicaceae;Salix
P001_WB02_00211 	Salicaceae;Salix	Orobanchaceae;Euphrasia	Brassicaceae;Arabis	Salicaceae;Salix	Orobanchaceae;Euphrasia	Orobanchaceae;Euphrasia
P001_WC12_00110 	Cyperaceae;Carex	Cyperaceae;Carex	Crassulaceae;Sedum	Selaginellaceae;Selaginella	Cyperaceae;Carex	Cyperaceae;Carex
P001_WC12_00148 	Cyperaceae;Carex	Cyperaceae;Carex	Cyperaceae;Carex	Cyperaceae;Carex	Cyperaceae;Carex	Polygonaceae;Oxyria
P001_WD08_00053 	Caryophyllaceae;Cerastium	Boraginaceae;Borago	Boraginaceae;Myosotis	Plantaginaceae;Pennellianthus	Orobanchaceae;Pedicularis	Lentibulariaceae;Pinguicula
P001_WD08_00178 	Caryophyllaceae;Cerastium	Caryophyllaceae;Cerastium	Selaginellaceae;Selaginella	Caryophyllaceae;Cerastium	Caryophyllaceae;Cerastium	Cyperaceae;Carex
P001_WD11_00264 	Crassulaceae;Sedum	Asteraceae;Taraxacum	Asteraceae;Taraxacum	Cyperaceae;Carex	Asteraceae;Taraxacum	Asteraceae;Taraxacum
P001_WD11_00266 	Crassulaceae;Sedum	Cyperaceae;Carex	Crassulaceae;Sedum	Selaginellaceae;Selaginella	Cyperaceae;Carex	Cyperaceae;Carex
P001_WD11_00278 	Crassulaceae;Sedum	Crassulaceae;Rosularia	Crassulaceae;Sempervivum	Crassulaceae;Sedum	Crassulaceae;Rhodiola	Cupressaceae;Juniperus
P001_WD11_00293 	Crassulaceae;Sedum	Cyperaceae;Carex	Cyperaceae;Carex	Cyperaceae;Carex	Cyperaceae;Carex	Polygonaceae;Oxyria
P001_WE02_00008 	Cyperaceae;Kobresia	Cyperaceae;Carex	Cyperaceae;Carex	Selaginellaceae;Selaginella	Cyperaceae;Carex	Cyperaceae;Carex
P001_WE02_00015 	Cyperaceae;Kobresia	Cyperaceae;Carex	Cyperaceae;Carex	Cyperaceae;Carex	Cyperaceae;Carex	Polygonaceae;Oxyria
P001_WE04_00099 	Tofieldiaceae;Tofieldia	Cyperaceae;Carex	Cyperaceae;Carex	Cyperaceae;Carex	Polygonaceae;Oxyria	Cyperaceae;Carex
P001_WE04_00262 	Tofieldiaceae;Tofieldia	Tofieldiaceae;Tofieldia	Liliaceae;Fritillaria	Liliaceae;Gagea	Ranunculaceae;Thalictrum	Cyperaceae;Carex
P001_WE12_00120 	Cyperaceae;Carex	Cyperaceae;Carex	Cyperaceae;Carex	Cyperaceae;Carex	Cyperaceae;Carex	Polygonaceae;Oxyria
P001_WE12_00154 	Cyperaceae;Carex	Cyperaceae;Carex	Cyperaceae;Carex	Selaginellaceae;Selaginella	Cyperaceae;Carex	Cyperaceae;Carex
P001_WE12_00310 	Cyperaceae;Carex	Asteraceae;Taraxacum	Asteraceae;Taraxacum	Asteraceae;Taraxacum	Asteraceae;Taraxacum	Asteraceae;Taraxacum
P001_WF01_00111 	Equisetaceae;Equisetum	Equisetaceae;Equisetum	Equisetaceae;Equisetum	Equisetaceae;Equisetum	Equisetaceae;Equisetum	Equisetaceae;Equisetum
P001_WF01_00132 	Equisetaceae;Equisetum	Celastraceae;Parnassia	Selaginellaceae;Selaginella	Celastraceae;Parnassia	Brassicaceae;Draba	Brassicaceae;Arabis
P001_WF06_00110 	Orobanchaceae;Euphrasia	Orobanchaceae;Euphrasia	Orobanchaceae;Euphrasia	Orobanchaceae;Euphrasia	Orobanchaceae;Bartsia	Orobanchaceae;Pedicularis
P001_WF06_00227 	Orobanchaceae;Euphrasia	Poaceae;Festuca	Poaceae;Festuca	Poaceae;Festuca	Poaceae;Festuca	Poaceae;Festuca
P001_WG02_00067 	Cyperaceae;Carex	Cyperaceae;Carex	Cyperaceae;Carex	Selaginellaceae;Selaginella	Cyperaceae;Carex	Cyperaceae;Carex
P001_WG02_00240 	Cyperaceae;Carex	Cyperaceae;Carex	Cyperaceae;Carex	Cyperaceae;Carex	Selaginellaceae;Selaginella	Polygonaceae;Oxyria
P001_WG02_00254 	Cyperaceae;Carex	Ranunculaceae;Thalictrum	Cyperaceae;Carex	Ranunculaceae;Trollius	Ranunculaceae;Anemone	Ranunculaceae;Aconitum
P001_WG03_00064 	Selaginellaceae;Selaginella	Cyperaceae;Carex	Cyperaceae;Carex	Selaginellaceae;Selaginella	Cyperaceae;Carex	Cyperaceae;Carex
P001_WG03_00081 	Selaginellaceae;Selaginella	Cyperaceae;Carex	Polygonaceae;Oxyria	Cyperaceae;Carex	Cyperaceae;Carex	Cyperaceae;Carex
P001_WG03_00317 	Selaginellaceae;Selaginella	Cyperaceae;Carex	Cyperaceae;Eriophorum	Cyperaceae;Eriophorum	Cyperaceae;Eriophorum	Cyperaceae;Eriophorum
P001_WG03_00376 	Selaginellaceae;Selaginella	Caryophyllaceae;Cerastium	Caryophyllaceae;Cerastium	Caryophyllaceae;Cerastium	Cyperaceae;Carex	Caryophyllaceae;Cerastium
P001_WG03_00447 	Selaginellaceae;Selaginella	Celastraceae;Parnassia	Celastraceae;Parnassia	Rosaceae;Dryas	Cyperaceae;Carex	Rosaceae;Dryas
P001_WH06_00006 	Poaceae;Trisetum	Asteraceae;Sonchus	Asteraceae;Scorzonera	Asteraceae;Hieracium	Asteraceae;Hieracium	Asteraceae;Taraxacum
P001_WH06_00007 	Poaceae;Trisetum	Asteraceae;Cichorium	Asteraceae;Scorzonera	Asteraceae;Leontodon	Asteraceae;Hieracium	Asteraceae;Hieracium
P001_WH06_00118 	Poaceae;Trisetum	Poaceae;Koeleria	Poaceae;Calamagrostis	Poaceae;Calamagrostis	Poaceae;Calamagrostis	Poaceae;Calamagrostis
P001_WH10_00029 	Hypericaceae;Hypericum	Heteromyidae;Dipodomys	Saxifragaceae;Saxifraga	Salicaceae;Salix	Salicaceae;Salix	Salicaceae;Salix
P001_WH10_00084 	Hypericaceae;Hypericum	Primulaceae;Primula	Hypericaceae;Hypericum	Primulaceae;Primula	Ericaceae;Empetrum	Primulaceae;Trientalis
P002_WC01_00089 	Rosaceae;Potentilla	Rosaceae;Potentilla	Orobanchaceae;Pedicularis	Rosaceae;Potentilla	Rosaceae;Potentilla	Rosaceae;Potentilla
P002_WC01_00205 	Rosaceae;Potentilla	Orobanchaceae;Pedicularis	Orobanchaceae;Pedicularis	Orobanchaceae;Pedicularis	Orobanchaceae;Pedicularis	Orobanchaceae;Pedicularis
P002_WC12_00002 	Cyperaceae;Eriophorum	Cyperaceae;Carex	Cyperaceae;Eriophorum	Cyperaceae;Eriophorum	Selaginellaceae;Selaginella	Cyperaceae;Eriophorum
P002_WC12_00157 	Cyperaceae;Eriophorum	Cyperaceae;Carex	Cyperaceae;Eriophorum	Cyperaceae;Eriophorum	Cyperaceae;Eriophorum	Cyperaceae;Eriophorum
P002_WD01_00014 	Orobanchaceae;Pedicularis	Rosaceae;Potentilla	Orobanchaceae;Pedicularis	Rosaceae;Potentilla	Rosaceae;Potentilla	Rosaceae;Potentilla
P002_WD01_00203 	Orobanchaceae;Pedicularis	Orobanchaceae;Pedicularis	Orobanchaceae;Pedicularis	Orobanchaceae;Pedicularis	Orobanchaceae;Pedicularis	Orobanchaceae;Pedicularis
P002_WE07_00014 	Rosaceae;Spiraea	Rosaceae;Spiraea	Rosaceae;Dryas	Rosaceae;Dryas	Cyperaceae;Carex	Rosaceae;Dryas
P002_WE07_00210 	Rosaceae;Spiraea	Caryophyllaceae;Colobanthus	Caryophyllaceae;Minuartia	Caryophyllaceae;Sagina	Caryophyllaceae;Minuartia	Caryophyllaceae;Minuartia
P002_WF01_00076 	Poaceae;Calamagrostis	Asteraceae;Centaurea	Poaceae;Calamagrostis	Plantaginaceae;Veronica	Asteraceae;Cirsium	Asteraceae;Saussurea
P002_WF01_00175 	Poaceae;Calamagrostis	Poaceae;Calamagrostis	Poaceae;Calamagrostis	Poaceae;Calamagrostis	Poaceae;Calamagrostis	Poaceae;Calamagrostis
P002_WG02_00082 	Fabaceae;Hedysarum	Plantaginaceae;Veronica	Fabaceae;Hedysarum	Plantaginaceae;Veronica	Asteraceae;Cirsium	Plantaginaceae;Veronica
P002_WG02_00210 	Fabaceae;Hedysarum	Fabaceae;Hedysarum	Fabaceae;Hedysarum	Fabaceae;Astragalus	Fabaceae;Trifolium	Fabaceae;Oxytropis
P002_WG08_00119 	Cyperaceae;Eriophorum	Cyperaceae;Carex	Cyperaceae;Eriophorum	Cyperaceae;Eriophorum	Cyperaceae;Eriophorum	Cyperaceae;Eriophorum
P002_WG08_00136 	Cyperaceae;Eriophorum	Cyperaceae;Carex	Cyperaceae;Eriophorum	Cyperaceae;Eriophorum	Selaginellaceae;Selaginella	Cyperaceae;Eriophorum
P003_WA07_00039 	Cyperaceae;Carex	Poaceae;Holcus	Poaceae;Festuca	Poaceae;Sesleria	Poaceae;Alopecurus	Poaceae;Poa
P003_WA07_00071 	Cyperaceae;Carex	Poaceae;Castellia	Cyperaceae;Carex	Poaceae;Festuca	Poaceae;Festuca	Poaceae;Festuca
P003_WA07_00135 	Cyperaceae;Carex	Cyperaceae;Carex	Cyperaceae;Carex	Cyperaceae;Carex	Polygonaceae;Oxyria	Cyperaceae;Carex
P003_WA10_00027 	Gentianaceae;Gentiana	Gentianaceae;Gentiana	Gentianaceae;Gentiana	Gentianaceae;Gentiana	Gentianaceae;Gentiana	Gentianaceae;Gentianella
P003_WA10_00163 	Gentianaceae;Gentiana	Primulaceae;Bryocarpum	Primulaceae;Soldanella	Primulaceae;Soldanella	Primulaceae;Primula	Primulaceae;Primula
P003_WB04_00051 	Cyperaceae;Eriophorum	Cyperaceae;Carex	Cyperaceae;Eriophorum	Cyperaceae;Eriophorum	Cyperaceae;Eriophorum	Cyperaceae;Eriophorum
P003_WB04_00076 	Cyperaceae;Eriophorum	Cyperaceae;Carex	Cyperaceae;Eriophorum	Cyperaceae;Eriophorum	Selaginellaceae;Selaginella	Cyperaceae;Eriophorum
P003_WB08_00105 	Asteraceae;Antennaria	Asteraceae;Antennaria	Asteraceae;Antennaria	Asteraceae;Antennaria	Asteraceae;Omalotheca	Asteraceae;Gnaphalium
P003_WB08_00198 	Asteraceae;Antennaria	Cyperaceae;Carex	Cyperaceae;Eriophorum	Cyperaceae;Eriophorum	Asteraceae;Antennaria	Cyperaceae;Eriophorum
P003_WC04_00025 	Cyperaceae;Carex	Cyperaceae;Carex	Cyperaceae;Carex	Cyperaceae;Carex	Cyperaceae;Carex	Polygonaceae;Oxyria
P003_WC04_00069 	Cyperaceae;Carex	Cyperaceae;Carex	Cyperaceae;Carex	Selaginellaceae;Selaginella	Cyperaceae;Carex	Cyperaceae;Carex
P003_WC07_00020 	Juncaceae;Luzula	Juncaceae;Luzula	Juncaceae;Luzula	Juncaceae;Luzula	Juncaceae;Luzula	Cyperaceae;Carex
P003_WC07_00132 	Juncaceae;Luzula	Brassicaceae;Cochlearia	Brassicaceae;Cochlearia	Brassicaceae;Cardamine	Asteraceae;Taraxacum	Brassicaceae;Cardamine
P003_WC09_00090 	Cyperaceae;Carex	Cyperaceae;Carex	Cyperaceae;Carex	Cyperaceae;Carex	Selaginellaceae;Selaginella	Polygonaceae;Oxyria
P003_WC09_00132 	Cyperaceae;Carex	Cyperaceae;Carex	Cyperaceae;Carex	Selaginellaceae;Selaginella	Cyperaceae;Carex	Cyperaceae;Carex
P003_WC12_00141 	Juncaceae;Luzula	Asteraceae;Linochilus	Asteraceae;Aster	Asteraceae;Aster	Asteraceae;Solidago	Asteraceae;Erigeron
P003_WC12_00201 	Juncaceae;Luzula	Juncaceae;Luzula	Juncaceae;Luzula	Juncaceae;Luzula	Juncaceae;Luzula	Cyperaceae;Carex
P003_WD12_00018 	Plantaginaceae;Veronica	Plantaginaceae;Neopicrorhiza	Asteraceae;Cirsium	Plantaginaceae;Veronica	Plantaginaceae;Veronica	Fabaceae;Hedysarum
P003_WD12_00214 	Plantaginaceae;Veronica	Asteraceae;Cirsium	Asteraceae;Cirsium	Asteraceae;Saussurea	Asteraceae;Saussurea	Poaceae;Calamagrostis
P003_WE02_00067 	Poaceae;Festuca	Poaceae;Festuca	Poaceae;Festuca	Poaceae;Festuca	Poaceae;Festuca	Poaceae;Festuca
P003_WE02_00225 	Poaceae;Festuca	Asteraceae;Antennaria	Asteraceae;Antennaria	Asteraceae;Antennaria	Asteraceae;Antennaria	Asteraceae;Gnaphalium
P003_WE07_00060 	Cyperaceae;Eriophorum	Cyperaceae;Carex	Cyperaceae;Eriophorum	Cyperaceae;Eriophorum	Cyperaceae;Eriophorum	Cyperaceae;Eriophorum
P003_WE07_00097 	Cyperaceae;Eriophorum	Cyperaceae;Carex	Cyperaceae;Eriophorum	Cyperaceae;Eriophorum	Cyperaceae;Eriophorum	Cyperaceae;Eriophorum
P003_WE11_00222 	Cyperaceae;Carex	Cyperaceae;Carex	Cyperaceae;Carex	Cyperaceae;Carex	Cyperaceae;Carex	Polygonaceae;Oxyria
P003_WE11_00245 	Cyperaceae;Carex	Juncaceae;Luzula	Juncaceae;Luzula	Juncaceae;Luzula	Juncaceae;Luzula	Juncaceae;Luzula
P003_WE12_00085 	Caryophyllaceae;Dianthus	Caryophyllaceae;Dianthus	Ranunculaceae;Ranunculus	Caryophyllaceae;Viscaria	Rosaceae;Spiraea	Caryophyllaceae;Minuartia
P003_WE12_00104 	Caryophyllaceae;Dianthus	Ranunculaceae;Ranunculus	Ranunculaceae;Ranunculus	Ranunculaceae;Ranunculus	Brassicaceae;Arabis	Ranunculaceae;Ranunculus
P003_WF01_00136 	Onagraceae;Epilobium	Cyperaceae;Carex	Cyperaceae;Carex	Polygonaceae;Oxyria	Cyperaceae;Carex	Cyperaceae;Carex
P003_WF01_00219 	Onagraceae;Epilobium	Onagraceae;Epilobium	Cupressaceae;Juniperus	Betulaceae;Betula	Cyperaceae;Carex	Rosaceae;Dryas
P003_WF01_00412 	Onagraceae;Epilobium	Orobanchaceae;Pedicularis	Onagraceae;Epilobium	Rosaceae;Potentilla	Orobanchaceae;Pedicularis	Orobanchaceae;Pedicularis
P003_WF11_00099 	Ranunculaceae;Ranunculus	Ranunculaceae;Ranunculus	Ranunculaceae;Ranunculus	Ranunculaceae;Ranunculus	Brassicaceae;Arabis	Ranunculaceae;Ranunculus
P003_WF11_00146 	Ranunculaceae;Ranunculus	Caryophyllaceae;Dianthus	Ranunculaceae;Ranunculus	Caryophyllaceae;Viscaria	Rosaceae;Spiraea	Caryophyllaceae;Minuartia
P003_WG02_00050 	Cyperaceae;Carex	Rosaceae;Dryas	Rosaceae;Dryas	Cyperaceae;Carex	Rosaceae;Dryas	Rosaceae;Spiraea
P003_WG02_00083 	Cyperaceae;Carex	Cyperaceae;Carex	Polygonaceae;Oxyria	Cyperaceae;Carex	Cyperaceae;Carex	Cyperaceae;Carex
P003_WG02_00207 	Cyperaceae;Carex	Ranunculaceae;Aconitum	Ranunculaceae;Aconitum	Ranunculaceae;Anemone	Ranunculaceae;Anemone	Ranunculaceae;Trollius
P003_WG08_00123 	Brassicaceae;Draba	Brassicaceae;Draba	Brassicaceae;Draba	Brassicaceae;Draba	Papaveraceae;Papaver	Brassicaceae;Arabis
P003_WG08_00226 	Brassicaceae;Draba	Saxifragaceae;Micranthes	Saxifragaceae;Saxifraga	Saxifragaceae;Saxifraga	Saxifragaceae;Saxifraga	Saxifragaceae;Saxifraga
P003_WG11_00169 	Asteraceae;Cirsium	Cyperaceae;Carex	Cyperaceae;Carex	Cyperaceae;Carex	Cyperaceae;Carex	Cyperaceae;Carex
P003_WG11_00240 	Asteraceae;Cirsium	Plantaginaceae;Neopicrorhiza	Asteraceae;Cirsium	Plantaginaceae;Veronica	Plantaginaceae;Veronica	Fabaceae;Hedysarum
P003_WG11_00307 	Asteraceae;Cirsium	Asteraceae;Cirsium	Asteraceae;Cirsium	Asteraceae;Saussurea	Asteraceae;Saussurea	Poaceae;Calamagrostis
P003_WH02_00047 	Orobanchaceae;Bartsia	Cyperaceae;Carex	Cyperaceae;Carex	Orobanchaceae;Bartsia	Cyperaceae;Carex	Cyperaceae;Carex
P003_WH02_00124 	Orobanchaceae;Bartsia	Orobanchaceae;Melampyrum	Orobanchaceae;Euphrasia	Orobanchaceae;Euphrasia	Orobanchaceae;Euphrasia	Orobanchaceae;Pedicularis
P003_WH02_00162 	Orobanchaceae;Bartsia	Cyperaceae;Carex	Selaginellaceae;Selaginella	Cyperaceae;Carex	Orobanchaceae;Bartsia	Cyperaceae;Carex
P8807_505_00003 	Cyperaceae;Carex	Cyperaceae;Carex	Cyperaceae;Carex	Selaginellaceae;Selaginella	Cyperaceae;Carex	Cyperaceae;Carex
P8807_505_00039 	Cyperaceae;Carex	Cyperaceae;Carex	Cyperaceae;Carex	Cyperaceae;Carex	Cyperaceae;Carex	Polygonaceae;Oxyria
P8807_520_00038 	Juncaceae;Juncus	Cyperaceae;Mapania	Juncaceae;Juncus	Juncaceae;Juncus	Cyperaceae;Eriophorum	Cyperaceae;Eriophorum
P8807_520_00109 	Juncaceae;Juncus	Cyperaceae;Hypolytrum	Juncaceae;Juncus	Polygonaceae;Oxyria	Cyperaceae;Carex	Cyperaceae;Carex
WC01_00080 	Cyperaceae;Carex	Cyperaceae;Carex	Cyperaceae;Carex	Cyperaceae;Carex	Selaginellaceae;Selaginella	Polygonaceae;Oxyria
WC01_00127 	Cyperaceae;Carex	Cyperaceae;Carex	Cyperaceae;Carex	Selaginellaceae;Selaginella	Cyperaceae;Carex	Cyperaceae;Carex
WC02_00080 	Ericaceae;Arctous	Ericaceae;Arbutus	Ericaceae;Harrimanella	Ericaceae;Pieris	Ericaceae;Vaccinium	Ericaceae;Vaccinium
WC02_00113 	Ericaceae;Arctous	Ericaceae;Arbutus	Ericaceae;Arctous	Ericaceae;Rhododendron	Ericaceae;Rhododendron	Primulaceae;Trientalis
