P001_WB01_00157 	Brassicaceae	Poaceae	Poaceae	Poaceae	Poaceae	Poaceae
P001_WB01_00242 	Brassicaceae	Orobanchaceae	Brassicaceae	Orobanchaceae	Orobanchaceae	Orobanchaceae
P001_WB01_00373 	Brassicaceae	Ranunculaceae	Caryophyllaceae	Ranunculaceae	Ranunculaceae	Ranunculaceae
P001_WB01_00450 	Brassicaceae	Poaceae	Poaceae	Poaceae	Poaceae	Poaceae
P001_WB01_00475 	Brassicaceae	Brassicaceae	Asteraceae	Brassicaceae	Papaveraceae	Brassicaceae
P001_WB02_00025 	Salicaceae	Salicaceae	Salicaceae	Salicaceae	Salicaceae	Salicaceae
P001_WB02_00211 	Salicaceae	Orobanchaceae	Brassicaceae	Salicaceae	Orobanchaceae	Orobanchaceae
P001_WC12_00110 	Cyperaceae	Cyperaceae	Crassulaceae	Selaginellaceae	Cyperaceae	Cyperaceae
P001_WC12_00148 	Cyperaceae	Cyperaceae	Cyperaceae	Cyperaceae	Cyperaceae	Polygonaceae
P001_WD08_00053 	Caryophyllaceae	Boraginaceae	Boraginaceae	Plantaginaceae	Orobanchaceae	Lentibulariaceae
P001_WD08_00178 	Caryophyllaceae	Caryophyllaceae	Selaginellaceae	Caryophyllaceae	Caryophyllaceae	Cyperaceae
P001_WD11_00264 	Crassulaceae	Asteraceae	Asteraceae	Cyperaceae	Asteraceae	Asteraceae
P001_WD11_00266 	Crassulaceae	Cyperaceae	Crassulaceae	Selaginellaceae	Cyperaceae	Cyperaceae
P001_WD11_00278 	Crassulaceae	Crassulaceae	Crassulaceae	Crassulaceae	Crassulaceae	Cupressaceae
P001_WD11_00293 	Crassulaceae	Cyperaceae	Cyperaceae	Cyperaceae	Cyperaceae	Polygonaceae
P001_WE02_00008 	Cyperaceae	Cyperaceae	Cyperaceae	Selaginellaceae	Cyperaceae	Cyperaceae
P001_WE02_00015 	Cyperaceae	Cyperaceae	Cyperaceae	Cyperaceae	Cyperaceae	Polygonaceae
P001_WE04_00099 	Tofieldiaceae	Cyperaceae	Cyperaceae	Cyperaceae	Polygonaceae	Cyperaceae
P001_WE04_00262 	Tofieldiaceae	Tofieldiaceae	Liliaceae	Liliaceae	Ranunculaceae	Cyperaceae
P001_WE12_00120 	Cyperaceae	Cyperaceae	Cyperaceae	Cyperaceae	Cyperaceae	Polygonaceae
P001_WE12_00154 	Cyperaceae	Cyperaceae	Cyperaceae	Selaginellaceae	Cyperaceae	Cyperaceae
P001_WE12_00310 	Cyperaceae	Asteraceae	Asteraceae	Asteraceae	Asteraceae	Asteraceae
P001_WF01_00111 	Equisetaceae	Equisetaceae	Equisetaceae	Equisetaceae	Equisetaceae	Equisetaceae
P001_WF01_00132 	Equisetaceae	Celastraceae	Selaginellaceae	Celastraceae	Brassicaceae	Brassicaceae
P001_WF06_00110 	Orobanchaceae	Orobanchaceae	Orobanchaceae	Orobanchaceae	Orobanchaceae	Orobanchaceae
P001_WF06_00227 	Orobanchaceae	Poaceae	Poaceae	Poaceae	Poaceae	Poaceae
P001_WG02_00067 	Cyperaceae	Cyperaceae	Cyperaceae	Selaginellaceae	Cyperaceae	Cyperaceae
P001_WG02_00240 	Cyperaceae	Cyperaceae	Cyperaceae	Cyperaceae	Selaginellaceae	Polygonaceae
P001_WG02_00254 	Cyperaceae	Ranunculaceae	Cyperaceae	Ranunculaceae	Ranunculaceae	Ranunculaceae
P001_WG03_00064 	Selaginellaceae	Cyperaceae	Cyperaceae	Selaginellaceae	Cyperaceae	Cyperaceae
P001_WG03_00081 	Selaginellaceae	Cyperaceae	Polygonaceae	Cyperaceae	Cyperaceae	Cyperaceae
P001_WG03_00317 	Selaginellaceae	Cyperaceae	Cyperaceae	Cyperaceae	Cyperaceae	Cyperaceae
P001_WG03_00376 	Selaginellaceae	Caryophyllaceae	Caryophyllaceae	Caryophyllaceae	Cyperaceae	Caryophyllaceae
P001_WG03_00447 	Selaginellaceae	Celastraceae	Celastraceae	Rosaceae	Cyperaceae	Rosaceae
P001_WH06_00006 	Poaceae	Asteraceae	Asteraceae	Asteraceae	Asteraceae	Asteraceae
P001_WH06_00007 	Poaceae	Asteraceae	Asteraceae	Asteraceae	Asteraceae	Asteraceae
P001_WH06_00118 	Poaceae	Poaceae	Poaceae	Poaceae	Poaceae	Poaceae
P001_WH10_00029 	Hypericaceae	Heteromyidae	Saxifragaceae	Salicaceae	Salicaceae	Salicaceae
P001_WH10_00084 	Hypericaceae	Primulaceae	Hypericaceae	Primulaceae	Ericaceae	Primulaceae
P002_WC01_00089 	Rosaceae	Rosaceae	Orobanchaceae	Rosaceae	Rosaceae	Rosaceae
P002_WC01_00205 	Rosaceae	Orobanchaceae	Orobanchaceae	Orobanchaceae	Orobanchaceae	Orobanchaceae
P002_WC12_00002 	Cyperaceae	Cyperaceae	Cyperaceae	Cyperaceae	Selaginellaceae	Cyperaceae
P002_WC12_00157 	Cyperaceae	Cyperaceae	Cyperaceae	Cyperaceae	Cyperaceae	Cyperaceae
P002_WD01_00014 	Orobanchaceae	Rosaceae	Orobanchaceae	Rosaceae	Rosaceae	Rosaceae
P002_WD01_00203 	Orobanchaceae	Orobanchaceae	Orobanchaceae	Orobanchaceae	Orobanchaceae	Orobanchaceae
P002_WE07_00014 	Rosaceae	Rosaceae	Rosaceae	Rosaceae	Cyperaceae	Rosaceae
P002_WE07_00210 	Rosaceae	Caryophyllaceae	Caryophyllaceae	Caryophyllaceae	Caryophyllaceae	Caryophyllaceae
P002_WF01_00076 	Poaceae	Asteraceae	Poaceae	Plantaginaceae	Asteraceae	Asteraceae
P002_WF01_00175 	Poaceae	Poaceae	Poaceae	Poaceae	Poaceae	Poaceae
P002_WG02_00082 	Fabaceae	Plantaginaceae	Fabaceae	Plantaginaceae	Asteraceae	Plantaginaceae
P002_WG02_00210 	Fabaceae	Fabaceae	Fabaceae	Fabaceae	Fabaceae	Fabaceae
P002_WG08_00119 	Cyperaceae	Cyperaceae	Cyperaceae	Cyperaceae	Cyperaceae	Cyperaceae
P002_WG08_00136 	Cyperaceae	Cyperaceae	Cyperaceae	Cyperaceae	Selaginellaceae	Cyperaceae
P003_WA07_00039 	Cyperaceae	Poaceae	Poaceae	Poaceae	Poaceae	Poaceae
P003_WA07_00071 	Cyperaceae	Poaceae	Cyperaceae	Poaceae	Poaceae	Poaceae
P003_WA07_00135 	Cyperaceae	Cyperaceae	Cyperaceae	Cyperaceae	Polygonaceae	Cyperaceae
P003_WA10_00027 	Gentianaceae	Gentianaceae	Gentianaceae	Gentianaceae	Gentianaceae	Gentianaceae
P003_WA10_00163 	Gentianaceae	Primulaceae	Primulaceae	Primulaceae	Primulaceae	Primulaceae
P003_WB04_00051 	Cyperaceae	Cyperaceae	Cyperaceae	Cyperaceae	Cyperaceae	Cyperaceae
P003_WB04_00076 	Cyperaceae	Cyperaceae	Cyperaceae	Cyperaceae	Selaginellaceae	Cyperaceae
P003_WB08_00105 	Asteraceae	Asteraceae	Asteraceae	Asteraceae	Asteraceae	Asteraceae
P003_WB08_00198 	Asteraceae	Cyperaceae	Cyperaceae	Cyperaceae	Asteraceae	Cyperaceae
P003_WC04_00025 	Cyperaceae	Cyperaceae	Cyperaceae	Cyperaceae	Cyperaceae	Polygonaceae
P003_WC04_00069 	Cyperaceae	Cyperaceae	Cyperaceae	Selaginellaceae	Cyperaceae	Cyperaceae
P003_WC07_00020 	Juncaceae	Juncaceae	Juncaceae	Juncaceae	Juncaceae	Cyperaceae
P003_WC07_00132 	Juncaceae	Brassicaceae	Brassicaceae	Brassicaceae	Asteraceae	Brassicaceae
P003_WC09_00090 	Cyperaceae	Cyperaceae	Cyperaceae	Cyperaceae	Selaginellaceae	Polygonaceae
P003_WC09_00132 	Cyperaceae	Cyperaceae	Cyperaceae	Selaginellaceae	Cyperaceae	Cyperaceae
P003_WC12_00141 	Juncaceae	Asteraceae	Asteraceae	Asteraceae	Asteraceae	Asteraceae
P003_WC12_00201 	Juncaceae	Juncaceae	Juncaceae	Juncaceae	Juncaceae	Cyperaceae
P003_WD12_00018 	Plantaginaceae	Plantaginaceae	Asteraceae	Plantaginaceae	Plantaginaceae	Fabaceae
P003_WD12_00214 	Plantaginaceae	Asteraceae	Asteraceae	Asteraceae	Asteraceae	Poaceae
P003_WE02_00067 	Poaceae	Poaceae	Poaceae	Poaceae	Poaceae	Poaceae
P003_WE02_00225 	Poaceae	Asteraceae	Asteraceae	Asteraceae	Asteraceae	Asteraceae
P003_WE07_00060 	Cyperaceae	Cyperaceae	Cyperaceae	Cyperaceae	Cyperaceae	Cyperaceae
P003_WE07_00097 	Cyperaceae	Cyperaceae	Cyperaceae	Cyperaceae	Cyperaceae	Cyperaceae
P003_WE11_00222 	Cyperaceae	Cyperaceae	Cyperaceae	Cyperaceae	Cyperaceae	Polygonaceae
P003_WE11_00245 	Cyperaceae	Juncaceae	Juncaceae	Juncaceae	Juncaceae	Juncaceae
P003_WE12_00085 	Caryophyllaceae	Caryophyllaceae	Ranunculaceae	Caryophyllaceae	Rosaceae	Caryophyllaceae
P003_WE12_00104 	Caryophyllaceae	Ranunculaceae	Ranunculaceae	Ranunculaceae	Brassicaceae	Ranunculaceae
P003_WF01_00136 	Onagraceae	Cyperaceae	Cyperaceae	Polygonaceae	Cyperaceae	Cyperaceae
P003_WF01_00219 	Onagraceae	Onagraceae	Cupressaceae	Betulaceae	Cyperaceae	Rosaceae
P003_WF01_00412 	Onagraceae	Orobanchaceae	Onagraceae	Rosaceae	Orobanchaceae	Orobanchaceae
P003_WF11_00099 	Ranunculaceae	Ranunculaceae	Ranunculaceae	Ranunculaceae	Brassicaceae	Ranunculaceae
P003_WF11_00146 	Ranunculaceae	Caryophyllaceae	Ranunculaceae	Caryophyllaceae	Rosaceae	Caryophyllaceae
P003_WG02_00050 	Cyperaceae	Rosaceae	Rosaceae	Cyperaceae	Rosaceae	Rosaceae
P003_WG02_00083 	Cyperaceae	Cyperaceae	Polygonaceae	Cyperaceae	Cyperaceae	Cyperaceae
P003_WG02_00207 	Cyperaceae	Ranunculaceae	Ranunculaceae	Ranunculaceae	Ranunculaceae	Ranunculaceae
P003_WG08_00123 	Brassicaceae	Brassicaceae	Brassicaceae	Brassicaceae	Papaveraceae	Brassicaceae
P003_WG08_00226 	Brassicaceae	Saxifragaceae	Saxifragaceae	Saxifragaceae	Saxifragaceae	Saxifragaceae
P003_WG11_00169 	Asteraceae	Cyperaceae	Cyperaceae	Cyperaceae	Cyperaceae	Cyperaceae
P003_WG11_00240 	Asteraceae	Plantaginaceae	Asteraceae	Plantaginaceae	Plantaginaceae	Fabaceae
P003_WG11_00307 	Asteraceae	Asteraceae	Asteraceae	Asteraceae	Asteraceae	Poaceae
P003_WH02_00047 	Orobanchaceae	Cyperaceae	Cyperaceae	Orobanchaceae	Cyperaceae	Cyperaceae
P003_WH02_00124 	Orobanchaceae	Orobanchaceae	Orobanchaceae	Orobanchaceae	Orobanchaceae	Orobanchaceae
P003_WH02_00162 	Orobanchaceae	Cyperaceae	Selaginellaceae	Cyperaceae	Orobanchaceae	Cyperaceae
P8807_505_00003 	Cyperaceae	Cyperaceae	Cyperaceae	Selaginellaceae	Cyperaceae	Cyperaceae
P8807_505_00039 	Cyperaceae	Cyperaceae	Cyperaceae	Cyperaceae	Cyperaceae	Polygonaceae
P8807_520_00038 	Juncaceae	Cyperaceae	Juncaceae	Juncaceae	Cyperaceae	Cyperaceae
P8807_520_00109 	Juncaceae	Cyperaceae	Juncaceae	Polygonaceae	Cyperaceae	Cyperaceae
WC01_00080 	Cyperaceae	Cyperaceae	Cyperaceae	Cyperaceae	Selaginellaceae	Polygonaceae
WC01_00127 	Cyperaceae	Cyperaceae	Cyperaceae	Selaginellaceae	Cyperaceae	Cyperaceae
WC02_00080 	Ericaceae	Ericaceae	Ericaceae	Ericaceae	Ericaceae	Ericaceae
WC02_00113 	Ericaceae	Ericaceae	Ericaceae	Ericaceae	Ericaceae	Primulaceae
