P001_WA06_00015 	Cyperaceae	Cyperaceae	Onagraceae	Cyperaceae	Cyperaceae	Cyperaceae
P001_WA06_00143 	Cyperaceae	Cyperaceae	Cyperaceae	Cyperaceae	Cyperaceae	Cyperaceae
P001_WB01_00101 	Brassicaceae	Poaceae	Poaceae	Poaceae	Poaceae	Poaceae
P001_WB01_00143 	Brassicaceae	Orobanchaceae	Brassicaceae	Orobanchaceae	Orobanchaceae	Orobanchaceae
P001_WB01_00173 	Brassicaceae	Ranunculaceae	Ranunculaceae	Caryophyllaceae	Ranunculaceae	Ranunculaceae
P001_WB01_00286 	Brassicaceae	Brassicaceae	Brassicaceae	Asteraceae	Brassicaceae	Brassicaceae
P001_WB02_00035 	Salicaceae	Poaceae	Salicaceae	Poaceae	Poaceae	Poaceae
P001_WB02_00120 	Salicaceae	Salicaceae	Salicaceae	Salicaceae	Salicaceae	Salicaceae
P001_WD08_00112 	Caryophyllaceae	Caryophyllaceae	Caryophyllaceae	Caryophyllaceae	Cyperaceae	Caryophyllaceae
P001_WD08_00146 	Caryophyllaceae	Boraginaceae	Boraginaceae	Plantaginaceae	Orobanchaceae	Orobanchaceae
P001_WD11_00081 	Crassulaceae	Crassulaceae	Crassulaceae	Crassulaceae	Crassulaceae	Saxifragaceae
P001_WD11_00095 	Crassulaceae	Cyperaceae	Crassulaceae	Cyperaceae	Cyperaceae	Cyperaceae
P001_WD11_00144 	Crassulaceae	Cyperaceae	Cyperaceae	Cyperaceae	Cyperaceae	Cyperaceae
P001_WD11_00369 	Crassulaceae	Asteraceae	Asteraceae	Asteraceae	Asteraceae	Asteraceae
P001_WE02_00131 	Cyperaceae	Cyperaceae	Cyperaceae	Cyperaceae	Cyperaceae	Cyperaceae
P001_WE02_00138 	Cyperaceae	Cyperaceae	Cyperaceae	Cyperaceae	Cyperaceae	Cyperaceae
P001_WE03_00035 	Ranunculaceae	Ranunculaceae	Ranunculaceae	Brassicaceae	Ranunculaceae	Ranunculaceae
P001_WE03_00036 	Ranunculaceae	Ranunculaceae	Ranunculaceae	Ranunculaceae	Caryophyllaceae	Ranunculaceae
P001_WE04_00102 	Tofieldiaceae	Cyperaceae	Cyperaceae	Cyperaceae	Cyperaceae	Cyperaceae
P001_WE04_00177 	Tofieldiaceae	Tofieldiaceae	Ranunculaceae	Liliaceae	Orchidaceae	Ranunculaceae
P001_WE11_00050 	Poaceae	Poaceae	Poaceae	Poaceae	Poaceae	Poaceae
P001_WE11_00129 	Poaceae	Asteraceae	Asteraceae	Cyperaceae	Asteraceae	Asteraceae
P001_WE12_00022 	Cyperaceae	Cyperaceae	Cyperaceae	Cyperaceae	Cyperaceae	Cyperaceae
P001_WE12_00102 	Cyperaceae	Geraniaceae	Geraniaceae	Geraniaceae	Apiaceae	Polygonaceae
P001_WE12_00213 	Cyperaceae	Hypericaceae	Hypericaceae	Apiaceae	Apiaceae	Apiaceae
P001_WE12_00236 	Cyperaceae	Asteraceae	Cyperaceae	Asteraceae	Asteraceae	Asteraceae
P001_WF01_00056 	Equisetaceae	Equisetaceae	Equisetaceae	Equisetaceae	Equisetaceae	Equisetaceae
P001_WF01_00231 	Equisetaceae	Cyperaceae	Cyperaceae	Cyperaceae	Cyperaceae	Cyperaceae
P001_WF01_00240 	Equisetaceae	Cyperaceae	Cyperaceae	Cyperaceae	Cyperaceae	Polygonaceae
P001_WF06_00048 	Orobanchaceae	Orobanchaceae	Brassicaceae	Orobanchaceae	Orobanchaceae	Orobanchaceae
P001_WF06_00182 	Orobanchaceae	Poaceae	Poaceae	Poaceae	Poaceae	Poaceae
P001_WG01_00074 	Ranunculaceae	Ranunculaceae	Cyperaceae	Ranunculaceae	Ranunculaceae	Cyperaceae
P001_WG01_00075 	Ranunculaceae	Ranunculaceae	Cyperaceae	Ranunculaceae	Ranunculaceae	Cyperaceae
P001_WG02_00001 	Cyperaceae	Cyperaceae	Cyperaceae	Selaginellaceae	Cyperaceae	Cyperaceae
P001_WG02_00005 	Cyperaceae	Cyperaceae	Cyperaceae	Cyperaceae	Cyperaceae	Cyperaceae
P001_WG02_00119 	Cyperaceae	Ranunculaceae	Ranunculaceae	Ranunculaceae	Cyperaceae	Ranunculaceae
P001_WG02_00198 	Cyperaceae	Cyperaceae	Cyperaceae	Cyperaceae	Cyperaceae	Cyperaceae
P001_WG03_00162 	Selaginellaceae	Cyperaceae	Cyperaceae	Cyperaceae	Cyperaceae	Cyperaceae
P001_WG03_00212 	Selaginellaceae	Caryophyllaceae	Caryophyllaceae	Caryophyllaceae	Cyperaceae	Caryophyllaceae
P001_WG03_00235 	Selaginellaceae	Celastraceae	Celastraceae	Rosaceae	Cyperaceae	Rosaceae
P001_WG03_00304 	Selaginellaceae	Cyperaceae	Cyperaceae	Cyperaceae	Cyperaceae	Crassulaceae
P001_WG03_00324 	Selaginellaceae	Ranunculaceae	Cyperaceae	Selaginellaceae	Ranunculaceae	Cyperaceae
P001_WH02_00133 	Salicaceae	Salicaceae	Salicaceae	Salicaceae	Salicaceae	Salicaceae
P001_WH02_00140 	Salicaceae	Salicaceae	Salicaceae	Salicaceae	Salicaceae	Salicaceae
P001_WH06_00005 	Poaceae	Asteraceae	Asteraceae	Cyperaceae	Asteraceae	Asteraceae
P001_WH06_00077 	Poaceae	Poaceae	Poaceae	Poaceae	Poaceae	Poaceae
P001_WH09_00056 	Primulaceae	Primulaceae	Primulaceae	Primulaceae	Primulaceae	Primulaceae
P001_WH09_00057 	Primulaceae	Primulaceae	Primulaceae	Primulaceae	Primulaceae	Primulaceae
P001_WH12_00039 	Asteraceae	Asteraceae	Asteraceae	Asteraceae	Asteraceae	Asteraceae
P001_WH12_00094 	Asteraceae	Asteraceae	Asteraceae	Asteraceae	Asteraceae	Asteraceae
P002_WB05_00095 	Orobanchaceae	Orobanchaceae	Orobanchaceae	Onagraceae	Orobanchaceae	Orobanchaceae
P002_WB05_00106 	Orobanchaceae	Orobanchaceae	Orobanchaceae	Orobanchaceae	Rosaceae	Orobanchaceae
P002_WC01_00012 	Rosaceae	Orobanchaceae	Orobanchaceae	Orobanchaceae	Orobanchaceae	Orobanchaceae
P002_WC01_00140 	Rosaceae	Rosaceae	Orobanchaceae	Rosaceae	Rosaceae	Rosaceae
P002_WC06_00083 	Juncaceae	Cyperaceae	Juncaceae	Juncaceae	Cyperaceae	Cyperaceae
P002_WC06_00084 	Juncaceae	Juncaceae	Juncaceae	Juncaceae	Juncaceae	Juncaceae
P002_WD01_00065 	Orobanchaceae	Rosaceae	Orobanchaceae	Rosaceae	Rosaceae	Rosaceae
P002_WD01_00155 	Orobanchaceae	Orobanchaceae	Orobanchaceae	Orobanchaceae	Orobanchaceae	Orobanchaceae
P002_WD10_00093 	Salicaceae	Salicaceae	Salicaceae	Salicaceae	Salicaceae	Salicaceae
P002_WD10_00094 	Salicaceae	Salicaceae	Salicaceae	Salicaceae	Salicaceae	Salicaceae
P002_WE07_00131 	Rosaceae	Rosaceae	Rosaceae	Cyperaceae	Rosaceae	Rosaceae
P002_WE07_00165 	Rosaceae	Caryophyllaceae	Caryophyllaceae	Caryophyllaceae	Caryophyllaceae	Caryophyllaceae
P002_WF01_00024 	Poaceae	Asteraceae	Poaceae	Plantaginaceae	Asteraceae	Asteraceae
P002_WF01_00134 	Poaceae	Poaceae	Poaceae	Poaceae	Poaceae	Poaceae
P002_WF07_00018 	Caryophyllaceae	Caryophyllaceae	Caryophyllaceae	Caryophyllaceae	Caryophyllaceae	Caryophyllaceae
P002_WF07_00019 	Caryophyllaceae	Caryophyllaceae	Rosaceae	Caryophyllaceae	Caryophyllaceae	Caryophyllaceae
P002_WF11_00064 	Juncaceae	Juncaceae	Juncaceae	Juncaceae	Juncaceae	Juncaceae
P002_WF11_00138 	Juncaceae	Cyperaceae	Juncaceae	Asteraceae	Juncaceae	Juncaceae
P002_WG02_00145 	Fabaceae	Plantaginaceae	Fabaceae	Plantaginaceae	Plantaginaceae	Asteraceae
P002_WG02_00180 	Fabaceae	Fabaceae	Fabaceae	Fabaceae	Fabaceae	Fabaceae
P002_WG11_00010 	Salicaceae	Salicaceae	Salicaceae	Salicaceae	Salicaceae	Salicaceae
P002_WG11_00011 	Salicaceae	Salicaceae	Salicaceae	Salicaceae	Salicaceae	Salicaceae
P002_WH01_00083 	Ranunculaceae	Ranunculaceae	Ranunculaceae	Ranunculaceae	Ranunculaceae	Cyperaceae
P002_WH01_00084 	Ranunculaceae	Ranunculaceae	Ranunculaceae	Ranunculaceae	Ranunculaceae	Cyperaceae
P002_WH08_00117 	Cyperaceae	Cyperaceae	Cyperaceae	Cyperaceae	Cyperaceae	Cyperaceae
P002_WH08_00134 	Cyperaceae	Cyperaceae	Orobanchaceae	Cyperaceae	Cyperaceae	Cyperaceae
P002_WH08_00216 	Cyperaceae	Cyperaceae	Cyperaceae	Cyperaceae	Cyperaceae	Cyperaceae
P003_WA06_00026 	Poaceae	Poaceae	Poaceae	Poaceae	Poaceae	Poaceae
P003_WA06_00099 	Poaceae	Poaceae	Poaceae	Poaceae	Poaceae	Poaceae
P003_WA07_00089 	Cyperaceae	Cyperaceae	Cyperaceae	Cyperaceae	Cyperaceae	Cyperaceae
P003_WA07_00166 	Cyperaceae	Poaceae	Cyperaceae	Poaceae	Poaceae	Poaceae
P003_WA10_00079 	Gentianaceae	Gentianaceae	Gentianaceae	Gentianaceae	Gentianaceae	Gentianaceae
P003_WA10_00140 	Gentianaceae	Primulaceae	Primulaceae	Primulaceae	Primulaceae	Primulaceae
P003_WB02_00081 	Rubiaceae	Rubiaceae	Rubiaceae	Rubiaceae	Plantaginaceae	Apiaceae
P003_WB02_00082 	Rubiaceae	Rubiaceae	Rubiaceae	Plantaginaceae	Orobanchaceae	Plantaginaceae
P003_WB08_00177 	Asteraceae	Asteraceae	Asteraceae	Poaceae	Asteraceae	Asteraceae
P003_WB08_00201 	Asteraceae	Cyperaceae	Cyperaceae	Cyperaceae	Cyperaceae	Cyperaceae
P003_WC12_00070 	Juncaceae	Asteraceae	Asteraceae	Asteraceae	Asteraceae	Asteraceae
P003_WC12_00207 	Juncaceae	Cyperaceae	Juncaceae	Juncaceae	Juncaceae	Juncaceae
P003_WD12_00074 	Plantaginaceae	Plantaginaceae	Asteraceae	Plantaginaceae	Plantaginaceae	Fabaceae
P003_WD12_00135 	Plantaginaceae	Asteraceae	Asteraceae	Asteraceae	Asteraceae	Poaceae
P003_WE02_00026 	Poaceae	Poaceae	Poaceae	Poaceae	Poaceae	Poaceae
P003_WE02_00174 	Poaceae	Asteraceae	Asteraceae	Asteraceae	Asteraceae	Asteraceae
P003_WE11_00169 	Cyperaceae	Cyperaceae	Cyperaceae	Cyperaceae	Cyperaceae	Cyperaceae
P003_WE11_00170 	Cyperaceae	Cyperaceae	Cyperaceae	Cyperaceae	Cyperaceae	Asteraceae
P003_WE12_00031 	Caryophyllaceae	Caryophyllaceae	Ranunculaceae	Caryophyllaceae	Caryophyllaceae	Caryophyllaceae
P003_WE12_00194 	Caryophyllaceae	Ranunculaceae	Ranunculaceae	Ranunculaceae	Brassicaceae	Ranunculaceae
P003_WF01_00035 	Onagraceae	Orobanchaceae	Orobanchaceae	Orobanchaceae	Rosaceae	Orobanchaceae
P003_WF01_00065 	Onagraceae	Cyperaceae	Cyperaceae	Cyperaceae	Cyperaceae	Cyperaceae
P003_WF01_00154 	Onagraceae	Onagraceae	Cupressaceae	Rosaceae	Cyperaceae	Rosaceae
P003_WF11_00043 	Ranunculaceae	Ranunculaceae	Ranunculaceae	Ranunculaceae	Brassicaceae	Ranunculaceae
P003_WF11_00204 	Ranunculaceae	Caryophyllaceae	Ranunculaceae	Caryophyllaceae	Caryophyllaceae	Caryophyllaceae
P003_WG02_00077 	Cyperaceae	Cyperaceae	Cyperaceae	Cyperaceae	Cyperaceae	Cyperaceae
P003_WG02_00343 	Cyperaceae	Rosaceae	Cyperaceae	Rosaceae	Rosaceae	Rosaceae
P003_WG02_00385 	Cyperaceae	Ranunculaceae	Ranunculaceae	Ranunculaceae	Cyperaceae	Ranunculaceae
P003_WG08_00070 	Brassicaceae	Brassicaceae	Brassicaceae	Brassicaceae	Papaveraceae	Brassicaceae
P003_WG08_00172 	Brassicaceae	Saxifragaceae	Saxifragaceae	Saxifragaceae	Saxifragaceae	Saxifragaceae
P003_WG11_00059 	Asteraceae	Cyperaceae	Cyperaceae	Cyperaceae	Cyperaceae	Cyperaceae
P003_WG11_00147 	Asteraceae	Plantaginaceae	Asteraceae	Plantaginaceae	Plantaginaceae	Fabaceae
P003_WG11_00209 	Asteraceae	Poaceae	Poaceae	Asteraceae	Poaceae	Poaceae
P003_WG11_00359 	Asteraceae	Asteraceae	Asteraceae	Asteraceae	Asteraceae	Poaceae
P003_WG11_00389 	Asteraceae	Cyperaceae	Cyperaceae	Cyperaceae	Cyperaceae	Cyperaceae
P003_WH02_00044 	Orobanchaceae	Cyperaceae	Orobanchaceae	Polygonaceae	Cyperaceae	Cyperaceae
P003_WH02_00056 	Orobanchaceae	Orobanchaceae	Orobanchaceae	Orobanchaceae	Orobanchaceae	Orobanchaceae
P003_WH02_00106 	Orobanchaceae	Cyperaceae	Cyperaceae	Orobanchaceae	Cyperaceae	Cyperaceae
P003_WH11_00026 	Asteraceae	Asteraceae	Juncaceae	Asteraceae	Asteraceae	Asteraceae
P003_WH11_00100 	Asteraceae	Cyperaceae	Asteraceae	Juncaceae	Juncaceae	Juncaceae
P8807_504_00083 	Salicaceae	Salicaceae	Salicaceae	Salicaceae	Salicaceae	Salicaceae
P8807_504_00084 	Salicaceae	Salicaceae	Salicaceae	Salicaceae	Salicaceae	Salicaceae
P8807_505_00021 	Cyperaceae	Cyperaceae	Cyperaceae	Cyperaceae	Cyperaceae	Cyperaceae
P8807_505_00034 	Cyperaceae	Cyperaceae	Cyperaceae	Cyperaceae	Cyperaceae	Cyperaceae
P8807_510_00017 	Violaceae	Violaceae	Violaceae	Salicaceae	Salicaceae	Salicaceae
P8807_510_00018 	Violaceae	Violaceae	Violaceae	Salicaceae	Salicaceae	Salicaceae
P8807_519_00118 	Salicaceae	Salicaceae	Salicaceae	Salicaceae	Salicaceae	Salicaceae
P8807_519_00119 	Salicaceae	Salicaceae	Salicaceae	Salicaceae	Salicaceae	Salicaceae
P8807_520_00018 	Juncaceae	Juncaceae	Juncaceae	Juncaceae	Juncaceae	Juncaceae
P8807_520_00019 	Juncaceae	Cyperaceae	Cyperaceae	Cyperaceae	Cyperaceae	Cyperaceae
P8807_520_00055 	Juncaceae	Juncaceae	Juncaceae	Juncaceae	Juncaceae	Juncaceae
P8807_523_00057 	Salicaceae	Salicaceae	Salicaceae	Salicaceae	Salicaceae	Salicaceae
P8807_523_00058 	Salicaceae	Salicaceae	Salicaceae	Salicaceae	Salicaceae	Salicaceae
P8807_524_00001 	Orobanchaceae	Orobanchaceae	Orobanchaceae	Orobanchaceae	Orobanchaceae	Onagraceae
P8807_524_00011 	Orobanchaceae	Orobanchaceae	Orobanchaceae	Orobanchaceae	Orobanchaceae	Onagraceae
P8807_524_00081 	Orobanchaceae	Orobanchaceae	Orobanchaceae	Orobanchaceae	Orobanchaceae	Orobanchaceae
WA11_00062 	Polygonaceae	Cyperaceae	Cyperaceae	Onagraceae	Cyperaceae	Cyperaceae
WA11_00100 	Polygonaceae	Cyperaceae	Cyperaceae	Cyperaceae	Cyperaceae	Cyperaceae
WB07_00082 	Polygonaceae	Polygonaceae	Polygonaceae	Polygonaceae	Polygonaceae	Polygonaceae
WB07_00083 	Polygonaceae	Polygonaceae	Polygonaceae	Polygonaceae	Cyperaceae	Polygonaceae
