P001_WA02_00064 	Orobanchaceae;Euphrasia	Orobanchaceae;Euphrasia	Brassicaceae;Arabis	Salicaceae;Salix	Orobanchaceae;Euphrasia	Orobanchaceae;Euphrasia
P001_WA02_00065 	Orobanchaceae;Euphrasia	Orobanchaceae;Euphrasia	Brassicaceae;Arabis	Orobanchaceae;Euphrasia	Orobanchaceae;Euphrasia	Orobanchaceae;Bartsia
P001_WA04_00081 	Salicaceae;Salix	Salicaceae;Salix	Salicaceae;Salix	Salicaceae;Salix	Salicaceae;Salix	Salicaceae;Salix
P001_WA04_00082 	Salicaceae;Salix	Salicaceae;Salix	Salicaceae;Salix	Salicaceae;Salix	Salicaceae;Salix	Salicaceae;Salix
P001_WA07_00065 	Asteraceae;Omalotheca	Asteraceae;Echinacea	Asteraceae;Antennaria	Asteraceae;Antennaria	Poaceae;Festuca	Asteraceae;Antennaria
P001_WA07_00066 	Asteraceae;Omalotheca	Asteraceae;Leontopodium	Asteraceae;Gnaphalium	Asteraceae;Antennaria	Asteraceae;Taraxacum	Asteraceae;Aster
P001_WA10_00086 	Rubiaceae;Cruciata	Rubiaceae;Galium	Rubiaceae;Galium	Rubiaceae;Galium	Lamiaceae;Betonica	Asteraceae;Cirsium
P001_WA10_00088 	Rubiaceae;Cruciata	Rubiaceae;Galium	Rubiaceae;Galium	Rubiaceae;Galium	Lamiaceae;Betonica	Gentianaceae;Gentiana
P001_WA12_00099 	Asteraceae;Matricaria	Asteraceae;Artemisia	Asteraceae;Anthemis	Asteraceae;Artemisia	Asteraceae;Leucanthemum	Asteraceae;Achillea
P001_WA12_00100 	Asteraceae;Matricaria	Asteraceae;Chrysanthemum	Asteraceae;Anthemis	Asteraceae;Anthemis	Asteraceae;Artemisia	Asteraceae;Achillea
P001_WB01_00183 	Brassicaceae;Arabis	Orobanchaceae;Euphrasia	Brassicaceae;Arabis	Orobanchaceae;Euphrasia	Orobanchaceae;Euphrasia	Orobanchaceae;Bartsia
P001_WB01_00185 	Brassicaceae;Arabis	Orobanchaceae;Euphrasia	Brassicaceae;Arabis	Salicaceae;Salix	Orobanchaceae;Euphrasia	Orobanchaceae;Euphrasia
P001_WB01_00376 	Brassicaceae;Arabis	Ranunculaceae;Ranunculus	Ranunculaceae;Ranunculus	Caryophyllaceae;Dianthus	Ranunculaceae;Ranunculus	Ranunculaceae;Ranunculus
P001_WB01_00378 	Brassicaceae;Arabis	Ranunculaceae;Ranunculus	Ranunculaceae;Ranunculus	Caryophyllaceae;Dianthus	Ranunculaceae;Ranunculus	Ranunculaceae;Ranunculus
P001_WB01_00452 	Brassicaceae;Arabis	Poaceae;Avenella	Salicaceae;Salix	Poaceae;Deschampsia	Poaceae;Avenella	Poaceae;Arctagrostis
P001_WB01_00473 	Brassicaceae;Arabis	Brassicaceae;Arabis	Brassicaceae;Arabis	Asteraceae;Taraxacum	Papaveraceae;Papaver	Brassicaceae;Draba
P001_WB01_00474 	Brassicaceae;Arabis	Brassicaceae;Arabis	Brassicaceae;Draba	Papaveraceae;Papaver	Brassicaceae;Draba	Brassicaceae;Draba
P001_WB02_00032 	Salicaceae;Salix	Poaceae;Avenella	Salicaceae;Salix	Poaceae;Deschampsia	Poaceae;Avenella	Poaceae;Arctagrostis
P001_WB02_00137 	Salicaceae;Salix	Salicaceae;Salix	Salicaceae;Salix	Salicaceae;Salix	Salicaceae;Salix	Salicaceae;Salix
P001_WB02_00138 	Salicaceae;Salix	Salicaceae;Salix	Salicaceae;Salix	Salicaceae;Salix	Salicaceae;Salix	Salicaceae;Salix
P001_WB02_00178 	Salicaceae;Salix	Orobanchaceae;Euphrasia	Brassicaceae;Arabis	Salicaceae;Salix	Orobanchaceae;Euphrasia	Orobanchaceae;Euphrasia
P001_WB02_00179 	Salicaceae;Salix	Orobanchaceae;Euphrasia	Brassicaceae;Arabis	Salicaceae;Salix	Orobanchaceae;Euphrasia	Orobanchaceae;Euphrasia
P001_WB04_00095 	Cupressaceae;Juniperus	Betulaceae;Betula	Betulaceae;Betula	Rosaceae;Dryas	Cyperaceae;Carex	Rosaceae;Dryas
P001_WB04_00096 	Cupressaceae;Juniperus	Betulaceae;Betula	Betulaceae;Betula	Rosaceae;Rubus	Plantaginaceae;Pennellianthus	Rosaceae;Sieversia
P001_WB06_00064 	Gentianaceae;Comastoma	Gentianaceae;Swertia	Gentianaceae;Gentianella	Orobanchaceae;Euphrasia	Gentianaceae;Gentiana	Gentianaceae;Gentiana
P001_WB06_00065 	Gentianaceae;Comastoma	Gentianaceae;Swertia	Gentianaceae;Gentianella	Lamiaceae;Betonica	Primulaceae;Trientalis	Rubiaceae;Galium
P001_WB07_00097 	Fabaceae;Oxytropis	Fabaceae;Oxytropis	Fabaceae;Astragalus	Fabaceae;Oxytropis	Fabaceae;Oxytropis	Fabaceae;Astragalus
P001_WB07_00098 	Fabaceae;Oxytropis	Fabaceae;Oxytropis	Fabaceae;Oxytropis	Fabaceae;Oxytropis	Fabaceae;Astragalus	Fabaceae;Astragalus
P001_WB09_00039 	Asteraceae;Leontodon	Asteraceae;Lactuca	Asteraceae;Hieracium	Asteraceae;Hieracium	Asteraceae;Hieracium	Asteraceae;Taraxacum
P001_WB09_00041 	Asteraceae;Leontodon	Asteraceae;Cichorium	Asteraceae;Aster	Asteraceae;Leucanthemum	Asteraceae;Scorzonera	Asteraceae;Hieracium
P001_WB12_00028 	Asteraceae;Gnaphalium	Asteraceae;Echinacea	Asteraceae;Antennaria	Asteraceae;Antennaria	Poaceae;Festuca	Asteraceae;Antennaria
P001_WB12_00029 	Asteraceae;Gnaphalium	Asteraceae;Leontopodium	Asteraceae;Gnaphalium	Asteraceae;Antennaria	Asteraceae;Taraxacum	Asteraceae;Aster
P001_WC03_00040 	Asteraceae;Erigeron	Asteraceae;Pityopsis	Asteraceae;Erigeron	Asteraceae;Erigeron	Asteraceae;Solidago	Asteraceae;Aster
P001_WC03_00041 	Asteraceae;Erigeron	Asteraceae;Linochilus	Asteraceae;Erigeron	Juncaceae;Luzula	Asteraceae;Solidago	Asteraceae;Aster
P001_WC06_00090 	Gentianaceae;Gentiana	Gentianaceae;Gentiana	Gentianaceae;Gentiana	Gentianaceae;Gentiana	Gentianaceae;Gentiana	Gentianaceae;Gentiana
P001_WC06_00091 	Gentianaceae;Gentiana	Gentianaceae;Gentiana	Gentianaceae;Gentiana	Gentianaceae;Gentiana	Gentianaceae;Gentiana	Gentianaceae;Gentiana
P001_WC07_00104 	Asteraceae;Leontodon	Asteraceae;Cichorium	Asteraceae;Hieracium	Asteraceae;Hieracium	Asteraceae;Hieracium	Asteraceae;Antennaria
P001_WC07_00107 	Asteraceae;Leontodon	Asteraceae;Lactuca	Asteraceae;Hieracium	Asteraceae;Hieracium	Asteraceae;Hieracium	Asteraceae;Achillea
P001_WC08_00074 	Apiaceae;Bupleurum	Apiaceae;Bupleurum	Apiaceae;Bupleurum	Apiaceae;Carum	Apiaceae;Carum	Asteraceae;Aster
P001_WC08_00075 	Apiaceae;Bupleurum	Apiaceae;Bupleurum	Apiaceae;Carum	Apiaceae;Carum	Apiaceae;Tilingia	Apiaceae;Chaerophyllum
P001_WC09_00071 	Lamiaceae;Betonica	Lamiaceae;Gomphostemma	Orobanchaceae;Euphrasia	Brassicaceae;Arabis	Salicaceae;Salix	Orobanchaceae;Euphrasia
P001_WC09_00072 	Lamiaceae;Betonica	Lamiaceae;Gomphostemma	Orobanchaceae;Pedicularis	Orobanchaceae;Pedicularis	Orobanchaceae;Pedicularis	Orobanchaceae;Pedicularis
P001_WC10_00033 	Apiaceae;Carum	Apiaceae;Carum	Apiaceae;Carum	Apiaceae;Tilingia	Apiaceae;Peucedanum	Apiaceae;Chaerophyllum
P001_WC10_00034 	Apiaceae;Carum	Apiaceae;Carum	Apiaceae;Carum	Apiaceae;Bupleurum	Apiaceae;Bupleurum	Apiaceae;Ligusticum
P001_WC11_00078 	Polygonaceae;Rumex	Polygonaceae;Rumex	Polygonaceae;Persicaria	Polygonaceae;Rumex	Polygonaceae;Bistorta	Cyperaceae;Carex
P001_WC11_00080 	Polygonaceae;Rumex	Polygonaceae;Rumex	Polygonaceae;Rumex	Polygonaceae;Rumex	Cyperaceae;Carex	Polygonaceae;Polygonum
P001_WD02_00034 	Saxifragaceae;Saxifraga	Saxifragaceae;Micranthes	Saxifragaceae;Saxifraga	Brassicaceae;Draba	Saxifragaceae;Saxifraga	Saxifragaceae;Saxifraga
P001_WD02_00036 	Saxifragaceae;Saxifraga	Saxifragaceae;Micranthes	Saxifragaceae;Saxifraga	Brassicaceae;Draba	Saxifragaceae;Saxifraga	Saxifragaceae;Saxifraga
P001_WD07_00054 	Caryophyllaceae;Silene	Caryophyllaceae;Silene	Caryophyllaceae;Silene	Caryophyllaceae;Silene	Caryophyllaceae;Viscaria	Caryophyllaceae;Minuartia
P001_WD07_00055 	Caryophyllaceae;Silene	Caryophyllaceae;Silene	Caryophyllaceae;Silene	Caryophyllaceae;Silene	Cyperaceae;Carex	Caryophyllaceae;Cerastium
P001_WD08_00054 	Caryophyllaceae;Cerastium	Boraginaceae;Plagiobothrys	Boraginaceae;Myosotis	Rosaceae;Spiraea	Caryophyllaceae;Minuartia	Saxifragaceae;Saxifraga
P001_WD08_00056 	Caryophyllaceae;Cerastium	Boraginaceae;Plagiobothrys	Boraginaceae;Myosotis	Primulaceae;Primula	Primulaceae;Trientalis	Orobanchaceae;Pedicularis
P001_WD08_00179 	Caryophyllaceae;Cerastium	Caryophyllaceae;Gypsophila	Caryophyllaceae;Stellaria	Caryophyllaceae;Cerastium	Cyperaceae;Carex	Caryophyllaceae;Cerastium
P001_WD08_00180 	Caryophyllaceae;Cerastium	Caryophyllaceae;Pseudocerastium	Caryophyllaceae;Stellaria	Caryophyllaceae;Stellaria	Cyperaceae;Carex	Caryophyllaceae;Cerastium
P001_WD09_00016 	Gentianaceae;Gentiana	Gentianaceae;Gentiana	Gentianaceae;Gentiana	Gentianaceae;Gentiana	Gentianaceae;Gentiana	Gentianaceae;Gentiana
P001_WD09_00017 	Gentianaceae;Gentiana	Gentianaceae;Gentiana	Gentianaceae;Gentiana	Gentianaceae;Gentiana	Gentianaceae;Gentiana	Gentianaceae;Gentiana
P001_WD10_00034 	Boraginaceae;Myosotis	Boraginaceae;Plagiobothrys	Caryophyllaceae;Cerastium	Primulaceae;Primula	Rosaceae;Spiraea	Caryophyllaceae;Minuartia
P001_WD10_00036 	Boraginaceae;Myosotis	Boraginaceae;Plagiobothrys	Boraginaceae;Myosotis	Primulaceae;Primula	Primulaceae;Trientalis	Orobanchaceae;Pedicularis
P001_WD11_00192 	Crassulaceae;Sedum	Crassulaceae;Rosularia	Crassulaceae;Sempervivum	Crassulaceae;Sedum	Crassulaceae;Rhodiola	Asteraceae;Taraxacum
P001_WD11_00277 	Crassulaceae;Sedum	Crassulaceae;Rosularia	Crassulaceae;Sempervivum	Crassulaceae;Sedum	Saxifragaceae;Saxifraga	Rosaceae;Dryas
P001_WD12_00077 	Asteraceae;Taraxacum	Asteraceae;Taraxacum	Asteraceae;Taraxacum	Cyperaceae;Carex	Asteraceae;Taraxacum	Asteraceae;Taraxacum
P001_WD12_00078 	Asteraceae;Taraxacum	Asteraceae;Taraxacum	Cyperaceae;Carex	Asteraceae;Taraxacum	Asteraceae;Taraxacum	Asteraceae;Hieracium
P001_WE01_00037 	Caryophyllaceae;Minuartia	Caryophyllaceae;Pseudostellaria	Caryophyllaceae;Minuartia	Caryophyllaceae;Minuartia	Caryophyllaceae;Minuartia	Caryophyllaceae;Stellaria
P001_WE01_00038 	Caryophyllaceae;Minuartia	Caryophyllaceae;Colobanthus	Caryophyllaceae;Minuartia	Caryophyllaceae;Minuartia	Caryophyllaceae;Minuartia	Caryophyllaceae;Minuartia
P001_WE03_00088 	Ranunculaceae;Ranunculus	Ranunculaceae;Ranunculus	Brassicaceae;Arabis	Ranunculaceae;Ranunculus	Caryophyllaceae;Dianthus	Ranunculaceae;Ranunculus
P001_WE03_00089 	Ranunculaceae;Ranunculus	Ranunculaceae;Ranunculus	Ranunculaceae;Ranunculus	Caryophyllaceae;Dianthus	Ranunculaceae;Ranunculus	Ranunculaceae;Ranunculus
P001_WE04_00259 	Tofieldiaceae;Tofieldia	Tofieldiaceae;Tofieldia	Cyperaceae;Carex	Selaginellaceae;Selaginella	Brassicaceae;Draba	Papaveraceae;Papaver
P001_WE04_00260 	Tofieldiaceae;Tofieldia	Tofieldiaceae;Tofieldia	Rosaceae;Dryas	Cyperaceae;Carex	Liliaceae;Gagea	Lamiaceae;Betonica
P001_WE12_00097 	Cyperaceae;Carex	Poaceae;Festuca	Poaceae;Festuca	Poaceae;Festuca	Poaceae;Festuca	Poaceae;Festuca
P001_WE12_00311 	Cyperaceae;Carex	Asteraceae;Taraxacum	Cyperaceae;Carex	Asteraceae;Taraxacum	Asteraceae;Taraxacum	Asteraceae;Hieracium
P001_WE12_00312 	Cyperaceae;Carex	Asteraceae;Taraxacum	Asteraceae;Taraxacum	Cyperaceae;Carex	Asteraceae;Taraxacum	Asteraceae;Taraxacum
P001_WF03_00032 	Caryophyllaceae;Cerastium	Caryophyllaceae;Cerastium	Caryophyllaceae;Cerastium	Caryophyllaceae;Cerastium	Caryophyllaceae;Cerastium	Cyperaceae;Carex
P001_WF03_00033 	Caryophyllaceae;Cerastium	Caryophyllaceae;Pseudocerastium	Caryophyllaceae;Cerastium	Caryophyllaceae;Cerastium	Cyperaceae;Carex	Caryophyllaceae;Cerastium
P001_WF04_00051 	Caryophyllaceae;Silene	Rosaceae;Chaenomeles	Caryophyllaceae;Viscaria	Caryophyllaceae;Arenaria	Caryophyllaceae;Minuartia	Caryophyllaceae;Minuartia
P001_WF04_00053 	Caryophyllaceae;Silene	Caryophyllaceae;Silene	Caryophyllaceae;Viscaria	Caryophyllaceae;Cerastium	Caryophyllaceae;Stellaria	Caryophyllaceae;Stellaria
P001_WF05_00028 	Asteraceae;Antennaria	Asteraceae;Pseudognaphalium	Asteraceae;Antennaria	Asteraceae;Antennaria	Poaceae;Festuca	Asteraceae;Antennaria
P001_WF05_00030 	Asteraceae;Antennaria	Asteraceae;Echinacea	Asteraceae;Antennaria	Asteraceae;Antennaria	Poaceae;Festuca	Asteraceae;Antennaria
P001_WF06_00107 	Orobanchaceae;Euphrasia	Orobanchaceae;Euphrasia	Brassicaceae;Arabis	Salicaceae;Salix	Orobanchaceae;Euphrasia	Orobanchaceae;Euphrasia
P001_WF06_00109 	Orobanchaceae;Euphrasia	Orobanchaceae;Euphrasia	Brassicaceae;Arabis	Orobanchaceae;Euphrasia	Orobanchaceae;Euphrasia	Orobanchaceae;Bartsia
P001_WF06_00226 	Orobanchaceae;Euphrasia	Poaceae;Festuca	Poaceae;Festuca	Poaceae;Festuca	Poaceae;Festuca	Cyperaceae;Carex
P001_WF08_00050 	Orchidaceae;Coeloglossum	Orchidaceae;Platanthera	Liliaceae;Fritillaria	Liliaceae;Gagea	Tofieldiaceae;Tofieldia	Ranunculaceae;Trollius
P001_WF08_00051 	Orchidaceae;Coeloglossum	Orchidaceae;Dactylorhiza	Liliaceae;Fritillaria	Liliaceae;Gagea	Tofieldiaceae;Tofieldia	Selaginellaceae;Selaginella
P001_WF09_00099 	Gentianaceae;Gentiana	Gentianaceae;Gentiana	Gentianaceae;Gentiana	Gentianaceae;Gentiana	Gentianaceae;Gentiana	Gentianaceae;Gentiana
P001_WF09_00100 	Gentianaceae;Gentiana	Gentianaceae;Gentiana	Gentianaceae;Gentiana	Gentianaceae;Gentiana	Gentianaceae;Gentiana	Gentianaceae;Gentiana
P001_WF10_00051 	Fabaceae;Anthyllis	Fabaceae;Lotus	Salicaceae;Salix	Salicaceae;Salix	Salicaceae;Salix	Salicaceae;Salix
P001_WF10_00052 	Fabaceae;Anthyllis	Fabaceae;Lotus	Cupressaceae;Juniperus	Betulaceae;Betula	Asteraceae;Taraxacum	Plantaginaceae;Pennellianthus
P001_WF11_00063 	Apiaceae;Seseli	Apiaceae;Glehnia	Apiaceae;Peucedanum	Apiaceae;Ligusticum	Apiaceae;Tilingia	Apiaceae;Carum
P001_WF11_00065 	Apiaceae;Seseli	Apiaceae;Glehnia	Apiaceae;Peucedanum	Apiaceae;Ligusticum	Apiaceae;Tilingia	Apiaceae;Chaerophyllum
P001_WG01_00101 	Ranunculaceae;Thalictrum	Ranunculaceae;Thalictrum	Cyperaceae;Carex	Selaginellaceae;Selaginella	Ranunculaceae;Aconitum	Cyperaceae;Carex
P001_WG01_00102 	Ranunculaceae;Thalictrum	Ranunculaceae;Thalictrum	Cyperaceae;Carex	Saxifragaceae;Saxifraga	Rosaceae;Dryas	Saxifragaceae;Saxifraga
P001_WG02_00256 	Cyperaceae;Carex	Ranunculaceae;Thalictrum	Cyperaceae;Carex	Saxifragaceae;Saxifraga	Rosaceae;Dryas	Saxifragaceae;Saxifraga
P001_WG02_00257 	Cyperaceae;Carex	Ranunculaceae;Thalictrum	Cyperaceae;Carex	Selaginellaceae;Selaginella	Ranunculaceae;Aconitum	Cyperaceae;Carex
P001_WG03_00260 	Selaginellaceae;Selaginella	Ranunculaceae;Thalictrum	Cyperaceae;Carex	Selaginellaceae;Selaginella	Ranunculaceae;Aconitum	Cyperaceae;Carex
P001_WG03_00377 	Selaginellaceae;Selaginella	Caryophyllaceae;Cerastium	Caryophyllaceae;Cerastium	Caryophyllaceae;Cerastium	Cyperaceae;Carex	Caryophyllaceae;Cerastium
P001_WG03_00378 	Selaginellaceae;Selaginella	Caryophyllaceae;Pseudocerastium	Caryophyllaceae;Cerastium	Caryophyllaceae;Cerastium	Cyperaceae;Carex	Caryophyllaceae;Cerastium
P001_WG03_00444 	Selaginellaceae;Selaginella	Celastraceae;Parnassia	Celastraceae;Parnassia	Rosaceae;Dryas	Cyperaceae;Carex	Rosaceae;Dryas
P001_WG03_00478 	Selaginellaceae;Selaginella	Celastraceae;Parnassia	Celastraceae;Parnassia	Ranunculaceae;Thalictrum	Cyperaceae;Carex	Selaginellaceae;Selaginella
P001_WG05_00036 	Caryophyllaceae;Viscaria	Caryophyllaceae;Silene	Caryophyllaceae;Silene	Caryophyllaceae;Silene	Caryophyllaceae;Silene	Caryophyllaceae;Minuartia
P001_WG05_00037 	Caryophyllaceae;Viscaria	Caryophyllaceae;Atocion	Caryophyllaceae;Cerastium	Caryophyllaceae;Stellaria	Caryophyllaceae;Stellaria	Caryophyllaceae;Silene
P001_WG06_00020 	Saxifragaceae;Saxifraga	Saxifragaceae;Saxifraga	Saxifragaceae;Saxifraga	Salicaceae;Salix	Saxifragaceae;Saxifraga	Saxifragaceae;Saxifraga
P001_WG06_00021 	Saxifragaceae;Saxifraga	Saxifragaceae;Heuchera	Saxifragaceae;Saxifraga	Saxifragaceae;Saxifraga	Saxifragaceae;Saxifraga	Ranunculaceae;Ranunculus
P001_WG07_00057 	Gentianaceae;Gentianella	Gentianaceae;Swertia	Gentianaceae;Gentianella	Lamiaceae;Betonica	Primulaceae;Trientalis	Rubiaceae;Galium
P001_WG07_00058 	Gentianaceae;Gentianella	Gentianaceae;Swertia	Gentianaceae;Gentianella	Orobanchaceae;Euphrasia	Gentianaceae;Gentiana	Gentianaceae;Gentiana
P001_WG08_00042 	Asteraceae;Anthemis	Asteraceae;Chrysanthemum	Asteraceae;Artemisia	Asteraceae;Achillea	Asteraceae;Anthemis	Asteraceae;Leucanthemum
P001_WG08_00043 	Asteraceae;Anthemis	Asteraceae;Artemisia	Asteraceae;Anthemis	Asteraceae;Artemisia	Asteraceae;Leucanthemum	Asteraceae;Achillea
P001_WG10_00053 	Asteraceae;Taraxacum	Asteraceae;Taraxacum	Cyperaceae;Carex	Asteraceae;Taraxacum	Asteraceae;Taraxacum	Asteraceae;Hieracium
P001_WG10_00054 	Asteraceae;Taraxacum	Asteraceae;Taraxacum	Asteraceae;Taraxacum	Cyperaceae;Carex	Asteraceae;Taraxacum	Asteraceae;Taraxacum
P001_WG11_00089 	Liliaceae;Gagea	Liliaceae;Gagea	Liliaceae;Fritillaria	Orchidaceae;Coeloglossum	Tofieldiaceae;Tofieldia	Ranunculaceae;Ranunculus
P001_WG11_00091 	Liliaceae;Gagea	Liliaceae;Lloydia	Liliaceae;Fritillaria	Tofieldiaceae;Tofieldia	Orobanchaceae;Pedicularis	Lamiaceae;Betonica
P001_WH01_00070 	Celastraceae;Parnassia	Celastraceae;Parnassia	Celastraceae;Parnassia	Ranunculaceae;Thalictrum	Cyperaceae;Carex	Selaginellaceae;Selaginella
P001_WH01_00071 	Celastraceae;Parnassia	Celastraceae;Parnassia	Celastraceae;Parnassia	Rosaceae;Dryas	Cyperaceae;Carex	Rosaceae;Dryas
P001_WH02_00058 	Salicaceae;Salix	Salicaceae;Salix	Salicaceae;Salix	Salicaceae;Salix	Salicaceae;Salix	Salicaceae;Salix
P001_WH02_00059 	Salicaceae;Salix	Salicaceae;Salix	Salicaceae;Salix	Salicaceae;Salix	Salicaceae;Salix	Salicaceae;Salix
P001_WH04_00055 	Saxifragaceae;Saxifraga	Saxifragaceae;Saxifraga	Saxifragaceae;Saxifraga	Saxifragaceae;Saxifraga	Salicaceae;Salix	Saxifragaceae;Saxifraga
P001_WH04_00056 	Saxifragaceae;Saxifraga	Saxifragaceae;Saxifraga	Rosaceae;Dryas	Rosaceae;Dryas	Cyperaceae;Carex	Rosaceae;Dryas
P001_WH05_00016 	Plantaginaceae;Veronica	Plantaginaceae;Veronicastrum	Plantaginaceae;Veronica	Plantaginaceae;Veronica	Asteraceae;Cirsium	Fabaceae;Hedysarum
P001_WH05_00017 	Plantaginaceae;Veronica	Plantaginaceae;Veronicastrum	Plantaginaceae;Veronica	Plantaginaceae;Veronica	Asteraceae;Cirsium	Lamiaceae;Betonica
P001_WH07_00057 	Asteraceae;Scorzonera	Asteraceae;Sonchus	Asteraceae;Hieracium	Asteraceae;Hieracium	Asteraceae;Hieracium	Asteraceae;Taraxacum
P001_WH07_00058 	Asteraceae;Scorzonera	Asteraceae;Sonchus	Asteraceae;Leontodon	Asteraceae;Aster	Asteraceae;Leucanthemum	Rosaceae;Rubus
P001_WH08_00015 	Asteraceae;Anthemis	Asteraceae;Chrysanthemum	Asteraceae;Matricaria	Asteraceae;Anthemis	Asteraceae;Artemisia	Asteraceae;Achillea
P001_WH08_00016 	Asteraceae;Anthemis	Asteraceae;Artemisia	Asteraceae;Anthemis	Asteraceae;Artemisia	Asteraceae;Leucanthemum	Asteraceae;Achillea
P001_WH09_00086 	Primulaceae;Primula	Primulaceae;Primula	Primulaceae;Primula	Primulaceae;Primula	Primulaceae;Primula	Primulaceae;Primula
P001_WH09_00087 	Primulaceae;Primula	Primulaceae;Primula	Primulaceae;Trientalis	Primulaceae;Soldanella	Primulaceae;Soldanella	Primulaceae;Primula
P001_WH11_00015 	Asteraceae;Erigeron	Asteraceae;Pityopsis	Asteraceae;Erigeron	Asteraceae;Erigeron	Asteraceae;Solidago	Asteraceae;Aster
P001_WH11_00016 	Asteraceae;Erigeron	Asteraceae;Linochilus	Asteraceae;Erigeron	Juncaceae;Luzula	Asteraceae;Solidago	Asteraceae;Aster
P001_WH12_00130 	Asteraceae;Hieracium	Asteraceae;Lactuca	Asteraceae;Hieracium	Asteraceae;Hieracium	Asteraceae;Taraxacum	Asteraceae;Taraxacum
P001_WH12_00131 	Asteraceae;Hieracium	Asteraceae;Cichorium	Asteraceae;Hieracium	Asteraceae;Hieracium	Asteraceae;Hieracium	Asteraceae;Antennaria
P002_WA02_00049 	Fabaceae;Trifolium	Fabaceae;Trifolium	Fabaceae;Oxytropis	Fabaceae;Oxytropis	Fabaceae;Astragalus	Fabaceae;Oxytropis
P002_WA02_00050 	Fabaceae;Trifolium	Fabaceae;Trifolium	Fabaceae;Trifolium	Fabaceae;Oxytropis	Fabaceae;Astragalus	Fabaceae;Oxytropis
P002_WA04_00033 	Apiaceae;Carum	Apiaceae;Carum	Apiaceae;Carum	Apiaceae;Tilingia	Apiaceae;Peucedanum	Apiaceae;Chaerophyllum
P002_WA04_00034 	Apiaceae;Carum	Apiaceae;Carum	Apiaceae;Carum	Apiaceae;Bupleurum	Apiaceae;Bupleurum	Apiaceae;Ligusticum
P002_WA05_00066 	Gentianaceae;Gentiana	Gentianaceae;Gentiana	Gentianaceae;Gentiana	Gentianaceae;Gentiana	Gentianaceae;Gentiana	Gentianaceae;Gentiana
P002_WA05_00067 	Gentianaceae;Gentiana	Gentianaceae;Gentiana	Gentianaceae;Gentiana	Gentianaceae;Gentiana	Gentianaceae;Gentiana	Gentianaceae;Gentiana
P002_WA06_00037 	Apiaceae;Peucedanum	Apiaceae;Glehnia	Apiaceae;Seseli	Apiaceae;Ligusticum	Apiaceae;Tilingia	Apiaceae;Chaerophyllum
P002_WA06_00039 	Apiaceae;Peucedanum	Apiaceae;Glehnia	Apiaceae;Peucedanum	Apiaceae;Ligusticum	Apiaceae;Tilingia	Apiaceae;Carum
P002_WA09_00024 	Rosaceae;Dryas	Rosaceae;Dryas	Rosaceae;Dryas	Cyperaceae;Carex	Rosaceae;Dryas	Rosaceae;Sieversia
P002_WA09_00025 	Rosaceae;Dryas	Rosaceae;Dryas	Rosaceae;Dryas	Cyperaceae;Carex	Rosaceae;Dryas	Rosaceae;Rubus
P002_WA12_00015 	Saxifragaceae;Saxifraga	Saxifragaceae;Saxifraga	Ranunculaceae;Ranunculus	Saxifragaceae;Saxifraga	Saxifragaceae;Saxifraga	Saxifragaceae;Saxifraga
P002_WA12_00016 	Saxifragaceae;Saxifraga	Saxifragaceae;Saxifraga	Ranunculaceae;Ranunculus	Saxifragaceae;Saxifraga	Salicaceae;Salix	Saxifragaceae;Saxifraga
P002_WB01_00104 	Apiaceae;Chaerophyllum	Apiaceae;Daucus	Apiaceae;Tilingia	Apiaceae;Seseli	Apiaceae;Peucedanum	Apiaceae;Ligusticum
P002_WB01_00106 	Apiaceae;Chaerophyllum	Apiaceae;Apium	Apiaceae;Tilingia	Apiaceae;Carum	Apiaceae;Carum	Apiaceae;Peucedanum
P002_WB02_00109 	Primulaceae;Primula	Primulaceae;Primula	Primulaceae;Primula	Primulaceae;Primula	Primulaceae;Primula	Primulaceae;Primula
P002_WB02_00111 	Primulaceae;Primula	Primulaceae;Primula	Primulaceae;Primula	Primulaceae;Primula	Primulaceae;Primula	Primulaceae;Primula
P002_WB03_00061 	Caryophyllaceae;Arenaria	Caryophyllaceae;Psammosilene	Caryophyllaceae;Viscaria	Caryophyllaceae;Minuartia	Caryophyllaceae;Minuartia	Caryophyllaceae;Minuartia
P002_WB03_00062 	Caryophyllaceae;Arenaria	Caryophyllaceae;Silene	Caryophyllaceae;Cerastium	Caryophyllaceae;Cerastium	Cyperaceae;Carex	Caryophyllaceae;Cerastium
P002_WB05_00067 	Orobanchaceae;Pedicularis	Orobanchaceae;Pedicularis	Orobanchaceae;Pedicularis	Onagraceae;Epilobium	Orobanchaceae;Pedicularis	Orobanchaceae;Pedicularis
P002_WB05_00068 	Orobanchaceae;Pedicularis	Orobanchaceae;Pedicularis	Orobanchaceae;Pedicularis	Orobanchaceae;Pedicularis	Orobanchaceae;Pedicularis	Orobanchaceae;Pedicularis
P002_WB06_00082 	Rosaceae;Potentilla	Rosaceae;Potentilla	Orobanchaceae;Pedicularis	Rosaceae;Potentilla	Rosaceae;Potentilla	Rosaceae;Potentilla
P002_WB06_00083 	Rosaceae;Potentilla	Rosaceae;Potentilla	Orobanchaceae;Pedicularis	Rosaceae;Potentilla	Rosaceae;Potentilla	Rosaceae;Potentilla
P002_WB09_00017 	Salicaceae;Salix	Salicaceae;Salix	Salicaceae;Salix	Salicaceae;Salix	Salicaceae;Salix	Salicaceae;Salix
P002_WB09_00018 	Salicaceae;Salix	Salicaceae;Salix	Salicaceae;Salix	Salicaceae;Salix	Salicaceae;Salix	Salicaceae;Salix
P002_WB10_00100 	Caryophyllaceae;Stellaria	Caryophyllaceae;Psammosilene	Caryophyllaceae;Stellaria	Caryophyllaceae;Cerastium	Caryophyllaceae;Viscaria	Caryophyllaceae;Cerastium
P002_WB10_00102 	Caryophyllaceae;Stellaria	Caryophyllaceae;Pseudocerastium	Caryophyllaceae;Stellaria	Caryophyllaceae;Cerastium	Cyperaceae;Carex	Caryophyllaceae;Cerastium
P002_WB11_00091 	Orobanchaceae;Pedicularis	Orobanchaceae;Pedicularis	Orobanchaceae;Pedicularis	Orobanchaceae;Pedicularis	Orobanchaceae;Pedicularis	Orobanchaceae;Pedicularis
P002_WB11_00092 	Orobanchaceae;Pedicularis	Orobanchaceae;Pedicularis	Orobanchaceae;Pedicularis	Orobanchaceae;Pedicularis	Orobanchaceae;Pedicularis	Onagraceae;Epilobium
P002_WB12_00079 	Saxifragaceae;Chrysosplenium	Saxifragaceae;Chrysosplenium	Saxifragaceae;Saxifraga	Saxifragaceae;Saxifraga	Saxifragaceae;Saxifraga	Saxifragaceae;Saxifraga
P002_WB12_00080 	Saxifragaceae;Chrysosplenium	Saxifragaceae;Chrysosplenium	Brassicaceae;Draba	Saxifragaceae;Saxifraga	Saxifragaceae;Saxifraga	Saxifragaceae;Saxifraga
P002_WC01_00090 	Rosaceae;Potentilla	Rosaceae;Potentilla	Orobanchaceae;Pedicularis	Rosaceae;Potentilla	Rosaceae;Potentilla	Rosaceae;Potentilla
P002_WC01_00091 	Rosaceae;Potentilla	Rosaceae;Potentilla	Orobanchaceae;Pedicularis	Rosaceae;Potentilla	Rosaceae;Potentilla	Rosaceae;Potentilla
P002_WC01_00206 	Rosaceae;Potentilla	Orobanchaceae;Pedicularis	Orobanchaceae;Pedicularis	Orobanchaceae;Pedicularis	Orobanchaceae;Pedicularis	Orobanchaceae;Pedicularis
P002_WC01_00207 	Rosaceae;Potentilla	Orobanchaceae;Pedicularis	Orobanchaceae;Pedicularis	Orobanchaceae;Pedicularis	Orobanchaceae;Pedicularis	Orobanchaceae;Pedicularis
P002_WC02_00004 	Fabaceae;Oxytropis	Fabaceae;Oxytropis	Fabaceae;Oxytropis	Fabaceae;Oxytropis	Fabaceae;Astragalus	Fabaceae;Astragalus
P002_WC02_00005 	Fabaceae;Oxytropis	Fabaceae;Oxytropis	Fabaceae;Oxytropis	Fabaceae;Oxytropis	Fabaceae;Astragalus	Fabaceae;Astragalus
P002_WC03_00041 	Orobanchaceae;Euphrasia	Orobanchaceae;Euphrasia	Brassicaceae;Arabis	Orobanchaceae;Euphrasia	Orobanchaceae;Euphrasia	Orobanchaceae;Bartsia
P002_WC03_00042 	Orobanchaceae;Euphrasia	Orobanchaceae;Euphrasia	Orobanchaceae;Euphrasia	Brassicaceae;Arabis	Salicaceae;Salix	Orobanchaceae;Euphrasia
P002_WC04_00065 	Asteraceae;Aster	Asteraceae;Aster	Asteraceae;Leontodon	Asteraceae;Leucanthemum	Asteraceae;Scorzonera	Asteraceae;Aster
P002_WC04_00066 	Asteraceae;Aster	Asteraceae;Pityopsis	Asteraceae;Erigeron	Asteraceae;Aster	Asteraceae;Erigeron	Asteraceae;Solidago
P002_WC05_00036 	Apiaceae;Tilingia	Apiaceae;Ostericum	Apiaceae;Chaerophyllum	Apiaceae;Carum	Apiaceae;Carum	Apiaceae;Peucedanum
P002_WC05_00037 	Apiaceae;Tilingia	Apiaceae;Daucus	Apiaceae;Chaerophyllum	Apiaceae;Seseli	Apiaceae;Peucedanum	Apiaceae;Ligusticum
P002_WC08_00092 	Brassicaceae;Cardamine	Brassicaceae;Cardamine	Brassicaceae;Cardamine	Asteraceae;Taraxacum	Brassicaceae;Cardamine	Brassicaceae;Draba
P002_WC08_00093 	Brassicaceae;Cardamine	Brassicaceae;Cardamine	Brassicaceae;Cardamine	Brassicaceae;Cardamine	Brassicaceae;Draba	Brassicaceae;Draba
P002_WC09_00019 	Fabaceae;Astragalus	Fabaceae;Astragalus	Fabaceae;Oxytropis	Fabaceae;Oxytropis	Fabaceae;Oxytropis	Fabaceae;Astragalus
P002_WC09_00020 	Fabaceae;Astragalus	Fabaceae;Astragalus	Fabaceae;Oxytropis	Fabaceae;Oxytropis	Fabaceae;Oxytropis	Fabaceae;Astragalus
P002_WC10_00034 	Polygonaceae;Persicaria	Polygonaceae;Antigonon	Polygonaceae;Bistorta	Cyperaceae;Carex	Polygonaceae;Bistorta	Polygonaceae;Polygonum
P002_WC10_00037 	Polygonaceae;Persicaria	Polygonaceae;Bistorta	Polygonaceae;Bistorta	Polygonaceae;Bistorta	Cyperaceae;Carex	Polygonaceae;Rumex
P002_WC11_00054 	Caryophyllaceae;Minuartia	Caryophyllaceae;Pseudostellaria	Caryophyllaceae;Minuartia	Caryophyllaceae;Minuartia	Caryophyllaceae;Minuartia	Caryophyllaceae;Stellaria
P002_WC11_00055 	Caryophyllaceae;Minuartia	Caryophyllaceae;Colobanthus	Caryophyllaceae;Minuartia	Caryophyllaceae;Minuartia	Caryophyllaceae;Minuartia	Caryophyllaceae;Minuartia
P002_WD01_00015 	Orobanchaceae;Pedicularis	Rosaceae;Potentilla	Orobanchaceae;Pedicularis	Rosaceae;Potentilla	Rosaceae;Potentilla	Rosaceae;Potentilla
P002_WD01_00016 	Orobanchaceae;Pedicularis	Rosaceae;Potentilla	Orobanchaceae;Pedicularis	Rosaceae;Potentilla	Rosaceae;Potentilla	Rosaceae;Potentilla
P002_WD01_00204 	Orobanchaceae;Pedicularis	Orobanchaceae;Pedicularis	Orobanchaceae;Pedicularis	Orobanchaceae;Pedicularis	Orobanchaceae;Pedicularis	Orobanchaceae;Pedicularis
P002_WD01_00205 	Orobanchaceae;Pedicularis	Orobanchaceae;Pedicularis	Orobanchaceae;Pedicularis	Orobanchaceae;Pedicularis	Orobanchaceae;Pedicularis	Orobanchaceae;Pedicularis
P002_WD02_00067 	Violaceae;Viola	Violaceae;Viola	Violaceae;Viola	Salicaceae;Salix	Salicaceae;Salix	Salicaceae;Salix
P002_WD02_00068 	Violaceae;Viola	Violaceae;Viola	Violaceae;Viola	Salicaceae;Salix	Salicaceae;Salix	Salicaceae;Salix
P002_WD03_00049 	Asteraceae;Erigeron	Asteraceae;Pityopsis	Asteraceae;Erigeron	Asteraceae;Erigeron	Asteraceae;Solidago	Asteraceae;Aster
P002_WD03_00050 	Asteraceae;Erigeron	Asteraceae;Linochilus	Asteraceae;Erigeron	Juncaceae;Luzula	Asteraceae;Solidago	Asteraceae;Aster
P002_WD04_00016 	Rosaceae;Potentilla	Rosaceae;Potentilla	Orobanchaceae;Pedicularis	Rosaceae;Potentilla	Rosaceae;Potentilla	Rosaceae;Potentilla
P002_WD04_00017 	Rosaceae;Potentilla	Rosaceae;Potentilla	Orobanchaceae;Pedicularis	Rosaceae;Potentilla	Rosaceae;Potentilla	Rosaceae;Potentilla
P002_WD05_00016 	Plantaginaceae;Pennellianthus	Scrophulariaceae;Buddleja	Orobanchaceae;Bartsia	Lamiaceae;Betonica	Plantaginaceae;Veronica	Asteraceae;Cirsium
P002_WD05_00017 	Plantaginaceae;Pennellianthus	Paulowniaceae;Paulownia;Paulownia_sp._'albiphloea' 	Lentibulariaceae;Pinguicula	Lentibulariaceae;Pinguicula	Plantaginaceae;Veronica	Fabaceae;Hedysarum
P002_WD07_00050 	Asteraceae;Saussurea	Asteraceae;Saussurea	Asteraceae;Saussurea	Asteraceae;Antennaria	Poaceae;Festuca	Asteraceae;Antennaria
P002_WD07_00051 	Asteraceae;Saussurea	Asteraceae;Saussurea	Asteraceae;Saussurea	Asteraceae;Senecio	Asteraceae;Taraxacum	Asteraceae;Aster
P002_WD08_00082 	Fabaceae;Oxytropis	Fabaceae;Oxytropis	Fabaceae;Oxytropis	Fabaceae;Oxytropis	Fabaceae;Astragalus	Fabaceae;Astragalus
P002_WD08_00083 	Fabaceae;Oxytropis	Fabaceae;Oxytropis	Fabaceae;Oxytropis	Fabaceae;Oxytropis	Fabaceae;Astragalus	Fabaceae;Astragalus
P002_WD10_00001 	Salicaceae;Salix	Salicaceae;Salix	Salicaceae;Salix	Salicaceae;Salix	Salicaceae;Salix	Salicaceae;Salix
P002_WD10_00002 	Salicaceae;Salix	Salicaceae;Salix	Salicaceae;Salix	Salicaceae;Salix	Salicaceae;Salix	Salicaceae;Salix
P002_WD12_00037 	Polygonaceae;Rumex	Polygonaceae;Rheum	Asteraceae;Saussurea	Plantaginaceae;Veronica	Asteraceae;Cirsium	Asteraceae;Saussurea
P002_WD12_00039 	Polygonaceae;Rumex	Polygonaceae;Rumex	Polygonaceae;Rumex	Cyperaceae;Carex	Polygonaceae;Persicaria	Polygonaceae;Bistorta
P002_WE01_00031 	Asteraceae;Centaurea	Asteraceae;Carthamus	Poaceae;Calamagrostis	Plantaginaceae;Veronica	Asteraceae;Cirsium	Asteraceae;Saussurea
P002_WE01_00032 	Asteraceae;Centaurea	Asteraceae;Carthamus	Poaceae;Calamagrostis	Asteraceae;Saussurea	Asteraceae;Saussurea	Asteraceae;Antennaria
P002_WE03_00076 	Ranunculaceae;Ranunculus	Ranunculaceae;Ranunculus	Caryophyllaceae;Dianthus	Ranunculaceae;Ranunculus	Brassicaceae;Arabis	Ranunculaceae;Ranunculus
P002_WE03_00078 	Ranunculaceae;Ranunculus	Ranunculaceae;Ranunculus	Caryophyllaceae;Dianthus	Ranunculaceae;Ranunculus	Ranunculaceae;Ranunculus	Ranunculaceae;Ranunculus
P002_WE04_00109 	Ranunculaceae;Anemone	Ranunculaceae;Anemone	Ranunculaceae;Anemone	Ranunculaceae;Pulsatilla	Cyperaceae;Carex	Selaginellaceae;Selaginella
P002_WE04_00110 	Ranunculaceae;Anemone	Ranunculaceae;Anemone	Ranunculaceae;Anemone	Ranunculaceae;Pulsatilla	Ranunculaceae;Ranunculus	Ranunculaceae;Ranunculus
P002_WE06_00018 	Caprifoliaceae;Patrinia	Caprifoliaceae;Patrinia	Lamiaceae;Betonica	Asteraceae;Aster	Juncaceae;Luzula	Asteraceae;Saussurea
P002_WE06_00019 	Caprifoliaceae;Patrinia	Caprifoliaceae;Patrinia	Asteraceae;Aster	Asteraceae;Leontodon	Apiaceae;Bupleurum	Selaginellaceae;Selaginella
P002_WE07_00016 	Rosaceae;Spiraea	Rosaceae;Spiraea	Rosaceae;Dryas	Rosaceae;Dryas	Cyperaceae;Carex	Rosaceae;Dryas
P002_WE07_00208 	Rosaceae;Spiraea	Caryophyllaceae;Colobanthus	Caryophyllaceae;Minuartia	Caryophyllaceae;Sagina	Caryophyllaceae;Minuartia	Caryophyllaceae;Minuartia
P002_WE07_00209 	Rosaceae;Spiraea	Caryophyllaceae;Pseudostellaria	Caryophyllaceae;Minuartia	Caryophyllaceae;Minuartia	Caryophyllaceae;Stellaria	Caryophyllaceae;Sagina
P002_WE09_00015 	Betulaceae;Betula	Betulaceae;Betula	Betulaceae;Betula	Rosaceae;Dryas	Cyperaceae;Carex	Rosaceae;Dryas
P002_WE09_00016 	Betulaceae;Betula	Betulaceae;Betula	Betulaceae;Betula	Rosaceae;Rubus	Plantaginaceae;Pennellianthus	Rosaceae;Sieversia
P002_WE10_00015 	Saxifragaceae;Saxifraga	Saxifragaceae;Heuchera	Saxifragaceae;Saxifraga	Saxifragaceae;Saxifraga	Saxifragaceae;Saxifraga	Ranunculaceae;Ranunculus
P002_WE10_00016 	Saxifragaceae;Saxifraga	Saxifragaceae;Saxifraga	Saxifragaceae;Saxifraga	Salicaceae;Salix	Saxifragaceae;Saxifraga	Saxifragaceae;Saxifraga
P002_WF01_00074 	Poaceae;Calamagrostis	Asteraceae;Carthamus	Poaceae;Calamagrostis	Asteraceae;Saussurea	Asteraceae;Saussurea	Asteraceae;Antennaria
P002_WF01_00075 	Poaceae;Calamagrostis	Asteraceae;Carthamus	Poaceae;Calamagrostis	Plantaginaceae;Veronica	Asteraceae;Cirsium	Asteraceae;Saussurea
P002_WF01_00176 	Poaceae;Calamagrostis	Poaceae;Calamagrostis	Poaceae;Calamagrostis	Poaceae;Calamagrostis	Poaceae;Calamagrostis	Poaceae;Calamagrostis
P002_WF02_00040 	Plantaginaceae;Veronica	Plantaginaceae;Veronicastrum	Fabaceae;Hedysarum	Plantaginaceae;Veronica	Plantaginaceae;Veronica	Asteraceae;Cirsium
P002_WF02_00041 	Plantaginaceae;Veronica	Plantaginaceae;Veronica	Fabaceae;Hedysarum	Plantaginaceae;Veronica	Plantaginaceae;Veronica	Asteraceae;Cirsium
P002_WF03_00035 	Caryophyllaceae;Minuartia	Caryophyllaceae;Pseudostellaria	Caryophyllaceae;Minuartia	Caryophyllaceae;Minuartia	Caryophyllaceae;Minuartia	Caryophyllaceae;Stellaria
P002_WF03_00036 	Caryophyllaceae;Minuartia	Caryophyllaceae;Spergula	Caryophyllaceae;Minuartia	Caryophyllaceae;Minuartia	Caryophyllaceae;Minuartia	Caryophyllaceae;Minuartia
P002_WF04_00039 	Orobanchaceae;Pedicularis	Orobanchaceae;Pedicularis	Orobanchaceae;Pedicularis	Orobanchaceae;Pedicularis	Orobanchaceae;Pedicularis	Orobanchaceae;Pedicularis
P002_WF04_00040 	Orobanchaceae;Pedicularis	Orobanchaceae;Pedicularis	Orobanchaceae;Pedicularis	Orobanchaceae;Pedicularis	Orobanchaceae;Pedicularis	Onagraceae;Epilobium
P002_WF07_00035 	Caryophyllaceae;Minuartia	Caryophyllaceae;Colobanthus	Caryophyllaceae;Minuartia	Caryophyllaceae;Sagina	Caryophyllaceae;Minuartia	Caryophyllaceae;Minuartia
P002_WF07_00036 	Caryophyllaceae;Minuartia	Caryophyllaceae;Pseudostellaria	Caryophyllaceae;Minuartia	Caryophyllaceae;Minuartia	Caryophyllaceae;Stellaria	Caryophyllaceae;Sagina
P002_WF10_00028 	Rosaceae;Potentilla	Rosaceae;Potentilla	Orobanchaceae;Pedicularis	Rosaceae;Potentilla	Rosaceae;Potentilla	Rosaceae;Potentilla
P002_WF10_00029 	Rosaceae;Potentilla	Rosaceae;Potentilla	Orobanchaceae;Pedicularis	Rosaceae;Potentilla	Rosaceae;Potentilla	Rosaceae;Potentilla
P002_WG02_00078 	Fabaceae;Hedysarum	Plantaginaceae;Veronica	Fabaceae;Hedysarum	Plantaginaceae;Veronica	Plantaginaceae;Veronica	Asteraceae;Cirsium
P002_WG02_00079 	Fabaceae;Hedysarum	Plantaginaceae;Veronicastrum	Fabaceae;Hedysarum	Plantaginaceae;Veronica	Plantaginaceae;Veronica	Asteraceae;Cirsium
P002_WG03_00065 	Liliaceae;Fritillaria	Liliaceae;Fritillaria	Liliaceae;Gagea	Orchidaceae;Coeloglossum	Tofieldiaceae;Tofieldia	Ranunculaceae;Ranunculus
P002_WG03_00066 	Liliaceae;Fritillaria	Liliaceae;Fritillaria	Liliaceae;Gagea	Tofieldiaceae;Tofieldia	Papaveraceae;Papaver	Primulaceae;Trientalis
P002_WG04_00055 	Rosaceae;Alchemilla	Rosaceae;Alchemilla	Rosaceae;Sieversia	Rosaceae;Rubus	Rosaceae;Potentilla	Rosaceae;Sibbaldia
P002_WG04_00056 	Rosaceae;Alchemilla	Rosaceae;Alchemilla	Rosaceae;Potentilla	Rosaceae;Sibbaldia	Rosaceae;Rubus	Rosaceae;Sieversia
P002_WG09_00048 	Salicaceae;Salix	Salicaceae;Salix	Salicaceae;Salix	Salicaceae;Salix	Salicaceae;Salix	Salicaceae;Salix
P002_WG09_00049 	Salicaceae;Salix	Salicaceae;Salix	Salicaceae;Salix	Salicaceae;Salix	Salicaceae;Salix	Salicaceae;Salix
P002_WG10_00036 	Saxifragaceae;Saxifraga	Saxifragaceae;Micranthes	Saxifragaceae;Saxifraga	Brassicaceae;Draba	Saxifragaceae;Saxifraga	Saxifragaceae;Saxifraga
P002_WG10_00037 	Saxifragaceae;Saxifraga	Saxifragaceae;Micranthes	Saxifragaceae;Saxifraga	Brassicaceae;Draba	Saxifragaceae;Saxifraga	Saxifragaceae;Saxifraga
P002_WG11_00049 	Salicaceae;Salix	Salicaceae;Salix	Salicaceae;Salix	Salicaceae;Salix	Salicaceae;Salix	Salicaceae;Salix
P002_WG11_00050 	Salicaceae;Salix	Salicaceae;Salix	Salicaceae;Salix	Salicaceae;Salix	Salicaceae;Salix	Salicaceae;Salix
P002_WH01_00042 	Ranunculaceae;Pulsatilla	Ranunculaceae;Anemone	Ranunculaceae;Anemone	Ranunculaceae;Anemone	Ranunculaceae;Ranunculus	Ranunculaceae;Ranunculus
P002_WH01_00043 	Ranunculaceae;Pulsatilla	Ranunculaceae;Anemone	Ranunculaceae;Anemone	Ranunculaceae;Anemone	Ranunculaceae;Aconitum	Cyperaceae;Carex
P002_WH02_00123 	Crassulaceae;Sempervivum	Crassulaceae;Sempervivum	Crassulaceae;Sedum	Crassulaceae;Sedum	Crassulaceae;Rhodiola	Asteraceae;Cirsium
P002_WH02_00125 	Crassulaceae;Sempervivum	Crassulaceae;Sempervivum	Crassulaceae;Sedum	Crassulaceae;Sedum	Rosaceae;Dryas	Cyperaceae;Carex
P002_WH03_00056 	Rubiaceae;Galium	Rubiaceae;Galium	Rubiaceae;Galium	Lamiaceae;Betonica	Rosaceae;Dryas	Cyperaceae;Carex
P002_WH03_00058 	Rubiaceae;Galium	Rubiaceae;Galium	Rubiaceae;Galium	Rubiaceae;Cruciata	Plantaginaceae;Veronica	Asteraceae;Cirsium
P002_WH04_00088 	Apiaceae;Bupleurum	Apiaceae;Bupleurum	Apiaceae;Bupleurum	Apiaceae;Carum	Apiaceae;Carum	Apiaceae;Tilingia
P002_WH04_00089 	Apiaceae;Bupleurum	Apiaceae;Bupleurum	Apiaceae;Bupleurum	Apiaceae;Carum	Apiaceae;Carum	Apiaceae;Ligusticum
P002_WH05_00096 	Ranunculaceae;Anemone	Ranunculaceae;Anemone	Ranunculaceae;Anemone	Ranunculaceae;Pulsatilla	Ranunculaceae;Aconitum	Cyperaceae;Carex
P002_WH05_00097 	Ranunculaceae;Anemone	Ranunculaceae;Anemone	Ranunculaceae;Anemone	Ranunculaceae;Pulsatilla	Ranunculaceae;Ranunculus	Ranunculaceae;Ranunculus
P002_WH06_00093 	Asteraceae;Artemisia	Asteraceae;Artemisia	Asteraceae;Anthemis	Asteraceae;Artemisia	Asteraceae;Leucanthemum	Asteraceae;Achillea
P002_WH06_00094 	Asteraceae;Artemisia	Asteraceae;Chrysanthemum	Asteraceae;Hieracium	Asteraceae;Senecio	Asteraceae;Petasites	Asteraceae;Taraxacum
P002_WH07_00044 	Caryophyllaceae;Cerastium	Caryophyllaceae;Cerastium	Caryophyllaceae;Cerastium	Caryophyllaceae;Cerastium	Caryophyllaceae;Cerastium	Cyperaceae;Carex
P002_WH07_00045 	Caryophyllaceae;Cerastium	Caryophyllaceae;Pseudocerastium	Caryophyllaceae;Cerastium	Caryophyllaceae;Cerastium	Cyperaceae;Carex	Caryophyllaceae;Cerastium
P002_WH11_00013 	Brassicaceae;Draba	Brassicaceae;Draba	Brassicaceae;Draba	Brassicaceae;Draba	Papaveraceae;Papaver	Brassicaceae;Arabis
P002_WH11_00014 	Brassicaceae;Draba	Brassicaceae;Draba	Papaveraceae;Papaver	Brassicaceae;Draba	Brassicaceae;Draba	Brassicaceae;Arabis
P002_WH12_00009 	Orobanchaceae;Pedicularis	Orobanchaceae;Pedicularis	Orobanchaceae;Pedicularis	Orobanchaceae;Pedicularis	Orobanchaceae;Pedicularis	Orobanchaceae;Pedicularis
P002_WH12_00010 	Orobanchaceae;Pedicularis	Orobanchaceae;Pedicularis	Orobanchaceae;Pedicularis	Orobanchaceae;Pedicularis	Orobanchaceae;Pedicularis	Onagraceae;Epilobium
P003_WA01_00085 	Rosaceae;Potentilla	Rosaceae;Potaninia	Rosaceae;Sibbaldia	Rosaceae;Potentilla	Rosaceae;Rubus	Rosaceae;Potentilla
P003_WA01_00086 	Rosaceae;Potentilla	Rosaceae;Potaninia	Rosaceae;Sibbaldia	Rosaceae;Alchemilla	Rosaceae;Rubus	Rosaceae;Potentilla
P003_WA03_00051 	Polygonaceae;Bistorta	Polygonaceae;Antigonon	Polygonaceae;Bistorta	Cyperaceae;Carex	Polygonaceae;Bistorta	Polygonaceae;Polygonum
P003_WA03_00054 	Polygonaceae;Bistorta	Polygonaceae;Bistorta	Polygonaceae;Bistorta	Polygonaceae;Bistorta	Cyperaceae;Carex	Polygonaceae;Rumex
P003_WA04_00040 	Crassulaceae;Sedum	Crassulaceae;Graptopetalum	Crassulaceae;Sempervivum	Crassulaceae;Sedum	Cyperaceae;Carex	Rosaceae;Dryas
P003_WA04_00042 	Crassulaceae;Sedum	Crassulaceae;Sempervivum	Crassulaceae;Sedum	Crassulaceae;Sedum	Crassulaceae;Rhodiola	Asteraceae;Cirsium
P003_WA05_00013 	Papaveraceae;Papaver	Brassicaceae;Draba	Papaveraceae;Papaver	Brassicaceae;Draba	Brassicaceae;Draba	Brassicaceae;Arabis
P003_WA05_00015 	Papaveraceae;Papaver	Brassicaceae;Draba	Papaveraceae;Papaver	Brassicaceae;Draba	Brassicaceae;Draba	Brassicaceae;Arabis
P003_WA08_00055 	Asteraceae;Senecio	Asteraceae;Sinosenecio	Asteraceae;Saussurea	Asteraceae;Saussurea	Asteraceae;Taraxacum	Asteraceae;Antennaria
P003_WA08_00056 	Asteraceae;Senecio	Asteraceae;Sinosenecio	Asteraceae;Petasites	Asteraceae;Solidago	Poaceae;Festuca	Asteraceae;Antennaria
P003_WA09_00012 	Caryophyllaceae;Cerastium	Caryophyllaceae;Cerastium	Caryophyllaceae;Cerastium	Caryophyllaceae;Cerastium	Caryophyllaceae;Cerastium	Cyperaceae;Carex
P003_WA09_00013 	Caryophyllaceae;Cerastium	Caryophyllaceae;Pseudocerastium	Caryophyllaceae;Cerastium	Caryophyllaceae;Cerastium	Cyperaceae;Carex	Caryophyllaceae;Cerastium
P003_WA10_00002 	Gentianaceae;Gentiana	Primulaceae;Bryocarpum	Primulaceae;Soldanella	Primulaceae;Soldanella	Primulaceae;Trientalis	Rosaceae;Potentilla
P003_WA10_00028 	Gentianaceae;Gentiana	Gentianaceae;Gentiana	Gentianaceae;Gentiana	Gentianaceae;Gentiana	Gentianaceae;Gentiana	Gentianaceae;Gentiana
P003_WA10_00029 	Gentianaceae;Gentiana	Gentianaceae;Gentiana	Gentianaceae;Gentiana	Gentianaceae;Gentiana	Gentianaceae;Gentiana	Gentianaceae;Gentiana
P003_WA11_00071 	Primulaceae;Soldanella	Primulaceae;Bryocarpum	Primulaceae;Soldanella	Primulaceae;Primula	Primulaceae;Trientalis	Primulaceae;Primula
P003_WA11_00073 	Primulaceae;Soldanella	Primulaceae;Bryocarpum	Primulaceae;Soldanella	Primulaceae;Soldanella	Primulaceae;Trientalis	Rosaceae;Potentilla
P003_WB01_00096 	Asteraceae;Solidago	Asteraceae;Senecio	Asteraceae;Petasites	Asteraceae;Senecio	Poaceae;Festuca	Asteraceae;Antennaria
P003_WB01_00097 	Asteraceae;Solidago	Asteraceae;Senecio	Asteraceae;Senecio	Asteraceae;Petasites	Asteraceae;Hieracium	Asteraceae;Artemisia
P003_WB02_00016 	Rubiaceae;Galium	Rubiaceae;Galium	Rubiaceae;Galium	Lamiaceae;Betonica	Rosaceae;Dryas	Cyperaceae;Carex
P003_WB02_00018 	Rubiaceae;Galium	Rubiaceae;Galium	Rubiaceae;Galium	Rubiaceae;Cruciata	Plantaginaceae;Veronica	Asteraceae;Cirsium
P003_WB03_00019 	Equisetaceae;Equisetum	Equisetaceae;Equisetum	Poaceae;Bromus	Poaceae;Catabrosella	Poaceae;Poa	Poaceae;Agrostis
P003_WB03_00020 	Equisetaceae;Equisetum	Equisetaceae;Equisetum	Equisetaceae;Equisetum	Equisetaceae;Equisetum	Equisetaceae;Equisetum	Equisetaceae;Equisetum
P003_WB05_00020 	Salicaceae;Salix	Saxifragaceae;Saxifraga	Saxifragaceae;Saxifraga	Salicaceae;Salix	Saxifragaceae;Saxifraga	Saxifragaceae;Saxifraga
P003_WB05_00021 	Salicaceae;Salix	Saxifragaceae;Saxifraga	Saxifragaceae;Saxifraga	Saxifragaceae;Saxifraga	Ranunculaceae;Ranunculus	Saxifragaceae;Saxifraga
P003_WB06_00068 	Caryophyllaceae;Silene	Caryophyllaceae;Silene	Caryophyllaceae;Silene	Caryophyllaceae;Silene	Caryophyllaceae;Viscaria	Caryophyllaceae;Minuartia
P003_WB06_00069 	Caryophyllaceae;Silene	Caryophyllaceae;Silene	Caryophyllaceae;Silene	Caryophyllaceae;Silene	Cyperaceae;Carex	Caryophyllaceae;Cerastium
P003_WB08_00103 	Asteraceae;Antennaria	Asteraceae;Echinacea	Asteraceae;Antennaria	Asteraceae;Antennaria	Poaceae;Festuca	Asteraceae;Antennaria
P003_WB08_00104 	Asteraceae;Antennaria	Asteraceae;Leontopodium	Asteraceae;Omalotheca	Asteraceae;Gnaphalium	Asteraceae;Taraxacum	Asteraceae;Senecio
P003_WB11_00095 	Apiaceae;Ligusticum	Apiaceae;Glehnia	Apiaceae;Peucedanum	Apiaceae;Ligusticum	Apiaceae;Tilingia	Apiaceae;Carum
P003_WB11_00096 	Apiaceae;Ligusticum	Apiaceae;Glehnia	Apiaceae;Peucedanum	Apiaceae;Seseli	Apiaceae;Tilingia	Apiaceae;Chaerophyllum
P003_WC01_00067 	Polygonaceae;Bistorta	Polygonaceae;Antigonon	Polygonaceae;Persicaria	Polygonaceae;Bistorta	Polygonaceae;Polygonum	Cyperaceae;Carex
P003_WC01_00069 	Polygonaceae;Bistorta	Polygonaceae;Bistorta	Polygonaceae;Persicaria	Polygonaceae;Bistorta	Cyperaceae;Carex	Polygonaceae;Rumex
P003_WC03_00017 	Ranunculaceae;Trollius	Ranunculaceae;Trollius	Ranunculaceae;Ranunculus	Ranunculaceae;Ranunculus	Ranunculaceae;Anemone	Ranunculaceae;Aconitum
P003_WC03_00018 	Ranunculaceae;Trollius	Ranunculaceae;Trollius	Ranunculaceae;Thalictrum	Cyperaceae;Carex	Selaginellaceae;Selaginella	Ranunculaceae;Ranunculus
P003_WC05_00096 	Saxifragaceae;Saxifraga	Salicaceae;Salix	Salicaceae;Salix	Salicaceae;Salix	Salicaceae;Salix	Salicaceae;Salix
P003_WC05_00097 	Saxifragaceae;Saxifraga	Salicaceae;Salix	Salicaceae;Salix	Salicaceae;Salix	Salicaceae;Salix	Salicaceae;Salix
P003_WC06_00038 	Primulaceae;Primula	Primulaceae;Primula	Primulaceae;Primula	Primulaceae;Primula	Primulaceae;Primula	Primulaceae;Primula
P003_WC06_00039 	Primulaceae;Primula	Primulaceae;Primula	Primulaceae;Primula	Primulaceae;Primula	Primulaceae;Primula	Primulaceae;Primula
P003_WC07_00133 	Juncaceae;Luzula	Brassicaceae;Cochlearia	Brassicaceae;Cochlearia	Brassicaceae;Draba	Brassicaceae;Draba	Brassicaceae;Arabis
P003_WC07_00134 	Juncaceae;Luzula	Brassicaceae;Cochlearia	Asteraceae;Taraxacum	Papaveraceae;Papaver	Brassicaceae;Draba	Brassicaceae;Arabis
P003_WC10_00054 	Asteraceae;Leucanthemum	Asteraceae;Leucanthemum	Asteraceae;Anthemis	Asteraceae;Artemisia	Asteraceae;Achillea	Asteraceae;Leucanthemopsis
P003_WC10_00055 	Asteraceae;Leucanthemum	Asteraceae;Leucanthemum	Asteraceae;Leontodon	Asteraceae;Aster	Asteraceae;Scorzonera	Asteraceae;Achillea
P003_WC11_00016 	Asteraceae;Achillea	Asteraceae;Chrysanthemum	Asteraceae;Artemisia	Asteraceae;Achillea	Asteraceae;Anthemis	Asteraceae;Leucanthemum
P003_WC11_00017 	Asteraceae;Achillea	Asteraceae;Artemisia	Asteraceae;Anthemis	Asteraceae;Artemisia	Asteraceae;Leucanthemum	Asteraceae;Achillea
P003_WC12_00143 	Juncaceae;Luzula	Asteraceae;Diplostephium	Asteraceae;Aster	Asteraceae;Erigeron	Asteraceae;Erigeron	Asteraceae;Solidago
P003_WC12_00145 	Juncaceae;Luzula	Asteraceae;Linochilus	Asteraceae;Erigeron	Juncaceae;Luzula	Asteraceae;Solidago	Asteraceae;Aster
P003_WD02_00032 	Brassicaceae;Draba	Brassicaceae;Draba	Brassicaceae;Draba	Brassicaceae;Draba	Papaveraceae;Papaver	Brassicaceae;Arabis
P003_WD02_00033 	Brassicaceae;Draba	Brassicaceae;Draba	Brassicaceae;Draba	Papaveraceae;Papaver	Brassicaceae;Draba	Brassicaceae;Arabis
P003_WD03_00063 	Lentibulariaceae;Pinguicula	Lentibulariaceae;Pinguicula	Lentibulariaceae;Pinguicula	Lentibulariaceae;Pinguicula	Plantaginaceae;Pennellianthus	Lamiaceae;Betonica
P003_WD03_00065 	Lentibulariaceae;Pinguicula	Lentibulariaceae;Pinguicula	Lentibulariaceae;Pinguicula	Lentibulariaceae;Pinguicula	Plantaginaceae;Pennellianthus	Fabaceae;Hedysarum
P003_WD04_00021 	Fabaceae;Trifolium	Fabaceae;Trifolium	Fabaceae;Trifolium	Fabaceae;Oxytropis	Fabaceae;Astragalus	Fabaceae;Oxytropis
P003_WD04_00022 	Fabaceae;Trifolium	Fabaceae;Trifolium	Fabaceae;Oxytropis	Fabaceae;Oxytropis	Fabaceae;Oxytropis	Fabaceae;Astragalus
P003_WD05_00036 	Brassicaceae;Draba	Papaveraceae;Papaver	Papaveraceae;Papaver	Asteraceae;Hieracium	Lamiaceae;Betonica	Rosaceae;Dryas
P003_WD05_00037 	Brassicaceae;Draba	Papaveraceae;Papaver	Papaveraceae;Papaver	Cyperaceae;Carex	Selaginellaceae;Selaginella	Ranunculaceae;Trollius
P003_WD06_00044 	Ranunculaceae;Ranunculus	Ranunculaceae;Ranunculus	Ranunculaceae;Ranunculus	Caryophyllaceae;Dianthus	Ranunculaceae;Ranunculus	Ranunculaceae;Ranunculus
P003_WD06_00045 	Ranunculaceae;Ranunculus	Ranunculaceae;Ranunculus	Ranunculaceae;Ranunculus	Brassicaceae;Arabis	Caryophyllaceae;Dianthus	Ranunculaceae;Ranunculus
P003_WD07_00020 	Brassicaceae;Cochlearia	Brassicaceae;Cochlearia	Brassicaceae;Cochlearia	Brassicaceae;Draba	Brassicaceae;Draba	Brassicaceae;Arabis
P003_WD07_00021 	Brassicaceae;Cochlearia	Brassicaceae;Cochlearia	Brassicaceae;Cochlearia	Asteraceae;Taraxacum	Brassicaceae;Cardamine	Brassicaceae;Draba
P003_WD08_00095 	Caryophyllaceae;Stellaria	Caryophyllaceae;Psammosilene	Caryophyllaceae;Stellaria	Caryophyllaceae;Cerastium	Caryophyllaceae;Viscaria	Caryophyllaceae;Cerastium
P003_WD08_00097 	Caryophyllaceae;Stellaria	Caryophyllaceae;Pseudocerastium	Caryophyllaceae;Stellaria	Caryophyllaceae;Cerastium	Cyperaceae;Carex	Caryophyllaceae;Cerastium
P003_WD09_00064 	Salicaceae;Salix	Salicaceae;Salix	Salicaceae;Salix	Salicaceae;Salix	Salicaceae;Salix	Salicaceae;Salix
P003_WD09_00065 	Salicaceae;Salix	Salicaceae;Salix	Salicaceae;Salix	Salicaceae;Salix	Salicaceae;Salix	Salicaceae;Salix
P003_WD10_00056 	Caryophyllaceae;Sagina	Caryophyllaceae;Colobanthus	Caryophyllaceae;Cerastium	Caryophyllaceae;Cerastium	Cyperaceae;Carex	Caryophyllaceae;Cerastium
P003_WD10_00057 	Caryophyllaceae;Sagina	Caryophyllaceae;Colobanthus	Caryophyllaceae;Minuartia	Rosaceae;Spiraea	Caryophyllaceae;Minuartia	Caryophyllaceae;Cerastium
P003_WD11_00052 	Primulaceae;Androsace	Primulaceae;Androsace	Primulaceae;Primula	Primulaceae;Primula	Primulaceae;Primula	Primulaceae;Primula
P003_WD11_00054 	Primulaceae;Androsace	Primulaceae;Androsace	Primulaceae;Primula	Primulaceae;Primula	Primulaceae;Primula	Primulaceae;Primula
P003_WD12_00019 	Plantaginaceae;Veronica	Plantaginaceae;Veronicastrum	Plantaginaceae;Veronica	Plantaginaceae;Veronica	Asteraceae;Cirsium	Fabaceae;Hedysarum
P003_WD12_00020 	Plantaginaceae;Veronica	Plantaginaceae;Veronicastrum	Plantaginaceae;Veronica	Plantaginaceae;Veronica	Asteraceae;Cirsium	Lamiaceae;Betonica
P003_WD12_00211 	Plantaginaceae;Veronica	Asteraceae;Cirsium	Asteraceae;Cirsium	Asteraceae;Saussurea	Asteraceae;Saussurea	Asteraceae;Antennaria
P003_WD12_00213 	Plantaginaceae;Veronica	Asteraceae;Saussurea	Plantaginaceae;Veronica	Asteraceae;Cirsium	Asteraceae;Saussurea	Asteraceae;Hieracium
P003_WE01_00038 	Orobanchaceae;Pedicularis	Orobanchaceae;Pedicularis	Onagraceae;Epilobium	Orobanchaceae;Pedicularis	Rosaceae;Potentilla	Orobanchaceae;Pedicularis
P003_WE01_00039 	Orobanchaceae;Pedicularis	Orobanchaceae;Pedicularis	Onagraceae;Epilobium	Orobanchaceae;Pedicularis	Orobanchaceae;Pedicularis	Orobanchaceae;Pedicularis
P003_WE02_00069 	Poaceae;Festuca	Poaceae;Festuca	Poaceae;Festuca	Poaceae;Festuca	Poaceae;Festuca	Poaceae;Festuca
P003_WE02_00099 	Poaceae;Festuca	Asteraceae;Pseudognaphalium	Asteraceae;Antennaria	Asteraceae;Antennaria	Poaceae;Festuca	Asteraceae;Antennaria
P003_WE02_00100 	Poaceae;Festuca	Asteraceae;Echinacea	Asteraceae;Antennaria	Asteraceae;Antennaria	Poaceae;Festuca	Asteraceae;Antennaria
P003_WE05_00097 	Asteraceae;Taraxacum	Brassicaceae;Scapiarabis	Brassicaceae;Arabis	Brassicaceae;Draba	Papaveraceae;Papaver	Brassicaceae;Draba
P003_WE05_00098 	Asteraceae;Taraxacum	Brassicaceae;Bunias	Brassicaceae;Draba	Papaveraceae;Papaver	Brassicaceae;Draba	Brassicaceae;Draba
P003_WE08_00028 	Plantaginaceae;Veronica	Plantaginaceae;Veronicastrum	Plantaginaceae;Veronica	Plantaginaceae;Veronica	Asteraceae;Cirsium	Fabaceae;Hedysarum
P003_WE08_00029 	Plantaginaceae;Veronica	Plantaginaceae;Veronicastrum	Plantaginaceae;Veronica	Plantaginaceae;Veronica	Asteraceae;Cirsium	Lamiaceae;Betonica
P003_WE09_00082 	Salicaceae;Salix	Salicaceae;Salix	Salicaceae;Salix	Salicaceae;Salix	Salicaceae;Salix	Salicaceae;Salix
P003_WE09_00083 	Salicaceae;Salix	Salicaceae;Salix	Salicaceae;Salix	Salicaceae;Salix	Salicaceae;Salix	Salicaceae;Salix
P003_WE10_00061 	Orobanchaceae;Pedicularis	Orobanchaceae;Pedicularis	Orobanchaceae;Pedicularis	Orobanchaceae;Pedicularis	Onagraceae;Epilobium	Orobanchaceae;Pedicularis
P003_WE10_00062 	Orobanchaceae;Pedicularis	Orobanchaceae;Pedicularis	Orobanchaceae;Pedicularis	Orobanchaceae;Pedicularis	Orobanchaceae;Pedicularis	Orobanchaceae;Pedicularis
P003_WE12_00083 	Caryophyllaceae;Dianthus	Caryophyllaceae;Dianthus	Ranunculaceae;Ranunculus	Caryophyllaceae;Viscaria	Caryophyllaceae;Sagina	Caryophyllaceae;Cerastium
P003_WE12_00084 	Caryophyllaceae;Dianthus	Caryophyllaceae;Dianthus	Ranunculaceae;Ranunculus	Caryophyllaceae;Stellaria	Caryophyllaceae;Stellaria	Caryophyllaceae;Minuartia
P003_WE12_00099 	Caryophyllaceae;Dianthus	Ranunculaceae;Ranunculus	Caryophyllaceae;Dianthus	Ranunculaceae;Ranunculus	Brassicaceae;Arabis	Ranunculaceae;Ranunculus
P003_WE12_00102 	Caryophyllaceae;Dianthus	Ranunculaceae;Ranunculus	Ranunculaceae;Ranunculus	Ranunculaceae;Ranunculus	Ranunculaceae;Ranunculus	Ranunculaceae;Ranunculus
P003_WF01_00218 	Onagraceae;Epilobium	Onagraceae;Epilobium	Tofieldiaceae;Tofieldia	Rosaceae;Dryas	Cyperaceae;Carex	Lamiaceae;Betonica
P003_WF01_00410 	Onagraceae;Epilobium	Orobanchaceae;Pedicularis	Onagraceae;Epilobium	Orobanchaceae;Pedicularis	Rosaceae;Potentilla	Orobanchaceae;Pedicularis
P003_WF01_00411 	Onagraceae;Epilobium	Orobanchaceae;Pedicularis	Onagraceae;Epilobium	Orobanchaceae;Pedicularis	Orobanchaceae;Pedicularis	Orobanchaceae;Pedicularis
P003_WF02_00033 	Rosaceae;Dryas	Rosaceae;Dryas	Cyperaceae;Carex	Rosaceae;Dryas	Rosaceae;Dryas	Rosaceae;Sieversia
P003_WF02_00034 	Rosaceae;Dryas	Rosaceae;Dryas	Rosaceae;Dryas	Cyperaceae;Carex	Rosaceae;Dryas	Rosaceae;Rubus
P003_WF04_00067 	Brassicaceae;Cardamine	Brassicaceae;Cardamine	Asteraceae;Taraxacum	Papaveraceae;Papaver	Brassicaceae;Cardamine	Brassicaceae;Draba
P003_WF04_00068 	Brassicaceae;Cardamine	Brassicaceae;Cardamine	Brassicaceae;Cardamine	Brassicaceae;Cardamine	Brassicaceae;Draba	Brassicaceae;Draba
P003_WF05_00111 	Orobanchaceae;Euphrasia	Gentianaceae;Comastoma	Gentianaceae;Comastoma	Gentianaceae;Gentianella	Gentianaceae;Gentiana	Gentianaceae;Gentiana
P003_WF05_00112 	Orobanchaceae;Euphrasia	Gentianaceae;Swertia	Gentianaceae;Comastoma	Gentianaceae;Gentianella	Gentianaceae;Gentiana	Gentianaceae;Gentiana
P003_WF06_00055 	Asteraceae;Solidago	Asteraceae;Pityopsis	Asteraceae;Erigeron	Asteraceae;Erigeron	Asteraceae;Solidago	Asteraceae;Aster
P003_WF06_00056 	Asteraceae;Solidago	Asteraceae;Linochilus	Asteraceae;Erigeron	Juncaceae;Luzula	Asteraceae;Solidago	Asteraceae;Aster
P003_WF07_00044 	Caryophyllaceae;Silene	Caryophyllaceae;Silene	Caryophyllaceae;Silene	Caryophyllaceae;Silene	Caryophyllaceae;Viscaria	Caryophyllaceae;Minuartia
P003_WF07_00045 	Caryophyllaceae;Silene	Caryophyllaceae;Silene	Caryophyllaceae;Silene	Caryophyllaceae;Silene	Cyperaceae;Carex	Caryophyllaceae;Cerastium
P003_WF08_00012 	Salicaceae;Salix	Salicaceae;Salix	Salicaceae;Salix	Salicaceae;Salix	Salicaceae;Salix	Salicaceae;Salix
P003_WF08_00013 	Salicaceae;Salix	Salicaceae;Salix	Salicaceae;Salix	Salicaceae;Salix	Salicaceae;Salix	Salicaceae;Salix
P003_WF09_00036 	Gentianaceae;Gentiana	Gentianaceae;Gentiana	Gentianaceae;Gentiana	Gentianaceae;Gentiana	Gentianaceae;Gentiana	Gentianaceae;Gentiana
P003_WF09_00037 	Gentianaceae;Gentiana	Gentianaceae;Gentiana	Gentianaceae;Gentiana	Gentianaceae;Gentiana	Gentianaceae;Gentiana	Gentianaceae;Gentiana
P003_WF10_00097 	Caryophyllaceae;Minuartia	Caryophyllaceae;Colobanthus	Caryophyllaceae;Sagina	Caryophyllaceae;Minuartia	Caryophyllaceae;Minuartia	Caryophyllaceae;Minuartia
P003_WF10_00098 	Caryophyllaceae;Minuartia	Caryophyllaceae;Colobanthus	Caryophyllaceae;Sagina	Rosaceae;Spiraea	Caryophyllaceae;Minuartia	Caryophyllaceae;Stellaria
P003_WF11_00095 	Ranunculaceae;Ranunculus	Ranunculaceae;Ranunculus	Caryophyllaceae;Dianthus	Ranunculaceae;Ranunculus	Brassicaceae;Arabis	Ranunculaceae;Ranunculus
P003_WF11_00097 	Ranunculaceae;Ranunculus	Ranunculaceae;Ranunculus	Ranunculaceae;Ranunculus	Ranunculaceae;Ranunculus	Ranunculaceae;Ranunculus	Ranunculaceae;Ranunculus
P003_WF11_00147 	Ranunculaceae;Ranunculus	Caryophyllaceae;Dianthus	Ranunculaceae;Ranunculus	Caryophyllaceae;Stellaria	Caryophyllaceae;Stellaria	Caryophyllaceae;Minuartia
P003_WF11_00148 	Ranunculaceae;Ranunculus	Caryophyllaceae;Dianthus	Ranunculaceae;Ranunculus	Caryophyllaceae;Viscaria	Caryophyllaceae;Sagina	Caryophyllaceae;Cerastium
P003_WG01_00096 	Ranunculaceae;Aconitum	Ranunculaceae;Aconitum	Cyperaceae;Carex	Ranunculaceae;Thalictrum	Cyperaceae;Carex	Selaginellaceae;Selaginella
P003_WG01_00098 	Ranunculaceae;Aconitum	Ranunculaceae;Aconitum	Ranunculaceae;Ranunculus	Ranunculaceae;Ranunculus	Ranunculaceae;Trollius	Ranunculaceae;Anemone
P003_WG02_00048 	Cyperaceae;Carex	Rosaceae;Dryas	Rosaceae;Dryas	Cyperaceae;Carex	Rosaceae;Dryas	Rosaceae;Rubus
P003_WG02_00049 	Cyperaceae;Carex	Rosaceae;Dryas	Cyperaceae;Carex	Rosaceae;Dryas	Rosaceae;Dryas	Rosaceae;Sieversia
P003_WG02_00136 	Cyperaceae;Carex	Ranunculaceae;Aconitum	Cyperaceae;Carex	Ranunculaceae;Trollius	Ranunculaceae;Ranunculus	Ranunculaceae;Ranunculus
P003_WG02_00137 	Cyperaceae;Carex	Ranunculaceae;Aconitum	Cyperaceae;Carex	Ranunculaceae;Thalictrum	Cyperaceae;Carex	Selaginellaceae;Selaginella
P003_WG03_00084 	Primulaceae;Soldanella	Primulaceae;Bryocarpum	Primulaceae;Soldanella	Primulaceae;Primula	Primulaceae;Trientalis	Primulaceae;Primula
P003_WG03_00086 	Primulaceae;Soldanella	Primulaceae;Bryocarpum	Primulaceae;Soldanella	Primulaceae;Soldanella	Primulaceae;Trientalis	Rosaceae;Potentilla
P003_WG04_00068 	Brassicaceae;Cardamine	Brassicaceae;Cardamine	Brassicaceae;Cardamine	Asteraceae;Taraxacum	Brassicaceae;Cardamine	Brassicaceae;Draba
P003_WG04_00069 	Brassicaceae;Cardamine	Brassicaceae;Cardamine	Brassicaceae;Cardamine	Brassicaceae;Cardamine	Brassicaceae;Draba	Brassicaceae;Draba
P003_WG05_00017 	Asteraceae;Leucanthemopsis	Asteraceae;Leucanthemum	Asteraceae;Leucanthemum	Asteraceae;Anthemis	Asteraceae;Artemisia	Asteraceae;Achillea
P003_WG05_00018 	Asteraceae;Leucanthemopsis	Asteraceae;Artemisia	Asteraceae;Leucanthemum	Asteraceae;Achillea	Poaceae;Festuca	Asteraceae;Antennaria
P003_WG06_00058 	Lentibulariaceae;Pinguicula	Lentibulariaceae;Pinguicula	Lamiaceae;Betonica	Orobanchaceae;Pedicularis	Orobanchaceae;Bartsia	Cyperaceae;Carex
P003_WG06_00059 	Lentibulariaceae;Pinguicula	Lentibulariaceae;Pinguicula	Lentibulariaceae;Pinguicula	Lentibulariaceae;Pinguicula	Plantaginaceae;Pennellianthus	Fabaceae;Hedysarum
P003_WG07_00087 	Orobanchaceae;Pedicularis	Orobanchaceae;Pedicularis	Orobanchaceae;Pedicularis	Orobanchaceae;Pedicularis	Orobanchaceae;Pedicularis	Orobanchaceae;Pedicularis
P003_WG07_00088 	Orobanchaceae;Pedicularis	Orobanchaceae;Pedicularis	Orobanchaceae;Pedicularis	Orobanchaceae;Pedicularis	Orobanchaceae;Pedicularis	Onagraceae;Epilobium
P003_WG08_00124 	Brassicaceae;Draba	Brassicaceae;Draba	Brassicaceae;Draba	Brassicaceae;Draba	Papaveraceae;Papaver	Brassicaceae;Arabis
P003_WG08_00125 	Brassicaceae;Draba	Brassicaceae;Draba	Papaveraceae;Papaver	Brassicaceae;Draba	Brassicaceae;Draba	Brassicaceae;Arabis
P003_WG08_00224 	Brassicaceae;Draba	Saxifragaceae;Micranthes	Saxifragaceae;Saxifraga	Saxifragaceae;Saxifraga	Saxifragaceae;Saxifraga	Saxifragaceae;Saxifraga
P003_WG08_00225 	Brassicaceae;Draba	Saxifragaceae;Micranthes	Saxifragaceae;Saxifraga	Saxifragaceae;Saxifraga	Saxifragaceae;Saxifraga	Saxifragaceae;Saxifraga
P003_WG11_00034 	Asteraceae;Cirsium	Poaceae;Festuca	Poaceae;Festuca	Poaceae;Festuca	Asteraceae;Cirsium	Cyperaceae;Carex
P003_WG11_00242 	Asteraceae;Cirsium	Plantaginaceae;Veronicastrum	Plantaginaceae;Veronica	Plantaginaceae;Veronica	Asteraceae;Cirsium	Fabaceae;Hedysarum
P003_WG11_00243 	Asteraceae;Cirsium	Plantaginaceae;Veronicastrum	Plantaginaceae;Veronica	Plantaginaceae;Veronica	Plantaginaceae;Veronica	Lamiaceae;Betonica
P003_WG11_00308 	Asteraceae;Cirsium	Asteraceae;Saussurea	Plantaginaceae;Veronica	Asteraceae;Cirsium	Asteraceae;Saussurea	Asteraceae;Hieracium
P003_WG11_00309 	Asteraceae;Cirsium	Asteraceae;Cirsium	Asteraceae;Cirsium	Asteraceae;Saussurea	Asteraceae;Saussurea	Asteraceae;Antennaria
P003_WH01_00101 	Orobanchaceae;Pedicularis	Orobanchaceae;Pedicularis	Orobanchaceae;Pedicularis	Orobanchaceae;Pedicularis	Orobanchaceae;Pedicularis	Orobanchaceae;Pedicularis
P003_WH01_00102 	Orobanchaceae;Pedicularis	Orobanchaceae;Pedicularis	Orobanchaceae;Pedicularis	Orobanchaceae;Pedicularis	Onagraceae;Epilobium	Orobanchaceae;Pedicularis
P003_WH02_00125 	Orobanchaceae;Bartsia	Orobanchaceae;Melampyrum	Orobanchaceae;Euphrasia	Brassicaceae;Arabis	Orobanchaceae;Euphrasia	Orobanchaceae;Euphrasia
P003_WH02_00127 	Orobanchaceae;Bartsia	Orobanchaceae;Euphrasia	Brassicaceae;Arabis	Salicaceae;Salix	Orobanchaceae;Euphrasia	Orobanchaceae;Euphrasia
P003_WH03_00030 	Primulaceae;Primula	Primulaceae;Primula	Primulaceae;Primula	Primulaceae;Primula	Primulaceae;Primula	Primulaceae;Primula
P003_WH03_00032 	Primulaceae;Primula	Primulaceae;Primula	Primulaceae;Primula	Primulaceae;Primula	Primulaceae;Primula	Primulaceae;Primula
P003_WH06_00055 	Saxifragaceae;Saxifraga	Saxifragaceae;Micranthes	Saxifragaceae;Saxifraga	Saxifragaceae;Saxifraga	Saxifragaceae;Saxifraga	Saxifragaceae;Saxifraga
P003_WH06_00057 	Saxifragaceae;Saxifraga	Saxifragaceae;Micranthes	Saxifragaceae;Saxifraga	Saxifragaceae;Saxifraga	Saxifragaceae;Saxifraga	Saxifragaceae;Saxifraga
P003_WH07_00041 	Ranunculaceae;Ranunculus	Saxifragaceae;Saxifraga	Ranunculaceae;Ranunculus	Saxifragaceae;Saxifraga	Saxifragaceae;Saxifraga	Saxifragaceae;Saxifraga
P003_WH07_00042 	Ranunculaceae;Ranunculus	Saxifragaceae;Saxifraga	Ranunculaceae;Ranunculus	Saxifragaceae;Saxifraga	Salicaceae;Salix	Saxifragaceae;Saxifraga
P003_WH08_00017 	Papaveraceae;Papaver	Papaveraceae;Papaver	Papaveraceae;Papaver	Asteraceae;Hieracium	Lamiaceae;Betonica	Rosaceae;Dryas
P003_WH08_00018 	Papaveraceae;Papaver	Papaveraceae;Papaver	Papaveraceae;Papaver	Cyperaceae;Carex	Selaginellaceae;Selaginella	Ranunculaceae;Trollius
P003_WH09_00048 	Saxifragaceae;Saxifraga	Saxifragaceae;Heuchera	Saxifragaceae;Saxifraga	Saxifragaceae;Saxifraga	Saxifragaceae;Saxifraga	Ranunculaceae;Ranunculus
P003_WH09_00049 	Saxifragaceae;Saxifraga	Saxifragaceae;Saxifraga	Saxifragaceae;Saxifraga	Salicaceae;Salix	Saxifragaceae;Saxifraga	Saxifragaceae;Saxifraga
P003_WH10_00015 	Brassicaceae;Arabis	Brassicaceae;Arabis	Brassicaceae;Draba	Papaveraceae;Papaver	Brassicaceae;Draba	Brassicaceae;Draba
P003_WH10_00016 	Brassicaceae;Arabis	Brassicaceae;Arabis	Brassicaceae;Draba	Papaveraceae;Papaver	Asteraceae;Taraxacum	Brassicaceae;Draba
P003_WH11_00127 	Asteraceae;Aster	Asteraceae;Diplostephium	Juncaceae;Luzula	Asteraceae;Taraxacum	Asteraceae;Antennaria	Asteraceae;Saussurea
P003_WH11_00129 	Asteraceae;Aster	Asteraceae;Linochilus	Asteraceae;Erigeron	Juncaceae;Luzula	Asteraceae;Solidago	Asteraceae;Aster
P004_WA02_00016 	Primulaceae;Primula	Primulaceae;Primula	Primulaceae;Primula	Primulaceae;Primula	Primulaceae;Primula	Primulaceae;Primula
P004_WA02_00018 	Primulaceae;Primula	Primulaceae;Primula	Primulaceae;Primula	Primulaceae;Primula	Primulaceae;Primula	Primulaceae;Primula
P004_WC02_00074 	Polygonaceae;Polygonum	Polygonaceae;Bistorta	Polygonaceae;Bistorta	Polygonaceae;Bistorta	Polygonaceae;Polygonum	Cyperaceae;Carex
P004_WC02_00076 	Polygonaceae;Polygonum	Polygonaceae;Antigonon	Polygonaceae;Persicaria	Polygonaceae;Bistorta	Polygonaceae;Bistorta	Cyperaceae;Carex
P004_WD02_00034 	Asteraceae;Antennaria	Asteraceae;Pseudognaphalium	Asteraceae;Antennaria	Asteraceae;Antennaria	Poaceae;Festuca	Asteraceae;Antennaria
P004_WD02_00036 	Asteraceae;Antennaria	Asteraceae;Echinacea	Asteraceae;Antennaria	Asteraceae;Antennaria	Poaceae;Festuca	Asteraceae;Antennaria
P004_WG01_00087 	Rosaceae;Sieversia	Rosaceae;Fallugia	Rosaceae;Alchemilla	Rosaceae;Rubus	Rosaceae;Spiraea	Rosaceae;Sibbaldia
P004_WG01_00088 	Rosaceae;Sieversia	Rosaceae;Fallugia	Rosaceae;Rubus	Rosaceae;Potentilla	Rosaceae;Potentilla	Rosaceae;Potentilla
P004_WH01_00093 	Caryophyllaceae;Minuartia	Gisekiaceae;Gisekia	Caryophyllaceae;Minuartia	Caryophyllaceae;Minuartia	Caryophyllaceae;Minuartia	Caryophyllaceae;Minuartia
P004_WH01_00094 	Caryophyllaceae;Minuartia	Caryophyllaceae;Pseudostellaria	Caryophyllaceae;Minuartia	Caryophyllaceae;Minuartia	Caryophyllaceae;Minuartia	Caryophyllaceae;Stellaria
P8807_504_00124 	Salicaceae;Salix	Salicaceae;Salix	Salicaceae;Salix	Salicaceae;Salix	Salicaceae;Salix	Salicaceae;Salix
P8807_504_00125 	Salicaceae;Salix	Salicaceae;Salix	Salicaceae;Salix	Salicaceae;Salix	Salicaceae;Salix	Salicaceae;Salix
P8807_507_00083 	Crassulaceae;Rhodiola	Crassulaceae;Rhodiola	Crassulaceae;Sempervivum	Crassulaceae;Sedum	Crassulaceae;Sedum	Asteraceae;Cirsium
P8807_507_00084 	Crassulaceae;Rhodiola	Crassulaceae;Rhodiola	Crassulaceae;Sempervivum	Crassulaceae;Sedum	Crassulaceae;Sedum	Saxifragaceae;Saxifraga
P8807_508_00058 	Asteraceae;Hieracium	Asteraceae;Saussurea	Asteraceae;Saussurea	Asteraceae;Saussurea	Asteraceae;Taraxacum	Asteraceae;Petasites
P8807_508_00059 	Asteraceae;Hieracium	Asteraceae;Cichorium	Asteraceae;Hieracium	Asteraceae;Hieracium	Asteraceae;Hieracium	Asteraceae;Antennaria
P8807_509_00090 	Orobanchaceae;Pedicularis	Orobanchaceae;Pedicularis	Orobanchaceae;Pedicularis	Orobanchaceae;Pedicularis	Orobanchaceae;Pedicularis	Orobanchaceae;Pedicularis
P8807_509_00091 	Orobanchaceae;Pedicularis	Orobanchaceae;Pedicularis	Rosaceae;Potentilla	Orobanchaceae;Pedicularis	Orobanchaceae;Pedicularis	Onagraceae;Epilobium
P8807_510_00109 	Violaceae;Viola	Violaceae;Viola	Violaceae;Viola	Salicaceae;Salix	Salicaceae;Salix	Salicaceae;Salix
P8807_510_00110 	Violaceae;Viola	Violaceae;Viola	Violaceae;Viola	Salicaceae;Salix	Salicaceae;Salix	Salicaceae;Salix
P8807_515_00095 	Asteraceae;Saussurea	Asteraceae;Saussurea	Asteraceae;Saussurea	Asteraceae;Antennaria	Poaceae;Festuca	Asteraceae;Antennaria
P8807_515_00097 	Asteraceae;Saussurea	Asteraceae;Saussurea	Asteraceae;Saussurea	Asteraceae;Senecio	Asteraceae;Taraxacum	Asteraceae;Aster
P8807_516_00047 	Caryophyllaceae;Cerastium	Caryophyllaceae;Cerastium	Caryophyllaceae;Cerastium	Caryophyllaceae;Cerastium	Cyperaceae;Carex	Caryophyllaceae;Cerastium
P8807_516_00048 	Caryophyllaceae;Cerastium	Caryophyllaceae;Pseudocerastium	Caryophyllaceae;Cerastium	Caryophyllaceae;Cerastium	Cyperaceae;Carex	Caryophyllaceae;Cerastium
P8807_519_00015 	Salicaceae;Salix	Salicaceae;Salix	Salicaceae;Salix	Salicaceae;Salix	Salicaceae;Salix	Salicaceae;Salix
P8807_519_00016 	Salicaceae;Salix	Salicaceae;Salix	Salicaceae;Salix	Salicaceae;Salix	Salicaceae;Salix	Salicaceae;Salix
P8807_522_00070 	Rosaceae;Dryas	Rosaceae;Dryas	Rosaceae;Dryas	Cyperaceae;Carex	Rosaceae;Dryas	Rosaceae;Sieversia
P8807_522_00071 	Rosaceae;Dryas	Rosaceae;Dryas	Rosaceae;Dryas	Cyperaceae;Carex	Rosaceae;Dryas	Rosaceae;Rubus
P8807_523_00048 	Salicaceae;Salix	Salicaceae;Salix	Salicaceae;Salix	Salicaceae;Salix	Salicaceae;Salix	Salicaceae;Salix
P8807_523_00049 	Salicaceae;Salix	Salicaceae;Salix	Salicaceae;Salix	Salicaceae;Salix	Salicaceae;Salix	Salicaceae;Salix
P8807_524_00072 	Orobanchaceae;Pedicularis	Orobanchaceae;Pedicularis	Orobanchaceae;Pedicularis	Orobanchaceae;Pedicularis	Orobanchaceae;Pedicularis	Orobanchaceae;Pedicularis
P8807_524_00073 	Orobanchaceae;Pedicularis	Orobanchaceae;Pedicularis	Orobanchaceae;Pedicularis	Orobanchaceae;Pedicularis	Orobanchaceae;Pedicularis	Orobanchaceae;Pedicularis
P8807_525_00091 	Rosaceae;Rubus	Rosaceae;Rubus	Rosaceae;Sibbaldia	Ranunculaceae;Thalictrum	Cyperaceae;Carex	Selaginellaceae;Selaginella
P8807_525_00092 	Rosaceae;Rubus	Rosaceae;Rubus	Rosaceae;Sieversia	Rosaceae;Potentilla	Rosaceae;Potentilla	Rosaceae;Potentilla
P8807_527_00033 	Fabaceae;Astragalus	Fabaceae;Astragalus	Fabaceae;Oxytropis	Fabaceae;Astragalus	Fabaceae;Oxytropis	Fabaceae;Oxytropis
P8807_527_00036 	Fabaceae;Astragalus	Fabaceae;Astragalus	Fabaceae;Oxytropis	Fabaceae;Oxytropis	Fabaceae;Astragalus	Fabaceae;Oxytropis
P8807_529_00028 	Cyperaceae;Carex	Caryophyllaceae;Cerastium	Caryophyllaceae;Cerastium	Caryophyllaceae;Cerastium	Cyperaceae;Carex	Caryophyllaceae;Cerastium
P8807_529_00029 	Cyperaceae;Carex	Caryophyllaceae;Pseudocerastium	Caryophyllaceae;Cerastium	Caryophyllaceae;Cerastium	Cyperaceae;Carex	Caryophyllaceae;Cerastium
WA01_00026 	Rosaceae;Potentilla	Rosaceae;Potentilla	Orobanchaceae;Pedicularis	Rosaceae;Potentilla	Rosaceae;Potentilla	Rosaceae;Potentilla
WA01_00027 	Rosaceae;Potentilla	Rosaceae;Potentilla	Orobanchaceae;Pedicularis	Rosaceae;Potentilla	Rosaceae;Potentilla	Rosaceae;Potentilla
WA02_00024 	Salicaceae;Salix	Salicaceae;Salix	Salicaceae;Salix	Salicaceae;Salix	Salicaceae;Salix	Salicaceae;Salix
WA02_00025 	Salicaceae;Salix	Salicaceae;Salix	Salicaceae;Salix	Salicaceae;Salix	Salicaceae;Salix	Salicaceae;Salix
WA05_00125 	Lentibulariaceae;Pinguicula	Lentibulariaceae;Pinguicula	Lentibulariaceae;Pinguicula	Lentibulariaceae;Pinguicula	Plantaginaceae;Pennellianthus	Lamiaceae;Betonica
WA05_00126 	Lentibulariaceae;Pinguicula	Lentibulariaceae;Pinguicula	Lentibulariaceae;Pinguicula	Lentibulariaceae;Pinguicula	Plantaginaceae;Pennellianthus	Fabaceae;Hedysarum
WA06_00027 	Caryophyllaceae;Cerastium	Caryophyllaceae;Cerastium	Caryophyllaceae;Cerastium	Caryophyllaceae;Cerastium	Caryophyllaceae;Cerastium	Cyperaceae;Carex
WA06_00028 	Caryophyllaceae;Cerastium	Caryophyllaceae;Pseudocerastium	Caryophyllaceae;Cerastium	Caryophyllaceae;Cerastium	Cyperaceae;Carex	Caryophyllaceae;Cerastium
WA07_00052 	Saxifragaceae;Saxifraga	Saxifragaceae;Heuchera	Saxifragaceae;Saxifraga	Saxifragaceae;Saxifraga	Ranunculaceae;Ranunculus	Saxifragaceae;Saxifraga
WA07_00053 	Saxifragaceae;Saxifraga	Saxifragaceae;Saxifraga	Saxifragaceae;Saxifraga	Saxifragaceae;Saxifraga	Salicaceae;Salix	Saxifragaceae;Saxifraga
WA12_00094 	Cyperaceae;Carex	Polygonaceae;Antigonon	Polygonaceae;Bistorta	Cyperaceae;Carex	Polygonaceae;Bistorta	Polygonaceae;Polygonum
WA12_00096 	Cyperaceae;Carex	Polygonaceae;Oxyria	Polygonaceae;Rumex	Polygonaceae;Persicaria	Polygonaceae;Bistorta	Polygonaceae;Rumex
WB05_00033 	Asteraceae;Petasites	Asteraceae;Ligularia	Asteraceae;Solidago	Asteraceae;Senecio	Poaceae;Festuca	Asteraceae;Antennaria
WB05_00034 	Asteraceae;Petasites	Asteraceae;Ligularia	Asteraceae;Petasites	Asteraceae;Solidago	Asteraceae;Hieracium	Asteraceae;Artemisia
WB07_00034 	Polygonaceae;Rumex	Polygonaceae;Rumex	Polygonaceae;Rumex	Cyperaceae;Carex	Polygonaceae;Persicaria	Polygonaceae;Bistorta
WB07_00098 	Polygonaceae;Rumex	Polygonaceae;Rumex	Polygonaceae;Rumex	Polygonaceae;Rumex	Polygonaceae;Bistorta	Cyperaceae;Carex
WB08_00034 	Primulaceae;Trientalis	Primulaceae;Lysimachia	Lamiaceae;Betonica	Rosaceae;Dryas	Cyperaceae;Carex	Rosaceae;Dryas
WB08_00035 	Primulaceae;Trientalis	Primulaceae;Lysimachia	Primulaceae;Primula	Primulaceae;Soldanella	Primulaceae;Soldanella	Asteraceae;Aster
WB09_00109 	Saxifragaceae;Saxifraga	Saxifragaceae;Micranthes	Saxifragaceae;Saxifraga	Saxifragaceae;Saxifraga	Saxifragaceae;Saxifraga	Saxifragaceae;Saxifraga
WB09_00111 	Saxifragaceae;Saxifraga	Saxifragaceae;Micranthes	Brassicaceae;Draba	Saxifragaceae;Saxifraga	Saxifragaceae;Saxifraga	Saxifragaceae;Saxifraga
WB10_00034 	Rosaceae;Sibbaldia	Rosaceae;Sibbaldia	Rosaceae;Potentilla	Rosaceae;Potentilla	Rosaceae;Rubus	Rosaceae;Potentilla
WB10_00035 	Rosaceae;Sibbaldia	Rosaceae;Sibbaldia	Rosaceae;Rubus	Rosaceae;Potentilla	Rosaceae;Alchemilla	Rosaceae;Potentilla
WB11_00018 	Asteraceae;Hieracium	Asteraceae;Lactuca	Asteraceae;Hieracium	Asteraceae;Hieracium	Asteraceae;Taraxacum	Asteraceae;Taraxacum
WB11_00019 	Asteraceae;Hieracium	Asteraceae;Cichorium	Asteraceae;Hieracium	Asteraceae;Hieracium	Asteraceae;Hieracium	Asteraceae;Antennaria
WB12_00096 	Asteraceae;Taraxacum	Asteraceae;Taraxacum	Asteraceae;Taraxacum	Asteraceae;Taraxacum	Cyperaceae;Carex	Asteraceae;Taraxacum
WB12_00097 	Asteraceae;Taraxacum	Asteraceae;Taraxacum	Asteraceae;Saussurea	Asteraceae;Senecio	Asteraceae;Saussurea	Asteraceae;Aster
