P001_WA04_00025 	Salicaceae	Salicaceae	Salicaceae	Salicaceae	Salicaceae	Violaceae
P001_WA04_00094 	Salicaceae	Salicaceae	Salicaceae	Salicaceae	Salicaceae	Salicaceae
P001_WA07_00100 	Asteraceae	Asteraceae	Asteraceae	Asteraceae	Asteraceae	Asteraceae
P001_WA07_00115 	Asteraceae	Apiaceae	Apiaceae	Orobanchaceae	Crassulaceae	Primulaceae
P001_WA12_00031 	Asteraceae	Asteraceae	Asteraceae	Asteraceae	Asteraceae	Asteraceae
P001_WB01_00093 	Brassicaceae	Brassicaceae	Rosaceae	Rosaceae	Rosaceae	Rosaceae
P001_WB01_00098 	Brassicaceae	Salicaceae	Salicaceae	Salicaceae	Salicaceae	Salicaceae
P001_WB01_00266 	Brassicaceae	Salicaceae	Salicaceae	Violaceae	Rosaceae	Saxifragaceae
P001_WB01_00339 	Brassicaceae	Poaceae	Salicaceae	Poaceae	Poaceae	Poaceae
P001_WB01_00349 	Brassicaceae	Orobanchaceae	Orobanchaceae	Crassulaceae	Saxifragaceae	Primulaceae
P001_WB02_00098 	Salicaceae	Salicaceae	Salicaceae	Salicaceae	Salicaceae	Salicaceae
P001_WB02_00164 	Salicaceae	Salicaceae	Salicaceae	Salicaceae	Salicaceae	Violaceae
P001_WB02_00226 	Salicaceae	Poaceae	Salicaceae	Poaceae	Poaceae	Poaceae
P001_WB03_00145 	Cyperaceae	Cyperaceae	Cyperaceae	Cyperaceae	Cyperaceae	Cyperaceae
P001_WB03_00148 	Cyperaceae	Cyperaceae	Cyperaceae	Cyperaceae	Cyperaceae	Cyperaceae
P001_WB04_00001 	Betulaceae	Betulaceae	Betulaceae	Betulaceae	Saxifragaceae	Saxifragaceae
P001_WB04_00002 	Betulaceae	Betulaceae	Asteraceae	Crassulaceae	Orobanchaceae	Orobanchaceae
P001_WB04_00118 	Betulaceae	Betulaceae	Betulaceae	Rosaceae	Cyperaceae	Cyperaceae
P001_WB04_00131 	Betulaceae	Betulaceae	Betulaceae	Betulaceae	Salicaceae	Salicaceae
P001_WB05_00027 	Poaceae	Poaceae	Poaceae	Poaceae	Poaceae	Poaceae
P001_WB08_00083 	Poaceae	Poaceae	Poaceae	Poaceae	Cyperaceae	Cyperaceae
P001_WB09_00001 	Asteraceae	Asteraceae	Asteraceae	Asteraceae	Asteraceae	Asteraceae
P001_WB10_00003 	Poaceae	Poaceae	Poaceae	Poaceae	Cyperaceae	Cyperaceae
P001_WB12_00131 	Asteraceae	Asteraceae	Asteraceae	Asteraceae	Ophioglossaceae	Ophioglossaceae
P001_WC02_00028 	Poaceae	Poaceae	Salicaceae	Poaceae	Rubiaceae	Rubiaceae
P001_WC03_00074 	Asteraceae	Asteraceae	Juncaceae	Asteraceae	Campanulaceae	Campanulaceae
P001_WC03_00087 	Asteraceae	Asteraceae	Asteraceae	Asteraceae	Asteraceae	Asteraceae
P001_WC06_00106 	Gentianaceae	Gentianaceae	Gentianaceae	Gentianaceae	Brassicaceae	Brassicaceae
P001_WC06_00107 	Gentianaceae	Gentianaceae	Gentianaceae	Gentianaceae	Salicaceae	Salicaceae
P001_WC07_00056 	Asteraceae	Asteraceae	Asteraceae	Asteraceae	Cyperaceae	Cyperaceae
P001_WC08_00113 	Apiaceae	Apiaceae	Ranunculaceae	Rosaceae	Betulaceae	Betulaceae
P001_WC11_00022 	Polygonaceae	Polygonaceae	Polygonaceae	Polygonaceae	Poaceae	Poaceae
P001_WD01_00067 	Poaceae	Poaceae	Poaceae	Poaceae	Gentianaceae	Gentianaceae
P001_WD02_00001 	Saxifragaceae	Saxifragaceae	Saxifragaceae	Ranunculaceae	Fabaceae	Fabaceae
P001_WD02_00002 	Saxifragaceae	Saxifragaceae	Saxifragaceae	Saxifragaceae	Poaceae	Poaceae
P001_WD02_00118 	Saxifragaceae	Saxifragaceae	Rosaceae	Rosaceae	Asteraceae	Asteraceae
P001_WD04_00051 	Ericaceae	Ericaceae	Ericaceae	Ericaceae	Poaceae	Poaceae
P001_WD04_00096 	Ericaceae	Ericaceae	Ericaceae	Ericaceae	Campanulaceae	Campanulaceae
P001_WD04_00126 	Ericaceae	Ericaceae	Rosaceae	Rosaceae	Asteraceae	Asteraceae
P001_WD05_00063 	Poaceae	Poaceae	Poaceae	Poaceae	Ranunculaceae	Ranunculaceae
P001_WD07_00078 	Caryophyllaceae	Caryophyllaceae	Caryophyllaceae	Caryophyllaceae	Poaceae	Poaceae
P001_WD08_00001 	Caryophyllaceae	Caryophyllaceae	Caryophyllaceae	Caryophyllaceae	Asteraceae	Asteraceae
P001_WD08_00018 	Caryophyllaceae	Theaceae	Asteraceae	Apiaceae	Cupressaceae	Cupressaceae
P001_WD09_00047 	Gentianaceae	Gentianaceae	Gentianaceae	Gentianaceae	Ericaceae	Ericaceae
P001_WD09_00048 	Gentianaceae	Gentianaceae	Gentianaceae	Gentianaceae	Gentianaceae	Gentianaceae
P001_WD11_00029 	Crassulaceae	Crassulaceae	Crassulaceae	Crassulaceae	Asteraceae	Asteraceae
P001_WD11_00248 	Crassulaceae	Asteraceae	Asteraceae	Poaceae	Apiaceae	Apiaceae
P001_WE02_00063 	Cyperaceae	Ranunculaceae	Crassulaceae	Plantaginaceae	Lamiaceae	Lamiaceae
P001_WE04_00029 	Tofieldiaceae	Tofieldiaceae	Saxifragaceae	Crassulaceae	Apiaceae	Apiaceae
P001_WE04_00138 	Tofieldiaceae	Tofieldiaceae	Rosaceae	Rosaceae	Polygonaceae	Polygonaceae
P001_WE06_00006 	Poaceae	Poaceae	Poaceae	Poaceae	Cyperaceae	Cyperaceae
P001_WE12_00196 	Cyperaceae	Poaceae	Poaceae	Poaceae	Poaceae	Poaceae
P001_WF01_00002 	Equisetaceae	Celastraceae	Violaceae	Brassicaceae	Saxifragaceae	Saxifragaceae
P001_WF01_00046 	Equisetaceae	Equisetaceae	Equisetaceae	Equisetaceae	Poaceae	Poaceae
P001_WF01_00137 	Equisetaceae	Equisetaceae	Equisetaceae	Equisetaceae	Ericaceae	Ericaceae
P001_WF05_00047 	Asteraceae	Asteraceae	Asteraceae	Asteraceae	Poaceae	Poaceae
P001_WF06_00134 	Orobanchaceae	Orobanchaceae	Orobanchaceae	Crassulaceae	Campanulaceae	Campanulaceae
P001_WF06_00151 	Orobanchaceae	Poaceae	Poaceae	Asteraceae	Caryophyllaceae	Caryophyllaceae
P001_WF08_00032 	Orchidaceae	Orchidaceae	Cyperaceae	Cyperaceae	Caryophyllaceae	Caryophyllaceae
P001_WF09_00001 	Gentianaceae	Gentianaceae	Gentianaceae	Gentianaceae	Gentianaceae	Gentianaceae
P001_WF09_00002 	Gentianaceae	Gentianaceae	Gentianaceae	Gentianaceae	Boraginaceae	Boraginaceae
P001_WF12_00147 	Geraniaceae	Poaceae	Poaceae	Poaceae	Crassulaceae	Crassulaceae
P001_WG02_00343 	Cyperaceae	Ranunculaceae	Cyperaceae	Crassulaceae	Asteraceae	Asteraceae
P001_WG06_00125 	Saxifragaceae	Saxifragaceae	Saxifragaceae	Saxifragaceae	Caryophyllaceae	Caryophyllaceae
P001_WG07_00115 	Gentianaceae	Gentianaceae	Gentianaceae	Gentianaceae	Cyperaceae	Cyperaceae
P001_WG08_00001 	Asteraceae	Asteraceae	Asteraceae	Poaceae	Ranunculaceae	Ranunculaceae
P001_WG08_00124 	Asteraceae	Asteraceae	Asteraceae	Asteraceae	Tofieldiaceae	Tofieldiaceae
P001_WG10_00023 	Asteraceae	Asteraceae	Crassulaceae	Poaceae	Ericaceae	Ericaceae
P001_WG12_00012 	Poaceae	Poaceae	Poaceae	Poaceae	Poaceae	Poaceae
P001_WH02_00128 	Salicaceae	Salicaceae	Salicaceae	Salicaceae	Juncaceae	Juncaceae
P001_WH02_00141 	Salicaceae	Salicaceae	Salicaceae	Salicaceae	Caprifoliaceae	Caprifoliaceae
P001_WH03_00011 	Cyperaceae	Cyperaceae	Cyperaceae	Cyperaceae	Asteraceae	Asteraceae
P001_WH03_00014 	Cyperaceae	Cyperaceae	Cyperaceae	Cyperaceae	Asteraceae	Asteraceae
P001_WH04_00022 	Saxifragaceae	Saxifragaceae	Saxifragaceae	Saxifragaceae	Poaceae	Poaceae
P001_WH04_00108 	Saxifragaceae	Saxifragaceae	Saxifragaceae	Saxifragaceae	Cyperaceae	Cyperaceae
P001_WH05_00107 	Plantaginaceae	Plantaginaceae	Fabaceae	Plantaginaceae	Equisetaceae	Equisetaceae
P001_WH06_00164 	Poaceae	Asteraceae	Apiaceae	Brassicaceae	Cyperaceae	Cyperaceae
P001_WH07_00025 	Asteraceae	Asteraceae	Poaceae	Ranunculaceae	Caryophyllaceae	Caryophyllaceae
P001_WH08_00106 	Asteraceae	Asteraceae	Asteraceae	Asteraceae	Caryophyllaceae	Caryophyllaceae
P001_WH10_00062 	Hypericaceae	Primulaceae	Gentianaceae	Rosaceae	Asteraceae	Asteraceae
P001_WH11_00101 	Asteraceae	Asteraceae	Asteraceae	Poaceae	Orobanchaceae	Orobanchaceae
P002_WA01_00020 	Poaceae	Poaceae	Poaceae	Poaceae	Poaceae	Poaceae
P002_WA03_00096 	Poaceae	Poaceae	Poaceae	Asteraceae	Orchidaceae	Orchidaceae
P002_WA04_00123 	Apiaceae	Apiaceae	Apiaceae	Rosaceae	Gentianaceae	Gentianaceae
P002_WA08_00110 	Poaceae	Poaceae	Poaceae	Poaceae	Fabaceae	Fabaceae
P002_WA09_00123 	Rosaceae	Rosaceae	Rosaceae	Rosaceae	Apiaceae	Apiaceae
P002_WA12_00110 	Saxifragaceae	Saxifragaceae	Saxifragaceae	Saxifragaceae	Geraniaceae	Geraniaceae
P002_WA12_00125 	Saxifragaceae	Saxifragaceae	Saxifragaceae	Saxifragaceae	Ranunculaceae	Ranunculaceae
P002_WB01_00001 	Apiaceae	Apiaceae	Apiaceae	Rosaceae	Cyperaceae	Cyperaceae
P002_WB02_00022 	Primulaceae	Primulaceae	Gentianaceae	Primulaceae	Selaginellaceae	Selaginellaceae
P002_WB04_00113 	Poaceae	Poaceae	Poaceae	Poaceae	Cyperaceae	Cyperaceae
P002_WB06_00054 	Rosaceae	Rosaceae	Rosaceae	Rosaceae	Caryophyllaceae	Caryophyllaceae
P002_WB06_00097 	Rosaceae	Rosaceae	Rosaceae	Orobanchaceae	Saxifragaceae	Saxifragaceae
P002_WB07_00116 	Ericaceae	Ericaceae	Ericaceae	Ericaceae	Gentianaceae	Gentianaceae
P002_WB08_00080 	Poaceae	Poaceae	Poaceae	Poaceae	Asteraceae	Asteraceae
P002_WB09_00003 	Salicaceae	Salicaceae	Salicaceae	Salicaceae	Gentianaceae	Gentianaceae
P002_WB10_00001 	Caryophyllaceae	Caryophyllaceae	Caryophyllaceae	Caryophyllaceae	Asteraceae	Asteraceae
P002_WB11_00061 	Orobanchaceae	Orobanchaceae	Orobanchaceae	Orobanchaceae	Liliaceae	Liliaceae
P002_WB12_00122 	Saxifragaceae	Saxifragaceae	Saxifragaceae	Saxifragaceae	Poaceae	Poaceae
P002_WC01_00047 	Rosaceae	Orobanchaceae	Orobanchaceae	Orobanchaceae	Celastraceae	Celastraceae
P002_WC01_00059 	Rosaceae	Rosaceae	Rosaceae	Rosaceae	Salicaceae	Salicaceae
P002_WC01_00169 	Rosaceae	Rosaceae	Orobanchaceae	Rosaceae	Cyperaceae	Cyperaceae
P002_WC04_00105 	Asteraceae	Asteraceae	Asteraceae	Asteraceae	Saxifragaceae	Saxifragaceae
P002_WC10_00073 	Polygonaceae	Polygonaceae	Polygonaceae	Polygonaceae	Plantaginaceae	Plantaginaceae
P002_WC11_00001 	Caryophyllaceae	Caryophyllaceae	Ranunculaceae	Polygonaceae	Poaceae	Poaceae
P002_WC11_00002 	Caryophyllaceae	Gisekiaceae	Caryophyllaceae	Caryophyllaceae	Asteraceae	Asteraceae
P002_WC12_00120 	Cyperaceae	Cyperaceae	Asteraceae	Cyperaceae	Asteraceae	Asteraceae
P002_WC12_00123 	Cyperaceae	Cyperaceae	Cyperaceae	Cyperaceae	Primulaceae	Primulaceae
P002_WD01_00102 	Orobanchaceae	Rosaceae	Rosaceae	Rosaceae	Hypericaceae	Hypericaceae
P002_WD01_00139 	Orobanchaceae	Rosaceae	Orobanchaceae	Rosaceae	Asteraceae	Asteraceae
P002_WD01_00225 	Orobanchaceae	Orobanchaceae	Orobanchaceae	Orobanchaceae	Asteraceae	Asteraceae
P002_WD02_00116 	Violaceae	Violaceae	Violaceae	Salicaceae	Poaceae	Poaceae
P002_WD02_00117 	Violaceae	Violaceae	Violaceae	Brassicaceae	Fabaceae	Fabaceae
P002_WD04_00101 	Rosaceae	Rosaceae	Rosaceae	Rosaceae	Poaceae	Poaceae
P002_WD04_00102 	Rosaceae	Rosaceae	Rosaceae	Orobanchaceae	Apiaceae	Apiaceae
P002_WD05_00115 	Plantaginaceae	Paulowniaceae	Rosaceae	Rosaceae	Gentianaceae	Gentianaceae
P002_WD07_00086 	Asteraceae	Asteraceae	Asteraceae	Asteraceae	Apiaceae	Apiaceae
P002_WD10_00012 	Salicaceae	Salicaceae	Salicaceae	Salicaceae	Ericaceae	Ericaceae
P002_WD11_00117 	Poaceae	Poaceae	Poaceae	Poaceae	Poaceae	Poaceae
P002_WD12_00020 	Polygonaceae	Polygonaceae	Polygonaceae	Polygonaceae	Rosaceae	Rosaceae
P002_WD12_00021 	Polygonaceae	Polygonaceae	Polygonaceae	Polygonaceae	Ericaceae	Ericaceae
P002_WE02_00022 	Plantaginaceae	Plantaginaceae	Fabaceae	Plantaginaceae	Poaceae	Poaceae
P002_WE04_00029 	Ranunculaceae	Ranunculaceae	Ranunculaceae	Ranunculaceae	Saxifragaceae	Saxifragaceae
P002_WE07_00112 	Rosaceae	Rosaceae	Rosaceae	Rosaceae	Apiaceae	Apiaceae
P002_WE07_00113 	Rosaceae	Caryophyllaceae	Caryophyllaceae	Caryophyllaceae	Primulaceae	Primulaceae
P002_WE07_00221 	Rosaceae	Rosaceae	Rosaceae	Rosaceae	Caryophyllaceae	Caryophyllaceae
P002_WE08_00003 	Poaceae	Poaceae	Poaceae	Poaceae	Poaceae	Poaceae
P002_WE09_00114 	Betulaceae	Betulaceae	Betulaceae	Rosaceae	Orobanchaceae	Orobanchaceae
P002_WE09_00128 	Betulaceae	Betulaceae	Betulaceae	Betulaceae	Rosaceae	Rosaceae
P002_WE11_00049 	Poaceae	Poaceae	Poaceae	Poaceae	Ericaceae	Ericaceae
P002_WE12_00003 	Poaceae	Poaceae	Poaceae	Poaceae	Poaceae	Poaceae
P002_WF01_00206 	Poaceae	Asteraceae	Asteraceae	Poaceae	Salicaceae	Salicaceae
P002_WF02_00022 	Plantaginaceae	Plantaginaceae	Fabaceae	Plantaginaceae	Caryophyllaceae	Caryophyllaceae
P002_WF04_00016 	Orobanchaceae	Orobanchaceae	Orobanchaceae	Orobanchaceae	Orobanchaceae	Orobanchaceae
P002_WF04_00017 	Orobanchaceae	Orobanchaceae	Plantaginaceae	Rosaceae	Saxifragaceae	Saxifragaceae
P002_WF06_00017 	Ericaceae	Ericaceae	Ericaceae	Ericaceae	Rosaceae	Rosaceae
P002_WF06_00120 	Ericaceae	Ericaceae	Ericaceae	Ericaceae	Fabaceae	Fabaceae
P002_WF07_00051 	Caryophyllaceae	Caryophyllaceae	Caryophyllaceae	Caryophyllaceae	Orobanchaceae	Orobanchaceae
P002_WF08_00104 	Poaceae	Poaceae	Poaceae	Poaceae	Asteraceae	Asteraceae
P002_WF10_00071 	Rosaceae	Rosaceae	Rosaceae	Rosaceae	Apiaceae	Apiaceae
P002_WF10_00096 	Rosaceae	Rosaceae	Rosaceae	Orobanchaceae	Juncaceae	Juncaceae
P002_WG02_00116 	Fabaceae	Plantaginaceae	Fabaceae	Plantaginaceae	Ericaceae	Ericaceae
P002_WG03_00101 	Liliaceae	Liliaceae	Tofieldiaceae	Rosaceae	Brassicaceae	Brassicaceae
P002_WG04_00013 	Rosaceae	Rosaceae	Rosaceae	Rosaceae	Fabaceae	Fabaceae
P002_WG04_00024 	Rosaceae	Rosaceae	Rosaceae	Rosaceae	Polygonaceae	Polygonaceae
P002_WG08_00057 	Cyperaceae	Cyperaceae	Cyperaceae	Asteraceae	Caryophyllaceae	Caryophyllaceae
P002_WG08_00060 	Cyperaceae	Cyperaceae	Cyperaceae	Cyperaceae	Cyperaceae	Cyperaceae
P002_WG09_00021 	Salicaceae	Salicaceae	Salicaceae	Salicaceae	Orobanchaceae	Orobanchaceae
P002_WG10_00018 	Saxifragaceae	Saxifragaceae	Saxifragaceae	Saxifragaceae	Violaceae	Violaceae
P002_WG11_00103 	Salicaceae	Salicaceae	Salicaceae	Salicaceae	Asteraceae	Asteraceae
P002_WG12_00094 	Ericaceae	Ericaceae	Ericaceae	Caryophyllaceae	Rosaceae	Rosaceae
P002_WH01_00032 	Ranunculaceae	Ranunculaceae	Crassulaceae	Ranunculaceae	Plantaginaceae	Plantaginaceae
P002_WH01_00033 	Ranunculaceae	Ranunculaceae	Crassulaceae	Caryophyllaceae	Poaceae	Poaceae
P002_WH02_00045 	Crassulaceae	Crassulaceae	Crassulaceae	Crassulaceae	Asteraceae	Asteraceae
P002_WH02_00080 	Crassulaceae	Ranunculaceae	Caryophyllaceae	Salicaceae	Fabaceae	Fabaceae
P002_WH03_00020 	Rubiaceae	Rubiaceae	Crassulaceae	Crassulaceae	Plumbaginaceae	Plumbaginaceae
P002_WH05_00001 	Ranunculaceae	Ranunculaceae	Ranunculaceae	Ranunculaceae	Salicaceae	Salicaceae
P002_WH05_00002 	Ranunculaceae	Ranunculaceae	Ranunculaceae	Cyperaceae	Poaceae	Poaceae
P002_WH06_00111 	Asteraceae	Asteraceae	Asteraceae	Asteraceae	Polygonaceae	Polygonaceae
P002_WH09_00083 	Ericaceae	Ericaceae	Ericaceae	Ericaceae	Asteraceae	Asteraceae
P002_WH10_00058 	Poaceae	Poaceae	Poaceae	Poaceae	Plantaginaceae	Plantaginaceae
P002_WH12_00027 	Orobanchaceae	Orobanchaceae	Orobanchaceae	Orobanchaceae	Ranunculaceae	Ranunculaceae
P003_WA01_00067 	Rosaceae	Rosaceae	Rosaceae	Rosaceae	Ranunculaceae	Ranunculaceae
P003_WA02_00025 	Poaceae	Poaceae	Poaceae	Poaceae	Campanulaceae	Campanulaceae
P003_WA03_00014 	Polygonaceae	Polygonaceae	Polygonaceae	Polygonaceae	Caprifoliaceae	Caprifoliaceae
P003_WA04_00026 	Crassulaceae	Crassulaceae	Crassulaceae	Crassulaceae	Rosaceae	Rosaceae
P003_WA10_00101 	Gentianaceae	Gentianaceae	Gentianaceae	Gentianaceae	Poaceae	Poaceae
P003_WA10_00102 	Gentianaceae	Gentianaceae	Gentianaceae	Gentianaceae	Betulaceae	Betulaceae
P003_WA10_00116 	Gentianaceae	Primulaceae	Hypericaceae	Saxifragaceae	Saxifragaceae	Saxifragaceae
P003_WA10_00218 	Gentianaceae	Poaceae	Poaceae	Poaceae	Poaceae	Poaceae
P003_WA11_00107 	Primulaceae	Primulaceae	Primulaceae	Primulaceae	Poaceae	Poaceae
P003_WB01_00001 	Asteraceae	Asteraceae	Poaceae	Asteraceae	Poaceae	Poaceae
P003_WB03_00055 	Equisetaceae	Equisetaceae	Equisetaceae	Equisetaceae	Plantaginaceae	Plantaginaceae
P003_WB03_00088 	Equisetaceae	Equisetaceae	Equisetaceae	Equisetaceae	Caryophyllaceae	Caryophyllaceae
P003_WB04_00008 	Cyperaceae	Cyperaceae	Cyperaceae	Asteraceae	Orobanchaceae	Orobanchaceae
P003_WB04_00011 	Cyperaceae	Cyperaceae	Cyperaceae	Cyperaceae	Ericaceae	Ericaceae
P003_WB08_00085 	Asteraceae	Asteraceae	Asteraceae	Asteraceae	Ericaceae	Ericaceae
P003_WB08_00149 	Asteraceae	Cyperaceae	Asteraceae	Cyperaceae	Caryophyllaceae	Caryophyllaceae
P003_WB08_00152 	Asteraceae	Cyperaceae	Cyperaceae	Asteraceae	Poaceae	Poaceae
P003_WB09_00128 	Cyperaceae	Cyperaceae	Cyperaceae	Cyperaceae	Ericaceae	Ericaceae
P003_WB09_00131 	Cyperaceae	Cyperaceae	Cyperaceae	Cyperaceae	Rosaceae	Rosaceae
P003_WB09_00136 	Cyperaceae	Gentianaceae	Gentianaceae	Gentianaceae	Juncaceae	Juncaceae
P003_WC01_00021 	Polygonaceae	Polygonaceae	Polygonaceae	Polygonaceae	Cyperaceae	Cyperaceae
P003_WC05_00001 	Salicaceae	Salicaceae	Salicaceae	Salicaceae	Poaceae	Poaceae
P003_WC08_00025 	Poaceae	Poaceae	Poaceae	Poaceae	Fabaceae	Fabaceae
P003_WC10_00001 	Asteraceae	Asteraceae	Asteraceae	Asteraceae	Liliaceae	Liliaceae
P003_WC12_00020 	Juncaceae	Asteraceae	Juncaceae	Asteraceae	Rosaceae	Rosaceae
P003_WC12_00245 	Juncaceae	Asteraceae	Asteraceae	Asteraceae	Poaceae	Poaceae
P003_WD03_00175 	Lentibulariaceae	Lentibulariaceae	Lentibulariaceae	Gentianaceae	Juncaceae	Juncaceae
P003_WD06_00001 	Ranunculaceae	Ranunculaceae	Caryophyllaceae	Crassulaceae	Cyperaceae	Cyperaceae
P003_WD06_00002 	Ranunculaceae	Ranunculaceae	Cyperaceae	Cyperaceae	Cyperaceae	Cyperaceae
P003_WD09_00066 	Salicaceae	Salicaceae	Salicaceae	Salicaceae	Salicaceae	Salicaceae
P003_WD10_00001 	Caryophyllaceae	Caryophyllaceae	Rosaceae	Caryophyllaceae	Saxifragaceae	Saxifragaceae
P003_WD12_00111 	Plantaginaceae	Plantaginaceae	Fabaceae	Plantaginaceae	Salicaceae	Salicaceae
P003_WE01_00010 	Orobanchaceae	Orobanchaceae	Orobanchaceae	Orobanchaceae	Ericaceae	Ericaceae
P003_WE02_00194 	Poaceae	Asteraceae	Salicaceae	Hypericaceae	Ranunculaceae	Ranunculaceae
P003_WE02_00224 	Poaceae	Asteraceae	Plantaginaceae	Betulaceae	Crassulaceae	Crassulaceae
P003_WE03_00018 	Equisetaceae	Equisetaceae	Equisetaceae	Equisetaceae	Rubiaceae	Rubiaceae
P003_WE03_00125 	Equisetaceae	Equisetaceae	Equisetaceae	Equisetaceae	Apiaceae	Apiaceae
P003_WE07_00027 	Cyperaceae	Cyperaceae	Cyperaceae	Cyperaceae	Ranunculaceae	Ranunculaceae
P003_WE07_00030 	Cyperaceae	Cyperaceae	Cyperaceae	Cyperaceae	Asteraceae	Asteraceae
P003_WE08_00073 	Plantaginaceae	Plantaginaceae	Fabaceae	Plantaginaceae	Caryophyllaceae	Caryophyllaceae
P003_WE09_00106 	Salicaceae	Salicaceae	Salicaceae	Salicaceae	Cyperaceae	Cyperaceae
P003_WE10_00006 	Orobanchaceae	Orobanchaceae	Rosaceae	Orobanchaceae	Ericaceae	Ericaceae
P003_WE12_00001 	Caryophyllaceae	Caryophyllaceae	Ranunculaceae	Rosaceae	Poaceae	Poaceae
P003_WE12_00037 	Caryophyllaceae	Ranunculaceae	Crassulaceae	Salicaceae	Brassicaceae	Brassicaceae
P003_WF01_00381 	Onagraceae	Orobanchaceae	Orobanchaceae	Orobanchaceae	Orobanchaceae	Orobanchaceae
P003_WF02_00112 	Rosaceae	Rosaceae	Cyperaceae	Rosaceae	Rosaceae	Rosaceae
P003_WF06_00001 	Asteraceae	Asteraceae	Juncaceae	Asteraceae	Poaceae	Poaceae
P003_WF06_00037 	Asteraceae	Asteraceae	Asteraceae	Asteraceae	Polygonaceae	Polygonaceae
P003_WF08_00109 	Salicaceae	Salicaceae	Salicaceae	Salicaceae	Crassulaceae	Crassulaceae
P003_WF09_00015 	Gentianaceae	Gentianaceae	Gentianaceae	Gentianaceae	Papaveraceae	Papaveraceae
P003_WF11_00176 	Ranunculaceae	Caryophyllaceae	Rosaceae	Salicaceae	Poaceae	Poaceae
P003_WG02_00389 	Cyperaceae	Rosaceae	Cyperaceae	Rosaceae	Cyperaceae	Cyperaceae
P003_WG06_00021 	Lentibulariaceae	Lentibulariaceae	Lentibulariaceae	Salicaceae	Asteraceae	Asteraceae
P003_WG06_00044 	Lentibulariaceae	Lentibulariaceae	Plantaginaceae	Poaceae	Caryophyllaceae	Caryophyllaceae
P003_WG07_00131 	Orobanchaceae	Orobanchaceae	Rosaceae	Orobanchaceae	Gentianaceae	Gentianaceae
P003_WG08_00110 	Brassicaceae	Brassicaceae	Violaceae	Brassicaceae	Primulaceae	Primulaceae
P003_WG09_00079 	Poaceae	Poaceae	Poaceae	Poaceae	Poaceae	Poaceae
P003_WG11_00206 	Asteraceae	Plantaginaceae	Fabaceae	Plantaginaceae	Asteraceae	Asteraceae
P003_WG11_00380 	Asteraceae	Poaceae	Poaceae	Asteraceae	Rubiaceae	Rubiaceae
P003_WH08_00107 	Papaveraceae	Papaveraceae	Brassicaceae	Salicaceae	Equisetaceae	Equisetaceae
P003_WH11_00099 	Asteraceae	Asteraceae	Asteraceae	Asteraceae	Cyperaceae	Cyperaceae
P004_WB01_00057 	Poaceae	Poaceae	Poaceae	Poaceae	Saxifragaceae	Saxifragaceae
P004_WC02_00114 	Polygonaceae	Polygonaceae	Polygonaceae	Polygonaceae	Caryophyllaceae	Caryophyllaceae
P004_WD02_00019 	Asteraceae	Asteraceae	Poaceae	Asteraceae	Ericaceae	Ericaceae
P004_WD02_00099 	Asteraceae	Asteraceae	Asteraceae	Asteraceae	Asteraceae	Asteraceae
P004_WG01_00125 	Rosaceae	Rosaceae	Rosaceae	Rosaceae	Cyperaceae	Cyperaceae
P004_WH01_00001 	Caryophyllaceae	Gisekiaceae	Caryophyllaceae	Caryophyllaceae	Fabaceae	Fabaceae
P8807_504_00001 	Salicaceae	Salicaceae	Salicaceae	Salicaceae	Apiaceae	Apiaceae
P8807_504_00115 	Salicaceae	Salicaceae	Salicaceae	Salicaceae	Crassulaceae	Crassulaceae
P8807_510_00061 	Violaceae	Violaceae	Rosaceae	Salicaceae	Polygonaceae	Polygonaceae
P8807_511_00026 	Poaceae	Poaceae	Poaceae	Poaceae	Ericaceae	Ericaceae
P8807_515_00111 	Asteraceae	Asteraceae	Asteraceae	Asteraceae	Ranunculaceae	Ranunculaceae
P8807_519_00127 	Salicaceae	Salicaceae	Salicaceae	Salicaceae	Cyperaceae	Cyperaceae
P8807_521_00116 	Ericaceae	Ericaceae	Ericaceae	Polygonaceae	Salicaceae	Salicaceae
P8807_522_00025 	Rosaceae	Rosaceae	Rosaceae	Rosaceae	Primulaceae	Primulaceae
P8807_523_00038 	Salicaceae	Salicaceae	Salicaceae	Salicaceae	Juncaceae	Juncaceae
P8807_525_00005 	Rosaceae	Rosaceae	Rosaceae	Rosaceae	Poaceae	Poaceae
P8807_525_00027 	Rosaceae	Rosaceae	Rosaceae	Rosaceae	Cyperaceae	Cyperaceae
P8807_526_00029 	Equisetaceae	Equisetaceae	Equisetaceae	Equisetaceae	Asteraceae	Asteraceae
P8807_526_00118 	Equisetaceae	Equisetaceae	Equisetaceae	Equisetaceae	Asteraceae	Asteraceae
WA01_00046 	Rosaceae	Rosaceae	Rosaceae	Rosaceae	Juncaceae	Juncaceae
WA01_00068 	Rosaceae	Rosaceae	Rosaceae	Rosaceae	Ericaceae	Ericaceae
WA02_00078 	Salicaceae	Salicaceae	Salicaceae	Salicaceae	Brassicaceae	Brassicaceae
WA05_00092 	Lentibulariaceae	Lentibulariaceae	Lentibulariaceae	Lentibulariaceae	Lentibulariaceae	Lentibulariaceae
WA07_00035 	Saxifragaceae	Saxifragaceae	Saxifragaceae	Saxifragaceae	Fabaceae	Fabaceae
WA12_00047 	Polygonaceae	Polygonaceae	Polygonaceae	Polygonaceae	Brassicaceae	Brassicaceae
WB04_00064 	Equisetaceae	Equisetaceae	Equisetaceae	Equisetaceae	Ranunculaceae	Ranunculaceae
WB04_00105 	Equisetaceae	Equisetaceae	Equisetaceae	Equisetaceae	Brassicaceae	Brassicaceae
WB05_00025 	Asteraceae	Asteraceae	Poaceae	Asteraceae	Caryophyllaceae	Caryophyllaceae
WB06_00024 	Poaceae	Poaceae	Poaceae	Poaceae	Salicaceae	Salicaceae
WB07_00013 	Polygonaceae	Polygonaceae	Polygonaceae	Polygonaceae	Caryophyllaceae	Caryophyllaceae
WB08_00018 	Primulaceae	Primulaceae	Rosaceae	Rosaceae	Primulaceae	Primulaceae
WB08_00119 	Primulaceae	Primulaceae	Gentianaceae	Primulaceae	Plantaginaceae	Plantaginaceae
WB09_00035 	Saxifragaceae	Saxifragaceae	Rosaceae	Salicaceae	Orobanchaceae	Orobanchaceae
WB10_00107 	Rosaceae	Rosaceae	Rosaceae	Rosaceae	Poaceae	Poaceae
WB11_00135 	Asteraceae	Asteraceae	Asteraceae	Asteraceae	Equisetaceae	Equisetaceae
WC02_00042 	Ericaceae	Ericaceae	Hypericaceae	Polygonaceae	Poaceae	Poaceae
