P001_WA02_00102 	Orobanchaceae;Euphrasia; 	Orobanchaceae;Euphrasia	Brassicaceae;Arabis; 	Salicaceae;Salix; 	Orobanchaceae;Euphrasia; 	Orobanchaceae;Euphrasia;
P001_WA03_00050 	Cyperaceae;Carex; 	Cyperaceae;Carex	Cyperaceae;Carex; 	Cyperaceae;Carex; 	Cyperaceae;Carex; 	Cyperaceae;Carex;
P001_WA04_00011 	Salicaceae;Salix; 	Salicaceae;Salix	Salicaceae;Salix; 	Salicaceae;Salix; 	Salicaceae;Salix; 	Salicaceae;Salix;
P001_WA05_00096 	Poaceae;Festuca; 	Poaceae;Elymus	Poaceae;Festuca; 	Poaceae;Festuca; 	Poaceae;Festuca; 	Poaceae;Festuca;
P001_WA06_00096 	Cyperaceae;Carex; 	Cyperaceae;Carex	Cyperaceae;Carex; 	Cyperaceae;Carex; 	Cyperaceae;Carex; 	Cyperaceae;Carex;
P001_WA07_00090 	Asteraceae;Omalotheca; 	Asteraceae;Taraxacum	Asteraceae;Gnaphalium; 	Poaceae;Festuca; 	Asteraceae;Antennaria; 	Asteraceae;Taraxacum;
P001_WA08_00120 	Cyperaceae;Carex; 	Cyperaceae;Carex	Cyperaceae;Carex; 	Cyperaceae;Carex; 	Cyperaceae;Carex; 	Cyperaceae;Carex;
P001_WA09_00022 	Ophioglossaceae;Botrychium; 	Ophioglossaceae;Botrychium	Salicaceae;Salix; 	Orobanchaceae;Euphrasia; 	Orobanchaceae;Euphrasia; 	Orobanchaceae;Bartsia;
P001_WA10_00010 	Rubiaceae;Cruciata; 	Rubiaceae;Theligonum	Rubiaceae;Galium; 	Rubiaceae;Galium; 	Gentianaceae;Comastoma; 	Gentianaceae;Gentianella;
P001_WA11_00018 	Campanulaceae;Campanula; 	Campanulaceae;Campanula	Campanulaceae;Campanula; 	Campanulaceae;Campanula; 	Campanulaceae;Campanula; 	Campanulaceae;Campanula;
P001_WA12_00018 	Asteraceae;Matricaria; 	Asteraceae;Silphium	Asteraceae;Hieracium; 	Asteraceae;Saussurea; 	Asteraceae;Petasites; 	Asteraceae;Hieracium;
P001_WB01_00080 	Brassicaceae;Arabis; 	Brassicaceae;Brassica	Juncaceae;Luzula; 	Brassicaceae;Draba; 	Brassicaceae;Cochlearia; 	Brassicaceae;Draba;
P001_WB01_00245 	Brassicaceae;Arabis; 	Poaceae;Elymus	Poaceae;Festuca; 	Poaceae;Festuca; 	Poaceae;Festuca; 	Poaceae;Festuca;
P001_WB01_00358 	Brassicaceae;Arabis; 	Orobanchaceae;Euphrasia	Brassicaceae;Arabis; 	Salicaceae;Salix; 	Orobanchaceae;Euphrasia; 	Orobanchaceae;Euphrasia;
P001_WB02_00008 	Salicaceae;Salix; 	Poaceae;Elymus	Poaceae;Festuca; 	Poaceae;Festuca; 	Poaceae;Festuca; 	Poaceae;Festuca;
P001_WB02_00151 	Salicaceae;Salix; 	Salicaceae;Salix	Salicaceae;Salix; 	Salicaceae;Salix; 	Salicaceae;Salix; 	Salicaceae;Salix;
P001_WB02_00214 	Salicaceae;Salix; 	Orobanchaceae;Euphrasia	Brassicaceae;Arabis; 	Salicaceae;Salix; 	Orobanchaceae;Euphrasia; 	Orobanchaceae;Euphrasia;
P001_WB03_00077 	Cyperaceae;Eriophorum; 	Cyperaceae;Carex	Cyperaceae;Eriophorum; 	Cyperaceae;Eriophorum; 	Asteraceae;Antennaria; 	Cyperaceae;Eriophorum;
P001_WB04_00013 	Betulaceae;Betula; 	Betulaceae;Betula	Betulaceae;Betula; 	Apiaceae;Carum; 	Apiaceae;Peucedanum; 	Crassulaceae;Sempervivum;
P001_WB05_00016 	Poaceae;Anthoxanthum; 	Poaceae;Anthoxanthum	Poaceae;Hierochloe; 	Poaceae;Calamagrostis; 	Poaceae;Poa; 	Poaceae;Agrostis;
P001_WB06_00003 	Gentianaceae;Comastoma; 	Gentianaceae;Swertia	Gentianaceae;Gentianella; 	Gentianaceae;Gentiana; 	Gentianaceae;Gentiana; 	Gentianaceae;Gentiana;
P001_WB07_00008 	Fabaceae;Oxytropis; 	Fabaceae;Astragalus	Fabaceae;Oxytropis; 	Fabaceae;Astragalus; 	Fabaceae;Oxytropis; 	Fabaceae;Astragalus;
P001_WB08_00099 	Poaceae;Bromus; 	Poaceae;Bromus	Poaceae;Festuca; 	Poaceae;Festuca; 	Poaceae;Festuca; 	Poaceae;Festuca;
P001_WB09_00012 	Asteraceae;Leontodon; 	Asteraceae;Artemisia	Asteraceae;Hieracium; 	Asteraceae;Saussurea; 	Asteraceae;Petasites; 	Asteraceae;Hieracium;
P001_WB10_00016 	Poaceae;Nardus; 	Poaceae;Elymus	Poaceae;Festuca; 	Poaceae;Festuca; 	Poaceae;Festuca; 	Poaceae;Festuca;
P001_WB11_00093 	Campanulaceae;Campanula; 	Campanulaceae;Campanula	Campanulaceae;Campanula; 	Campanulaceae;Campanula; 	Campanulaceae;Campanula; 	Campanulaceae;Campanula;
P001_WB12_00064 	Asteraceae;Gnaphalium; 	Asteraceae;Taraxacum	Asteraceae;Gnaphalium; 	Poaceae;Festuca; 	Asteraceae;Antennaria; 	Asteraceae;Taraxacum;
P001_WC02_00014 	Poaceae;Deschampsia; 	Poaceae;Elymus	Poaceae;Festuca; 	Poaceae;Festuca; 	Poaceae;Festuca; 	Poaceae;Festuca;
P001_WC03_00064 	Asteraceae;Erigeron; 	Asteraceae;Conyza	Asteraceae;Erigeron; 	Asteraceae;Erigeron; 	Asteraceae;Anthemis; 	Asteraceae;Solidago;
P001_WC04_00024 	Cupressaceae;Juniperus; 	Cupressaceae;Juniperus	Cupressaceae;Juniperus; 	Juncaceae;Luzula; 	Pinaceae;Pinus; 	Ranunculaceae;Ranunculus;
P001_WC07_00045 	Asteraceae;Leontodon; 	Asteraceae;Artemisia	Asteraceae;Hieracium; 	Asteraceae;Saussurea; 	Asteraceae;Petasites; 	Asteraceae;Hieracium;
P001_WC08_00100 	Apiaceae;Bupleurum; 	Apiaceae;Bupleurum	Apiaceae;Bupleurum; 	Apiaceae;Carum; 	Apiaceae;Peucedanum; 	Apiaceae;Ligusticum;
P001_WC09_00094 	Lamiaceae;Betonica; 	Orobanchaceae;Pedicularis	Onagraceae;Epilobium; 	Orobanchaceae;Pedicularis; 	Orobanchaceae;Pedicularis; 	Orobanchaceae;Pedicularis;
P001_WC10_00117 	Apiaceae;Carum; 	Apiaceae;Carum	Apiaceae;Carum; 	Apiaceae;Peucedanum; 	Apiaceae;Tilingia; 	Apiaceae;Ligusticum;
P001_WC11_00010 	Polygonaceae;Rumex; 	Polygonaceae;Rheum	Polygonaceae;Rumex; 	Polygonaceae;Rumex; 	Polygonaceae;Oxyria; 	Polygonaceae;Polygonum;
P001_WC12_00010 	Cyperaceae;Carex; 	Cyperaceae;Carex	Cyperaceae;Carex; 	Cyperaceae;Carex; 	Cyperaceae;Carex; 	Cyperaceae;Carex;
P001_WD01_00055 	Poaceae;Poa; 	Poaceae;Zeugites	Poaceae;Poa; 	Poaceae;Festuca; 	Poaceae;Festuca; 	Poaceae;Festuca;
P001_WD02_00011 	Saxifragaceae;Saxifraga; 	Saxifragaceae;Bergenia	Saxifragaceae;Saxifraga; 	Brassicaceae;Draba; 	Saxifragaceae;Saxifraga; 	Saxifragaceae;Saxifraga;
P001_WD03_00009 	Poaceae;Calamagrostis; 	Poaceae;Agrostis	Poaceae;Agrostis; 	Poaceae;Hierochloe; 	Poaceae;Calamagrostis; 	Poaceae;Agrostis;
P001_WD04_00001 	Ericaceae;Cassiope; 	Ericaceae;Rhododendron	Ericaceae;Rhododendron; 	Ericaceae;Rhododendron; 	Ericaceae;Rhododendron; 	Ericaceae;Arctous;
P001_WD05_00049 	Poaceae;Avenella; 	Poaceae;Elymus	Poaceae;Festuca; 	Poaceae;Festuca; 	Poaceae;Festuca; 	Poaceae;Festuca;
P001_WD06_00045 	Campanulaceae;Campanula; 	Campanulaceae;Campanula	Campanulaceae;Campanula; 	Campanulaceae;Campanula; 	Campanulaceae;Campanula; 	Campanulaceae;Campanula;
P001_WD07_00087 	Caryophyllaceae;Silene; 	Caryophyllaceae;Silene	Caryophyllaceae;Silene; 	Caryophyllaceae;Silene; 	Caryophyllaceae;Silene; 	Caryophyllaceae;Minuartia;
P001_WD08_00039 	Caryophyllaceae;Cerastium; 	Boraginaceae;Borago	Boraginaceae;Myosotis; 	Apiaceae;Carum; 	Apiaceae;Peucedanum; 	Apiaceae;Ligusticum;
P001_WD09_00057 	Gentianaceae;Gentiana; 	Gentianaceae;Gentiana	Gentianaceae;Gentiana; 	Gentianaceae;Gentiana; 	Gentianaceae;Gentiana; 	Gentianaceae;Gentiana;
P001_WD10_00011 	Boraginaceae;Myosotis; 	Boraginaceae;Borago	Boraginaceae;Myosotis; 	Apiaceae;Carum; 	Apiaceae;Peucedanum; 	Apiaceae;Ligusticum;
P001_WD11_00016 	Crassulaceae;Sedum; 	Crassulaceae;Rosularia	Crassulaceae;Sempervivum; 	Crassulaceae;Sedum; 	Crassulaceae;Rhodiola; 	Saxifragaceae;Saxifraga;
P001_WD11_00270 	Crassulaceae;Sedum; 	Cyperaceae;Carex	Cyperaceae;Kobresia; 	Cyperaceae;Carex; 	Cyperaceae;Carex; 	Cyperaceae;Carex;
P001_WD12_00104 	Asteraceae;Taraxacum; 	Asteraceae;Taraxacum	Asteraceae;Taraxacum; 	Cyperaceae;Carex; 	Asteraceae;Taraxacum; 	Asteraceae;Taraxacum;
P001_WE01_00008 	Caryophyllaceae;Minuartia; 	Molluginaceae;Mollugo	Caryophyllaceae;Minuartia; 	Caryophyllaceae;Minuartia; 	Caryophyllaceae;Minuartia; 	Caryophyllaceae;Minuartia;
P001_WE02_00046 	Cyperaceae;Kobresia; 	Cyperaceae;Carex	Cyperaceae;Carex; 	Cyperaceae;Carex; 	Cyperaceae;Carex; 	Cyperaceae;Carex;
P001_WE03_00114 	Ranunculaceae;Ranunculus; 	Ranunculaceae;Ranunculus	Ranunculaceae;Trollius; 	Ranunculaceae;Ranunculus; 	Caryophyllaceae;Dianthus; 	Ranunculaceae;Ranunculus;
P001_WE04_00011 	Tofieldiaceae;Tofieldia; 	Tofieldiaceae;Tofieldia	Ranunculaceae;Trollius; 	Ranunculaceae;Ranunculus; 	Ranunculaceae;Aconitum; 	Saxifragaceae;Saxifraga;
P001_WE04_00051 	Tofieldiaceae;Tofieldia; 	Cyperaceae;Carex	Cyperaceae;Carex; 	Cyperaceae;Carex; 	Cyperaceae;Carex; 	Cyperaceae;Carex;
P001_WE05_00121 	Ericaceae;Kalmia; 	Ericaceae;Rhododendron	Ericaceae;Phyllodoce; 	Ericaceae;Phyllodoce; 	Ericaceae;Empetrum; 	Ericaceae;Rhododendron;
P001_WE06_00018 	Poaceae;Phleum; 	Poaceae;Elymus	Poaceae;Festuca; 	Poaceae;Festuca; 	Poaceae;Festuca; 	Poaceae;Festuca;
P001_WE07_00109 	Juncaceae;Luzula; 	Juncaceae;Luzula	Juncaceae;Luzula; 	Juncaceae;Luzula; 	Cyperaceae;Carex; 	Juncaceae;Luzula;
P001_WE08_00102 	Caprifoliaceae;Scabiosa; 	Caprifoliaceae;Dipsacus	Caprifoliaceae;Patrinia; 	Apiaceae;Carum; 	Apiaceae;Peucedanum; 	Apiaceae;Ligusticum;
P001_WE10_00011 	Asteraceae;Taraxacum; 	Asteraceae;Taraxacum	Asteraceae;Taraxacum; 	Cyperaceae;Carex; 	Asteraceae;Taraxacum; 	Asteraceae;Taraxacum;
P001_WE11_00012 	Poaceae;Festuca; 	Poaceae;Elymus	Poaceae;Festuca; 	Poaceae;Festuca; 	Poaceae;Festuca; 	Poaceae;Festuca;
P001_WE12_00129 	Cyperaceae;Carex; 	Cyperaceae;Carex	Cyperaceae;Carex; 	Cyperaceae;Carex; 	Cyperaceae;Carex; 	Cyperaceae;Carex;
P001_WE12_00279 	Cyperaceae;Carex; 	Asteraceae;Taraxacum	Asteraceae;Taraxacum; 	Cyperaceae;Carex; 	Asteraceae;Taraxacum; 	Asteraceae;Taraxacum;
P001_WE12_00280 	Cyperaceae;Carex; 	Asteraceae;Taraxacum	Asteraceae;Taraxacum; 	Cyperaceae;Carex; 	Asteraceae;Taraxacum; 	Asteraceae;Taraxacum;
P001_WE12_00291 	Cyperaceae;Carex; 	Poaceae;Elymus	Poaceae;Festuca; 	Poaceae;Festuca; 	Poaceae;Festuca; 	Poaceae;Festuca;
P001_WF01_00031 	Equisetaceae;Equisetum; 	Equisetaceae;Equisetum	Equisetaceae;Equisetum; 	Equisetaceae;Equisetum; 	Equisetaceae;Equisetum; 	Equisetaceae;Equisetum;
P001_WF01_00239 	Equisetaceae;Equisetum; 	Ranunculaceae;Ranunculus	Ranunculaceae;Ranunculus; 	Celastraceae;Parnassia; 	Salicaceae;Salix; 	Ranunculaceae;Ranunculus;
P001_WF02_00071 	Cyperaceae;Carex; 	Cyperaceae;Carex	Cyperaceae;Carex; 	Cyperaceae;Carex; 	Cyperaceae;Carex; 	Cyperaceae;Carex;
P001_WF03_00011 	Caryophyllaceae;Cerastium; 	Caryophyllaceae;Cerastium	Caryophyllaceae;Cerastium; 	Caryophyllaceae;Cerastium; 	Caryophyllaceae;Cerastium; 	Caryophyllaceae;Cerastium;
P001_WF04_00089 	Caryophyllaceae;Silene; 	Caryophyllaceae;Silene	Caryophyllaceae;Silene; 	Caryophyllaceae;Silene; 	Caryophyllaceae;Silene; 	Caryophyllaceae;Minuartia;
P001_WF05_00003 	Asteraceae;Antennaria; 	Asteraceae;Gamochaeta	Asteraceae;Antennaria; 	Poaceae;Festuca; 	Asteraceae;Antennaria; 	Asteraceae;Hieracium;
P001_WF06_00023 	Orobanchaceae;Euphrasia; 	Orobanchaceae;Euphrasia	Brassicaceae;Arabis; 	Salicaceae;Salix; 	Orobanchaceae;Euphrasia; 	Orobanchaceae;Euphrasia;
P001_WF06_00091 	Orobanchaceae;Euphrasia; 	Poaceae;Elymus	Poaceae;Festuca; 	Poaceae;Festuca; 	Poaceae;Festuca; 	Poaceae;Festuca;
P001_WF07_00011 	Poaceae;Festuca; 	Poaceae;Elymus	Poaceae;Festuca; 	Poaceae;Festuca; 	Poaceae;Festuca; 	Poaceae;Festuca;
P001_WF08_00025 	Orchidaceae;Coeloglossum; 	Orchidaceae;Habenaria	Tofieldiaceae;Tofieldia; 	Ranunculaceae;Aconitum; 	Caryophyllaceae;Dianthus; 	Ranunculaceae;Ranunculus;
P001_WF09_00012 	Gentianaceae;Gentiana; 	Gentianaceae;Gentiana	Gentianaceae;Gentiana; 	Gentianaceae;Gentiana; 	Gentianaceae;Gentiana; 	Gentianaceae;Gentiana;
P001_WF10_00022 	Fabaceae;Anthyllis; 	Fabaceae;Securigera	Crassulaceae;Sempervivum; 	Brassicaceae;Cardamine; 	Caryophyllaceae;Minuartia; 	Brassicaceae;Cardamine;
P001_WF11_00089 	Apiaceae;Seseli; 	Apiaceae;Prangos	Apiaceae;Bupleurum; 	Apiaceae;Carum; 	Apiaceae;Peucedanum; 	Apiaceae;Bupleurum;
P001_WF12_00122 	Geraniaceae;Geranium; 	Geraniaceae;Geranium	Salicaceae;Salix; 	Apiaceae;Carum; 	Apiaceae;Peucedanum; 	Caryophyllaceae;Arenaria;
P001_WG01_00127 	Ranunculaceae;Thalictrum; 	Ranunculaceae;Thalictrum	Cyperaceae;Carex; 	Ranunculaceae;Trollius; 	Ranunculaceae;Ranunculus; 	Ranunculaceae;Aconitum;
P001_WG02_00151 	Cyperaceae;Carex; 	Ranunculaceae;Thalictrum	Cyperaceae;Carex; 	Ranunculaceae;Trollius; 	Ranunculaceae;Ranunculus; 	Ranunculaceae;Aconitum;
P001_WG02_00168 	Cyperaceae;Carex; 	Cyperaceae;Carex	Cyperaceae;Carex; 	Cyperaceae;Carex; 	Cyperaceae;Carex; 	Cyperaceae;Carex;
P001_WG04_00046 	Cyperaceae;Carex; 	Cyperaceae;Carex	Cyperaceae;Carex; 	Cyperaceae;Carex; 	Onagraceae;Epilobium; 	Cyperaceae;Carex;
P001_WG05_00061 	Caryophyllaceae;Viscaria; 	Caryophyllaceae;Colobanthus	Caryophyllaceae;Minuartia; 	Caryophyllaceae;Silene; 	Caryophyllaceae;Sagina; 	Caryophyllaceae;Silene;
P001_WG06_00114 	Saxifragaceae;Saxifraga; 	Saxifragaceae;Saxifraga	Saxifragaceae;Saxifraga; 	Saxifragaceae;Saxifraga; 	Saxifragaceae;Saxifraga; 	Saxifragaceae;Saxifraga;
P001_WG07_00031 	Gentianaceae;Gentianella; 	Gentianaceae;Swertia	Gentianaceae;Gentianella; 	Gentianaceae;Gentiana; 	Gentianaceae;Gentiana; 	Gentianaceae;Gentiana;
P001_WG08_00014 	Asteraceae;Anthemis; 	Asteraceae;Artemisia	Asteraceae;Hieracium; 	Asteraceae;Saussurea; 	Asteraceae;Petasites; 	Asteraceae;Hieracium;
P001_WG10_00011 	Asteraceae;Taraxacum; 	Asteraceae;Taraxacum	Asteraceae;Taraxacum; 	Cyperaceae;Carex; 	Asteraceae;Taraxacum; 	Asteraceae;Taraxacum;
P001_WG11_00012 	Liliaceae;Gagea; 	Liliaceae;Gagea	Liliaceae;Fritillaria; 	Brassicaceae;Cardamine; 	Brassicaceae;Cardamine; 	Brassicaceae;Cardamine;
P001_WG12_00003 	Poaceae;Catabrosella; 	Poaceae;Elymus	Poaceae;Festuca; 	Poaceae;Festuca; 	Poaceae;Festuca; 	Poaceae;Festuca;
P001_WH01_00102 	Celastraceae;Parnassia; 	Celastraceae;Parnassia	Salicaceae;Salix; 	Equisetaceae;Equisetum; 	Saxifragaceae;Chrysosplenium; 	Saxifragaceae;Saxifraga;
P001_WH02_00002 	Salicaceae;Salix; 	Celastraceae;Parnassia	Salicaceae;Salix; 	Equisetaceae;Equisetum; 	Saxifragaceae;Chrysosplenium; 	Saxifragaceae;Saxifraga;
P001_WH02_00116 	Salicaceae;Salix; 	Salicaceae;Salix	Salicaceae;Salix; 	Salicaceae;Salix; 	Salicaceae;Salix; 	Salicaceae;Salix;
P001_WH03_00091 	Cyperaceae;Eriophorum; 	Cyperaceae;Carex	Cyperaceae;Eriophorum; 	Cyperaceae;Eriophorum; 	Asteraceae;Antennaria; 	Cyperaceae;Eriophorum;
P001_WH04_00010 	Saxifragaceae;Saxifraga; 	Saxifragaceae;Saxifraga	Saxifragaceae;Saxifraga; 	Saxifragaceae;Saxifraga; 	Saxifragaceae;Saxifraga; 	Saxifragaceae;Saxifraga;
P001_WH05_00093 	Plantaginaceae;Veronica; 	Plantaginaceae;Veronica	Plantaginaceae;Veronica; 	Plantaginaceae;Veronica; 	Plantaginaceae;Veronica; 	Fabaceae;Hedysarum;
P001_WH06_00145 	Poaceae;Trisetum; 	Poaceae;Elymus	Poaceae;Festuca; 	Poaceae;Festuca; 	Poaceae;Festuca; 	Poaceae;Festuca;
P001_WH06_00212 	Poaceae;Trisetum; 	Asteraceae;Helenium	Asteraceae;Scorzonera; 	Asteraceae;Saussurea; 	Asteraceae;Petasites; 	Asteraceae;Hieracium;
P001_WH07_00010 	Asteraceae;Scorzonera; 	Asteraceae;Helenium	Asteraceae;Scorzonera; 	Asteraceae;Saussurea; 	Asteraceae;Petasites; 	Asteraceae;Hieracium;
P001_WH08_00095 	Asteraceae;Anthemis; 	Asteraceae;Artemisia	Asteraceae;Solidago; 	Asteraceae;Saussurea; 	Asteraceae;Petasites; 	Asteraceae;Hieracium;
P001_WH09_00025 	Primulaceae;Primula; 	Primulaceae;Primula	Hypericaceae;Hypericum; 	Primulaceae;Primula; 	Primulaceae;Trientalis; 	Primulaceae;Primula;
P001_WH10_00050 	Hypericaceae;Hypericum; 	Fabaceae;Euchresta	Crassulaceae;Sedum; 	Crassulaceae;Sempervivum; 	Rosaceae;Spiraea; 	Caryophyllaceae;Minuartia;
P001_WH10_00117 	Hypericaceae;Hypericum; 	Asteraceae;Artemisia	Asteraceae;Erigeron; 	Asteraceae;Erigeron; 	Asteraceae;Solidago; 	Asteraceae;Solidago;
P001_WH10_00119 	Hypericaceae;Hypericum; 	Primulaceae;Primula	Hypericaceae;Hypericum; 	Primulaceae;Primula; 	Primulaceae;Trientalis; 	Primulaceae;Primula;
P001_WH11_00040 	Asteraceae;Erigeron; 	Asteraceae;Conyza	Asteraceae;Erigeron; 	Asteraceae;Erigeron; 	Asteraceae;Anthemis; 	Asteraceae;Solidago;
P001_WH12_00011 	Asteraceae;Hieracium; 	Asteraceae;Artemisia	Asteraceae;Hieracium; 	Asteraceae;Saussurea; 	Asteraceae;Petasites; 	Asteraceae;Hieracium;
P002_WA01_00012 	Poaceae;Hyalopoa; 	Poaceae;Elymus	Poaceae;Festuca; 	Poaceae;Festuca; 	Poaceae;Festuca; 	Poaceae;Festuca;
P002_WA02_00062 	Fabaceae;Trifolium; 	Fabaceae;Trifolium	Fabaceae;Trifolium; 	Fabaceae;Anthyllis; 	Brassicaceae;Cardamine; 	Brassicaceae;Cardamine;
P002_WA03_00106 	Poaceae;Festuca; 	Poaceae;Elymus	Poaceae;Festuca; 	Poaceae;Festuca; 	Poaceae;Festuca; 	Poaceae;Festuca;
P002_WA04_00115 	Apiaceae;Carum; 	Araliaceae;Panax	Apiaceae;Peucedanum; 	Apiaceae;Chaerophyllum; 	Apiaceae;Tilingia; 	Apiaceae;Ligusticum;
P002_WA05_00041 	Gentianaceae;Gentiana; 	Gentianaceae;Gentiana	Gentianaceae;Gentiana; 	Gentianaceae;Gentiana; 	Gentianaceae;Gentiana; 	Gentianaceae;Gentiana;
P002_WA06_00113 	Apiaceae;Peucedanum; 	Araliaceae;Panax	Apiaceae;Peucedanum; 	Apiaceae;Chaerophyllum; 	Apiaceae;Tilingia; 	Apiaceae;Ligusticum;
P002_WA07_00120 	Ericaceae;Harrimanella; 	Ericaceae;Arbutus	Ericaceae;Harrimanella; 	Ericaceae;Arctous; 	Ericaceae;Pyrola; 	Ericaceae;Pyrola;
P002_WA08_00122 	Poaceae;Poa; 	Poaceae;Elymus	Poaceae;Poa; 	Poaceae;Poa; 	Poaceae;Poa; 	Poaceae;Agrostis;
P002_WA09_00109 	Rosaceae;Dryas; 	Rosaceae;Dryas	Rosaceae;Dryas; 	Cyperaceae;Carex; 	Rosaceae;Dryas; 	Rosaceae;Potentilla;
P002_WA10_00113 	Ericaceae;Rhododendron; 	Ericaceae;Rhododendron	Ericaceae;Rhododendron; 	Ericaceae;Rhododendron; 	Ericaceae;Rhododendron; 	Ericaceae;Rhododendron;
P002_WA11_00121 	Poaceae;Calamagrostis; 	Poaceae;Agrostis	Poaceae;Agrostis; 	Poaceae;Hierochloe; 	Poaceae;Calamagrostis; 	Poaceae;Agrostis;
P002_WA12_00097 	Saxifragaceae;Saxifraga; 	Saxifragaceae;Saxifraga	Saxifragaceae;Saxifraga; 	Saxifragaceae;Saxifraga; 	Saxifragaceae;Saxifraga; 	Saxifragaceae;Saxifraga;
P002_WB01_00010 	Apiaceae;Chaerophyllum; 	Apiaceae;Anthriscus	Apiaceae;Carum; 	Apiaceae;Peucedanum; 	Apiaceae;Tilingia; 	Apiaceae;Ligusticum;
P002_WB02_00032 	Primulaceae;Primula; 	Primulaceae;Primula	Primulaceae;Primula; 	Hypericaceae;Hypericum; 	Primulaceae;Trientalis; 	Primulaceae;Primula;
P002_WB03_00097 	Caryophyllaceae;Arenaria; 	Molluginaceae;Mollugo	Caryophyllaceae;Minuartia; 	Caryophyllaceae;Silene; 	Caryophyllaceae;Sagina; 	Caryophyllaceae;Silene;
P002_WB04_00101 	Poaceae;Helictotrichon; 	Poaceae;Helictochloa	Poaceae;Festuca; 	Poaceae;Festuca; 	Poaceae;Festuca; 	Poaceae;Festuca;
P002_WB05_00026 	Orobanchaceae;Pedicularis; 	Orobanchaceae;Pedicularis	Onagraceae;Epilobium; 	Orobanchaceae;Pedicularis; 	Orobanchaceae;Pedicularis; 	Orobanchaceae;Pedicularis;
P002_WB06_00043 	Rosaceae;Potentilla; 	Rosaceae;Rosa	Rosaceae;Potentilla; 	Rosaceae;Sieversia; 	Rosaceae;Rubus; 	Rosaceae;Potentilla;
P002_WB07_00104 	Ericaceae;Bryanthus; 	Ericaceae;Rhododendron	Ericaceae;Phyllodoce; 	Ericaceae;Rhododendron; 	Ericaceae;Rhododendron; 	Ericaceae;Rhododendron;
P002_WB08_00091 	Poaceae;Poa; 	Poaceae;Elymus	Poaceae;Poa; 	Poaceae;Poa; 	Poaceae;Poa; 	Poaceae;Agrostis;
P002_WB09_00070 	Salicaceae;Salix; 	Salicaceae;Salix	Salicaceae;Salix; 	Salicaceae;Salix; 	Salicaceae;Salix; 	Salicaceae;Salix;
P002_WB10_00011 	Caryophyllaceae;Stellaria; 	Caryophyllaceae;Cerastium	Caryophyllaceae;Stellaria; 	Caryophyllaceae;Cerastium; 	Caryophyllaceae;Cerastium; 	Caryophyllaceae;Cerastium;
P002_WB11_00068 	Orobanchaceae;Pedicularis; 	Orobanchaceae;Pedicularis	Onagraceae;Epilobium; 	Orobanchaceae;Pedicularis; 	Orobanchaceae;Pedicularis; 	Orobanchaceae;Pedicularis;
P002_WB12_00109 	Saxifragaceae;Chrysosplenium; 	Saxifragaceae;Chrysosplenium	Brassicaceae;Draba; 	Saxifragaceae;Saxifraga; 	Saxifragaceae;Saxifraga; 	Saxifragaceae;Saxifraga;
P002_WC01_00182 	Rosaceae;Potentilla; 	Rosaceae;Rosa	Rosaceae;Potentilla; 	Rosaceae;Sieversia; 	Rosaceae;Rubus; 	Rosaceae;Potentilla;
P002_WC01_00185 	Rosaceae;Potentilla; 	Orobanchaceae;Pedicularis	Onagraceae;Epilobium; 	Orobanchaceae;Pedicularis; 	Orobanchaceae;Pedicularis; 	Orobanchaceae;Pedicularis;
P002_WC02_00022 	Fabaceae;Oxytropis; 	Fabaceae;Oxytropis	Fabaceae;Oxytropis; 	Fabaceae;Oxytropis; 	Fabaceae;Astragalus; 	Fabaceae;Astragalus;
P002_WC03_00016 	Orobanchaceae;Euphrasia; 	Orobanchaceae;Euphrasia	Brassicaceae;Arabis; 	Salicaceae;Salix; 	Orobanchaceae;Euphrasia; 	Orobanchaceae;Euphrasia;
P002_WC04_00093 	Asteraceae;Aster; 	Asteraceae;Aster	Asteraceae;Anthemis; 	Asteraceae;Solidago; 	Asteraceae;Petasites; 	Asteraceae;Hieracium;
P002_WC05_00011 	Apiaceae;Tilingia; 	Apiaceae;Ligusticum	Apiaceae;Carum; 	Apiaceae;Peucedanum; 	Apiaceae;Chaerophyllum; 	Apiaceae;Ligusticum;
P002_WC06_00003 	Juncaceae;Luzula; 	Juncaceae;Luzula	Juncaceae;Luzula; 	Juncaceae;Luzula; 	Juncaceae;Luzula; 	Cyperaceae;Carex;
P002_WC07_00030 	Ericaceae;Rhododendron; 	Ericaceae;Rhododendron	Ericaceae;Rhododendron; 	Ericaceae;Rhododendron; 	Ericaceae;Rhododendron; 	Ericaceae;Rhododendron;
P002_WC08_00009 	Brassicaceae;Cardamine; 	Brassicaceae;Lepidium	Brassicaceae;Cardamine; 	Brassicaceae;Cardamine; 	Brassicaceae;Cochlearia; 	Brassicaceae;Draba;
P002_WC09_00113 	Fabaceae;Astragalus; 	Fabaceae;Astragalus	Fabaceae;Oxytropis; 	Fabaceae;Oxytropis; 	Fabaceae;Astragalus; 	Fabaceae;Oxytropis;
P002_WC10_00064 	Polygonaceae;Persicaria; 	Polygonaceae;Bistorta	Polygonaceae;Bistorta; 	Polygonaceae;Bistorta; 	Polygonaceae;Polygonum; 	Polygonaceae;Rumex;
P002_WC11_00015 	Caryophyllaceae;Minuartia; 	Molluginaceae;Mollugo	Caryophyllaceae;Minuartia; 	Caryophyllaceae;Minuartia; 	Caryophyllaceae;Minuartia; 	Caryophyllaceae;Minuartia;
P002_WC12_00050 	Cyperaceae;Eriophorum; 	Cyperaceae;Carex	Cyperaceae;Eriophorum; 	Cyperaceae;Eriophorum; 	Asteraceae;Antennaria; 	Cyperaceae;Eriophorum;
P002_WD01_00094 	Orobanchaceae;Pedicularis; 	Orobanchaceae;Pedicularis	Onagraceae;Epilobium; 	Orobanchaceae;Pedicularis; 	Orobanchaceae;Pedicularis; 	Orobanchaceae;Pedicularis;
P002_WD01_00111 	Orobanchaceae;Pedicularis; 	Rosaceae;Rosa	Rosaceae;Potentilla; 	Rosaceae;Sieversia; 	Rosaceae;Rubus; 	Rosaceae;Potentilla;
P002_WD02_00104 	Violaceae;Viola; 	Violaceae;Viola	Violaceae;Viola; 	Brassicaceae;Cardamine; 	Brassicaceae;Cardamine; 	Brassicaceae;Draba;
P002_WD03_00011 	Asteraceae;Erigeron; 	Asteraceae;Conyza	Asteraceae;Erigeron; 	Asteraceae;Erigeron; 	Asteraceae;Anthemis; 	Asteraceae;Solidago;
P002_WD04_00089 	Rosaceae;Potentilla; 	Rosaceae;Rosa	Rosaceae;Potentilla; 	Rosaceae;Sieversia; 	Rosaceae;Rubus; 	Rosaceae;Potentilla;
P002_WD05_00103 	Plantaginaceae;Pennellianthus; 	Lamiaceae;Stachys	Onagraceae;Epilobium; 	Orobanchaceae;Pedicularis; 	Orobanchaceae;Pedicularis; 	Orobanchaceae;Pedicularis;
P002_WD06_00115 	Poaceae;Deschampsia; 	Poaceae;Agrostis	Poaceae;Agrostis; 	Poaceae;Hierochloe; 	Poaceae;Calamagrostis; 	Poaceae;Agrostis;
P002_WD07_00110 	Asteraceae;Saussurea; 	Asteraceae;Artemisia	Asteraceae;Hieracium; 	Asteraceae;Saussurea; 	Asteraceae;Petasites; 	Asteraceae;Hieracium;
P002_WD08_00105 	Fabaceae;Oxytropis; 	Fabaceae;Oxytropis	Fabaceae;Oxytropis; 	Fabaceae;Oxytropis; 	Fabaceae;Astragalus; 	Fabaceae;Astragalus;
P002_WD09_00026 	Plumbaginaceae;Armeria; 	Plumbaginaceae;Limonium	Polygonaceae;Bistorta; 	Polygonaceae;Bistorta; 	Polygonaceae;Polygonum; 	Polygonaceae;Rumex;
P002_WD10_00053 	Salicaceae;Salix; 	Salicaceae;Salix	Salicaceae;Salix; 	Salicaceae;Salix; 	Salicaceae;Salix; 	Salicaceae;Salix;
P002_WD11_00107 	Poaceae;Hierochloe; 	Poaceae;Agrostis	Poaceae;Agrostis; 	Poaceae;Hierochloe; 	Poaceae;Calamagrostis; 	Poaceae;Agrostis;
P002_WD12_00010 	Polygonaceae;Rumex; 	Polygonaceae;Rheum	Polygonaceae;Rumex; 	Polygonaceae;Rumex; 	Polygonaceae;Oxyria; 	Polygonaceae;Polygonum;
P002_WE01_00110 	Asteraceae;Centaurea; 	Asteraceae;Carthamus	Poaceae;Calamagrostis; 	Asteraceae;Saussurea; 	Asteraceae;Petasites; 	Asteraceae;Hieracium;
P002_WE02_00011 	Plantaginaceae;Plantago; 	Plantaginaceae;Plantago	Plantaginaceae;Pennellianthus; 	Plantaginaceae;Veronica; 	Plantaginaceae;Veronica; 	Orobanchaceae;Pedicularis;
P002_WE03_00108 	Ranunculaceae;Ranunculus; 	Ranunculaceae;Ranunculus	Caryophyllaceae;Dianthus; 	Ranunculaceae;Ranunculus; 	Ranunculaceae;Ranunculus; 	Ranunculaceae;Aconitum;
P002_WE04_00018 	Ranunculaceae;Anemone; 	Ranunculaceae;Anemone	Ranunculaceae;Anemone; 	Ranunculaceae;Pulsatilla; 	Ranunculaceae;Trollius; 	Ranunculaceae;Aconitum;
P002_WE05_00010 	Campanulaceae;Campanula; 	Campanulaceae;Campanula	Campanulaceae;Campanula; 	Campanulaceae;Campanula; 	Campanulaceae;Campanula; 	Campanulaceae;Campanula;
P002_WE06_00103 	Caprifoliaceae;Patrinia; 	Caprifoliaceae;Patrinia	Apiaceae;Carum; 	Apiaceae;Peucedanum; 	Apiaceae;Tilingia; 	Apiaceae;Ligusticum;
P002_WE07_00175 	Rosaceae;Spiraea; 	Caryophyllaceae;Colobanthus	Caryophyllaceae;Minuartia; 	Caryophyllaceae;Minuartia; 	Caryophyllaceae;Sagina; 	Caryophyllaceae;Stellaria;
P002_WE08_00017 	Poaceae;Alopecurus; 	Poaceae;Alopecurus	Poaceae;Alopecurus; 	Poaceae;Festuca; 	Poaceae;Festuca; 	Poaceae;Festuca;
P002_WE09_00103 	Betulaceae;Betula; 	Betulaceae;Betula	Betulaceae;Betula; 	Apiaceae;Carum; 	Apiaceae;Peucedanum; 	Crassulaceae;Sempervivum;
P002_WE10_00085 	Saxifragaceae;Saxifraga; 	Saxifragaceae;Saxifraga	Saxifragaceae;Saxifraga; 	Saxifragaceae;Saxifraga; 	Saxifragaceae;Saxifraga; 	Saxifragaceae;Saxifraga;
P002_WE11_00001 	Poaceae;Alopecurus; 	Poaceae;Eragrostis	Poaceae;Alopecurus; 	Poaceae;Alopecurus; 	Poaceae;Festuca; 	Poaceae;Poa;
P002_WE12_00014 	Poaceae;Arctophila; 	Poaceae;Elymus	Poaceae;Festuca; 	Poaceae;Festuca; 	Poaceae;Festuca; 	Poaceae;Festuca;
P002_WF01_00099 	Poaceae;Calamagrostis; 	Asteraceae;Carthamus	Poaceae;Calamagrostis; 	Asteraceae;Saussurea; 	Asteraceae;Petasites; 	Asteraceae;Hieracium;
P002_WF01_00191 	Poaceae;Calamagrostis; 	Poaceae;Agrostis	Poaceae;Agrostis; 	Poaceae;Hierochloe; 	Poaceae;Calamagrostis; 	Poaceae;Agrostis;
P002_WF01_00194 	Poaceae;Calamagrostis; 	Poaceae;Agrostis	Poaceae;Agrostis; 	Poaceae;Hierochloe; 	Poaceae;Calamagrostis; 	Poaceae;Agrostis;
P002_WF02_00010 	Plantaginaceae;Veronica; 	Plantaginaceae;Veronica	Fabaceae;Hedysarum; 	Plantaginaceae;Veronica; 	Plantaginaceae;Veronica; 	Plantaginaceae;Veronica;
P002_WF03_00007 	Caryophyllaceae;Minuartia; 	Molluginaceae;Mollugo	Caryophyllaceae;Minuartia; 	Caryophyllaceae;Minuartia; 	Caryophyllaceae;Minuartia; 	Caryophyllaceae;Minuartia;
P002_WF05_00143 	Ericaceae;Rhododendron; 	Ericaceae;Rhododendron	Ericaceae;Rhododendron; 	Ericaceae;Rhododendron; 	Ericaceae;Rhododendron; 	Ericaceae;Rhododendron;
P002_WF06_00063 	Ericaceae;Phyllodoce; 	Ericaceae;Rhododendron	Ericaceae;Rhododendron; 	Ericaceae;Phyllodoce; 	Ericaceae;Empetrum; 	Ericaceae;Rhododendron;
P002_WF07_00060 	Caryophyllaceae;Minuartia; 	Caryophyllaceae;Colobanthus	Caryophyllaceae;Minuartia; 	Caryophyllaceae;Minuartia; 	Caryophyllaceae;Sagina; 	Caryophyllaceae;Stellaria;
P002_WF08_00117 	Poaceae;Dupontia; 	Poaceae;Elymus	Poaceae;Festuca; 	Poaceae;Festuca; 	Poaceae;Festuca; 	Poaceae;Festuca;
P002_WF09_00028 	Ericaceae;Pyrola; 	Ericaceae;Pyrola	Ericaceae;Pyrola; 	Ericaceae;Pyrola; 	Ericaceae;Pyrola; 	Ericaceae;Arctous;
P002_WF10_00061 	Rosaceae;Potentilla; 	Rosaceae;Rosa	Rosaceae;Potentilla; 	Rosaceae;Sieversia; 	Rosaceae;Rubus; 	Rosaceae;Potentilla;
P002_WF11_00003 	Juncaceae;Luzula; 	Juncaceae;Luzula	Juncaceae;Luzula; 	Juncaceae;Luzula; 	Cyperaceae;Carex; 	Juncaceae;Luzula;
P002_WF12_00005 	Cyperaceae;Carex; 	Cyperaceae;Carex	Cyperaceae;Carex; 	Cyperaceae;Carex; 	Cyperaceae;Carex; 	Cyperaceae;Carex;
P002_WG02_00040 	Fabaceae;Hedysarum; 	Fabaceae;Hedysarum	Fabaceae;Hedysarum; 	Fabaceae;Oxytropis; 	Fabaceae;Oxytropis; 	Fabaceae;Trifolium;
P002_WG02_00102 	Fabaceae;Hedysarum; 	Plantaginaceae;Veronica	Fabaceae;Hedysarum; 	Plantaginaceae;Veronica; 	Plantaginaceae;Veronica; 	Plantaginaceae;Veronica;
P002_WG03_00092 	Liliaceae;Fritillaria; 	Liliaceae;Lilium	Liliaceae;Gagea; 	Ranunculaceae;Ranunculus; 	Equisetaceae;Equisetum; 	Brassicaceae;Draba;
P002_WG04_00014 	Rosaceae;Alchemilla; 	Rosaceae;Alchemilla	Rosaceae;Potentilla; 	Rosaceae;Sieversia; 	Rosaceae;Rubus; 	Rosaceae;Potentilla;
P002_WG05_00009 	Poaceae;Calamagrostis; 	Poaceae;Agrostis	Poaceae;Agrostis; 	Poaceae;Hierochloe; 	Poaceae;Calamagrostis; 	Poaceae;Agrostis;
P002_WG06_00093 	Juncaceae;Juncus; 	Juncaceae;Juncus	Juncaceae;Juncus; 	Cyperaceae;Eriophorum; 	Cyperaceae;Eriophorum; 	Cyperaceae;Eriophorum;
P002_WG07_00040 	Cyperaceae;Carex; 	Cyperaceae;Carex	Cyperaceae;Carex; 	Cyperaceae;Carex; 	Cyperaceae;Carex; 	Cyperaceae;Carex;
P002_WG08_00130 	Cyperaceae;Eriophorum; 	Cyperaceae;Carex	Cyperaceae;Eriophorum; 	Cyperaceae;Eriophorum; 	Asteraceae;Antennaria; 	Cyperaceae;Eriophorum;
P002_WG09_00083 	Salicaceae;Salix; 	Salicaceae;Salix	Salicaceae;Salix; 	Salicaceae;Salix; 	Salicaceae;Salix; 	Salicaceae;Salix;
P002_WG10_00008 	Saxifragaceae;Saxifraga; 	Saxifragaceae;Bergenia	Saxifragaceae;Saxifraga; 	Brassicaceae;Draba; 	Saxifragaceae;Saxifraga; 	Saxifragaceae;Saxifraga;
P002_WG11_00093 	Salicaceae;Salix; 	Salicaceae;Salix	Salicaceae;Salix; 	Salicaceae;Salix; 	Salicaceae;Salix; 	Salicaceae;Salix;
P002_WG12_00121 	Ericaceae;Vaccinium; 	Ericaceae;Vaccinium	Ericaceae;Vaccinium; 	Ericaceae;Vaccinium; 	Ericaceae;Vaccinium; 	Ericaceae;Andromeda;
P002_WH01_00016 	Ranunculaceae;Pulsatilla; 	Ranunculaceae;Anemone	Ranunculaceae;Anemone; 	Ranunculaceae;Anemone; 	Ranunculaceae;Trollius; 	Ranunculaceae;Aconitum;
P002_WH02_00031 	Crassulaceae;Sempervivum; 	Crassulaceae;Sempervivum	Crassulaceae;Sedum; 	Crassulaceae;Rhodiola; 	Saxifragaceae;Saxifraga; 	Saxifragaceae;Saxifraga;
P002_WH03_00031 	Rubiaceae;Galium; 	Rubiaceae;Galium	Rubiaceae;Galium; 	Rubiaceae;Cruciata; 	Gentianaceae;Comastoma; 	Gentianaceae;Gentianella;
P002_WH04_00024 	Apiaceae;Bupleurum; 	Apiaceae;Bupleurum	Apiaceae;Bupleurum; 	Apiaceae;Carum; 	Apiaceae;Peucedanum; 	Apiaceae;Ligusticum;
P002_WH05_00013 	Ranunculaceae;Anemone; 	Ranunculaceae;Anemone	Ranunculaceae;Anemone; 	Ranunculaceae;Pulsatilla; 	Ranunculaceae;Trollius; 	Ranunculaceae;Aconitum;
P002_WH06_00012 	Asteraceae;Artemisia; 	Asteraceae;Artemisia	Asteraceae;Hieracium; 	Asteraceae;Saussurea; 	Asteraceae;Petasites; 	Asteraceae;Hieracium;
P002_WH07_00025 	Caryophyllaceae;Cerastium; 	Caryophyllaceae;Cerastium	Caryophyllaceae;Cerastium; 	Caryophyllaceae;Cerastium; 	Caryophyllaceae;Cerastium; 	Caryophyllaceae;Cerastium;
P002_WH09_00116 	Ericaceae;Rhododendron; 	Ericaceae;Rhododendron	Ericaceae;Rhododendron; 	Ericaceae;Rhododendron; 	Ericaceae;Rhododendron; 	Ericaceae;Rhododendron;
P002_WH10_00070 	Poaceae;Arctagrostis; 	Poaceae;Elymus	Poaceae;Festuca; 	Poaceae;Festuca; 	Poaceae;Festuca; 	Poaceae;Festuca;
P002_WH11_00104 	Brassicaceae;Draba; 	Brassicaceae;Brassica	Juncaceae;Luzula; 	Brassicaceae;Draba; 	Brassicaceae;Cochlearia; 	Brassicaceae;Draba;
P002_WH12_00035 	Orobanchaceae;Pedicularis; 	Orobanchaceae;Pedicularis	Onagraceae;Epilobium; 	Orobanchaceae;Pedicularis; 	Orobanchaceae;Pedicularis; 	Orobanchaceae;Pedicularis;
P003_WA01_00012 	Rosaceae;Potentilla; 	Rosaceae;Rosa	Rosaceae;Potentilla; 	Rosaceae;Sieversia; 	Rosaceae;Rubus; 	Rosaceae;Potentilla;
P003_WA02_00014 	Poaceae;Poa; 	Poaceae;Elymus	Poaceae;Festuca; 	Poaceae;Festuca; 	Poaceae;Festuca; 	Poaceae;Festuca;
P003_WA03_00023 	Polygonaceae;Bistorta; 	Polygonaceae;Bistorta	Polygonaceae;Bistorta; 	Polygonaceae;Bistorta; 	Polygonaceae;Polygonum; 	Polygonaceae;Rumex;
P003_WA04_00013 	Crassulaceae;Sedum; 	Crassulaceae;Graptopetalum	Crassulaceae;Sedum; 	Crassulaceae;Sempervivum; 	Crassulaceae;Rhodiola; 	Saxifragaceae;Saxifraga;
P003_WA06_00013 	Poaceae;Festuca; 	Poaceae;Elymus	Poaceae;Festuca; 	Poaceae;Festuca; 	Poaceae;Festuca; 	Poaceae;Festuca;
P003_WA07_00049 	Cyperaceae;Carex; 	Cyperaceae;Carex	Cyperaceae;Carex; 	Cyperaceae;Carex; 	Cyperaceae;Carex; 	Cyperaceae;Carex;
P003_WA08_00025 	Asteraceae;Senecio; 	Asteraceae;Artemisia	Asteraceae;Hieracium; 	Asteraceae;Saussurea; 	Asteraceae;Petasites; 	Asteraceae;Hieracium;
P003_WA09_00104 	Caryophyllaceae;Cerastium; 	Caryophyllaceae;Cerastium	Caryophyllaceae;Cerastium; 	Caryophyllaceae;Cerastium; 	Caryophyllaceae;Cerastium; 	Caryophyllaceae;Cerastium;
P003_WA10_00005 	Gentianaceae;Gentiana; 	Primulaceae;Bryocarpum	Primulaceae;Soldanella; 	Primulaceae;Soldanella; 	Primulaceae;Primula; 	Hypericaceae;Hypericum;
P003_WA10_00156 	Gentianaceae;Gentiana; 	Gentianaceae;Gentiana	Gentianaceae;Gentiana; 	Gentianaceae;Gentiana; 	Gentianaceae;Gentiana; 	Gentianaceae;Gentiana;
P003_WA11_00096 	Primulaceae;Soldanella; 	Primulaceae;Bryocarpum	Primulaceae;Soldanella; 	Primulaceae;Soldanella; 	Primulaceae;Primula; 	Hypericaceae;Hypericum;
P003_WB01_00011 	Asteraceae;Solidago; 	Asteraceae;Senecio	Asteraceae;Anthemis; 	Asteraceae;Solidago; 	Asteraceae;Petasites; 	Asteraceae;Hieracium;
P003_WB02_00056 	Rubiaceae;Galium; 	Rubiaceae;Theligonum	Rubiaceae;Cruciata; 	Rubiaceae;Galium; 	Gentianaceae;Comastoma; 	Gentianaceae;Gentianella;
P003_WB03_00073 	Equisetaceae;Equisetum; 	Equisetaceae;Equisetum	Equisetaceae;Equisetum; 	Equisetaceae;Equisetum; 	Equisetaceae;Equisetum; 	Equisetaceae;Equisetum;
P003_WB04_00018 	Cyperaceae;Eriophorum; 	Cyperaceae;Carex	Cyperaceae;Eriophorum; 	Cyperaceae;Eriophorum; 	Asteraceae;Antennaria; 	Cyperaceae;Eriophorum;
P003_WB05_00106 	Saxifragaceae;Saxifraga; 	Saxifragaceae;Saxifraga	Saxifragaceae;Saxifraga; 	Saxifragaceae;Saxifraga; 	Saxifragaceae;Saxifraga; 	Saxifragaceae;Saxifraga;
P003_WB06_00091 	Caryophyllaceae;Silene; 	Caryophyllaceae;Silene	Caryophyllaceae;Silene; 	Caryophyllaceae;Silene; 	Caryophyllaceae;Silene; 	Caryophyllaceae;Minuartia;
P003_WB07_00132 	Ericaceae;Vaccinium; 	Ericaceae;Vaccinium	Ericaceae;Vaccinium; 	Ericaceae;Vaccinium; 	Ericaceae;Vaccinium; 	Ericaceae;Vaccinium;
P003_WB08_00046 	Asteraceae;Antennaria; 	Asteraceae;Gamochaeta	Asteraceae;Antennaria; 	Poaceae;Festuca; 	Asteraceae;Antennaria; 	Asteraceae;Hieracium;
P003_WB08_00126 	Asteraceae;Antennaria; 	Cyperaceae;Carex	Cyperaceae;Eriophorum; 	Cyperaceae;Eriophorum; 	Asteraceae;Antennaria; 	Cyperaceae;Eriophorum;
P003_WB09_00099 	Cyperaceae;Eriophorum; 	Cyperaceae;Carex	Cyperaceae;Eriophorum; 	Cyperaceae;Eriophorum; 	Asteraceae;Antennaria; 	Cyperaceae;Eriophorum;
P003_WB10_00107 	Fabaceae;Hedysarum; 	Fabaceae;Hedysarum	Fabaceae;Hedysarum; 	Fabaceae;Oxytropis; 	Fabaceae;Oxytropis; 	Fabaceae;Trifolium;
P003_WB11_00059 	Apiaceae;Ligusticum; 	Loasaceae;Nasa	Apiaceae;Carum; 	Apiaceae;Peucedanum; 	Apiaceae;Chaerophyllum; 	Apiaceae;Tilingia;
P003_WC01_00011 	Polygonaceae;Bistorta; 	Polygonaceae;Bistorta	Polygonaceae;Bistorta; 	Polygonaceae;Bistorta; 	Polygonaceae;Polygonum; 	Polygonaceae;Rumex;
P003_WC02_00046 	Ericaceae;Rhododendron; 	Ericaceae;Rhododendron	Ericaceae;Rhododendron; 	Ericaceae;Rhododendron; 	Ericaceae;Rhododendron; 	Ericaceae;Rhododendron;
P003_WC03_00096 	Ranunculaceae;Trollius; 	Ranunculaceae;Trollius	Ranunculaceae;Ranunculus; 	Ranunculaceae;Aconitum; 	Caryophyllaceae;Dianthus; 	Ranunculaceae;Ranunculus;
P003_WC04_00082 	Cyperaceae;Carex; 	Cyperaceae;Carex	Cyperaceae;Carex; 	Cyperaceae;Carex; 	Cyperaceae;Carex; 	Cyperaceae;Carex;
P003_WC05_00025 	Salicaceae;Salix; 	Salicaceae;Salix	Salicaceae;Salix; 	Salicaceae;Salix; 	Salicaceae;Salix; 	Salicaceae;Salix;
P003_WC05_00072 	Salicaceae;Salix; 	Salicaceae;Salix	Salicaceae;Salix; 	Salicaceae;Salix; 	Salicaceae;Salix; 	Salicaceae;Salix;
P003_WC06_00013 	Primulaceae;Primula; 	Primulaceae;Primula	Primulaceae;Primula; 	Primulaceae;Primula; 	Primulaceae;Primula; 	Hypericaceae;Hypericum;
P003_WC07_00010 	Juncaceae;Luzula; 	Brassicaceae;Brassica	Juncaceae;Luzula; 	Brassicaceae;Draba; 	Brassicaceae;Cochlearia; 	Brassicaceae;Draba;
P003_WC07_00088 	Juncaceae;Luzula; 	Juncaceae;Luzula	Juncaceae;Luzula; 	Juncaceae;Luzula; 	Cyperaceae;Carex; 	Juncaceae;Luzula;
P003_WC08_00014 	Poaceae;Poa; 	Poaceae;Elymus	Poaceae;Poa; 	Poaceae;Poa; 	Poaceae;Poa; 	Poaceae;Agrostis;
P003_WC09_00031 	Cyperaceae;Carex; 	Cyperaceae;Carex	Cyperaceae;Carex; 	Cyperaceae;Carex; 	Cyperaceae;Carex; 	Cyperaceae;Carex;
P003_WC10_00025 	Asteraceae;Leucanthemum; 	Asteraceae;Artemisia	Asteraceae;Hieracium; 	Asteraceae;Saussurea; 	Asteraceae;Petasites; 	Asteraceae;Hieracium;
P003_WC11_00096 	Asteraceae;Achillea; 	Asteraceae;Linochilus	Juncaceae;Luzula; 	Asteraceae;Aster; 	Asteraceae;Anthemis; 	Asteraceae;Solidago;
P003_WC12_00030 	Juncaceae;Luzula; 	Asteraceae;Achillea	Asteraceae;Aster; 	Asteraceae;Anthemis; 	Asteraceae;Achillea; 	Asteraceae;Solidago;
P003_WC12_00259 	Juncaceae;Luzula; 	Juncaceae;Luzula	Juncaceae;Luzula; 	Juncaceae;Luzula; 	Juncaceae;Luzula; 	Cyperaceae;Carex;
P003_WD01_00121 	Ericaceae;Rhododendron; 	Ericaceae;Rhododendron	Ericaceae;Rhododendron; 	Ericaceae;Rhododendron; 	Ericaceae;Rhododendron; 	Ericaceae;Rhododendron;
P003_WD02_00010 	Brassicaceae;Draba; 	Brassicaceae;Brassica	Juncaceae;Luzula; 	Brassicaceae;Draba; 	Brassicaceae;Cochlearia; 	Brassicaceae;Draba;
P003_WD03_00184 	Lentibulariaceae;Pinguicula; 	Lentibulariaceae;Pinguicula	Lentibulariaceae;Pinguicula; 	Lentibulariaceae;Pinguicula; 	Plantaginaceae;Pennellianthus; 	Orobanchaceae;Pedicularis;
P003_WD04_00074 	Fabaceae;Trifolium; 	Fabaceae;Trifolium	Fabaceae;Trifolium; 	Fabaceae;Anthyllis; 	Brassicaceae;Cardamine; 	Brassicaceae;Cardamine;
P003_WD06_00017 	Ranunculaceae;Ranunculus; 	Ranunculaceae;Ranunculus	Ranunculaceae;Ranunculus; 	Ranunculaceae;Trollius; 	Caryophyllaceae;Dianthus; 	Ranunculaceae;Ranunculus;
P003_WD07_00116 	Brassicaceae;Cochlearia; 	Brassicaceae;Brassica	Juncaceae;Luzula; 	Brassicaceae;Draba; 	Brassicaceae;Cochlearia; 	Brassicaceae;Draba;
P003_WD08_00025 	Caryophyllaceae;Stellaria; 	Caryophyllaceae;Cerastium	Caryophyllaceae;Stellaria; 	Caryophyllaceae;Cerastium; 	Caryophyllaceae;Cerastium; 	Caryophyllaceae;Cerastium;
P003_WD09_00083 	Salicaceae;Salix; 	Salicaceae;Salix	Salicaceae;Salix; 	Salicaceae;Salix; 	Salicaceae;Salix; 	Salicaceae;Salix;
P003_WD10_00013 	Caryophyllaceae;Sagina; 	Caryophyllaceae;Colobanthus	Caryophyllaceae;Minuartia; 	Rosaceae;Spiraea; 	Caryophyllaceae;Minuartia; 	Caryophyllaceae;Stellaria;
P003_WD11_00009 	Primulaceae;Androsace; 	Primulaceae;Androsace	Primulaceae;Primula; 	Hypericaceae;Hypericum; 	Primulaceae;Primula; 	Primulaceae;Trientalis;
P003_WD12_00100 	Plantaginaceae;Veronica; 	Plantaginaceae;Veronica	Plantaginaceae;Veronica; 	Plantaginaceae;Veronica; 	Plantaginaceae;Veronica; 	Fabaceae;Hedysarum;
P003_WE01_00054 	Orobanchaceae;Pedicularis; 	Orobanchaceae;Pedicularis	Onagraceae;Epilobium; 	Orobanchaceae;Pedicularis; 	Orobanchaceae;Pedicularis; 	Orobanchaceae;Pedicularis;
P003_WE02_00038 	Poaceae;Festuca; 	Asteraceae;Gamochaeta	Asteraceae;Antennaria; 	Poaceae;Festuca; 	Asteraceae;Antennaria; 	Asteraceae;Hieracium;
P003_WE02_00159 	Poaceae;Festuca; 	Poaceae;Elymus	Poaceae;Festuca; 	Poaceae;Festuca; 	Poaceae;Festuca; 	Poaceae;Festuca;
P003_WE03_00003 	Equisetaceae;Equisetum; 	Equisetaceae;Equisetum	Equisetaceae;Equisetum; 	Equisetaceae;Equisetum; 	Equisetaceae;Equisetum; 	Equisetaceae;Equisetum;
P003_WE04_00025 	Poaceae;Agrostis; 	Poaceae;Agrostis	Poaceae;Agrostis; 	Poaceae;Hierochloe; 	Poaceae;Calamagrostis; 	Poaceae;Agrostis;
P003_WE07_00054 	Cyperaceae;Eriophorum; 	Cyperaceae;Carex	Cyperaceae;Eriophorum; 	Cyperaceae;Eriophorum; 	Asteraceae;Antennaria; 	Cyperaceae;Eriophorum;
P003_WE08_00085 	Plantaginaceae;Veronica; 	Plantaginaceae;Veronica	Plantaginaceae;Veronica; 	Plantaginaceae;Veronica; 	Plantaginaceae;Veronica; 	Fabaceae;Hedysarum;
P003_WE09_00035 	Salicaceae;Salix; 	Salicaceae;Salix	Salicaceae;Salix; 	Salicaceae;Salix; 	Salicaceae;Salix; 	Salicaceae;Salix;
P003_WE10_00005 	Orobanchaceae;Pedicularis; 	Orobanchaceae;Pedicularis	Onagraceae;Epilobium; 	Orobanchaceae;Pedicularis; 	Orobanchaceae;Pedicularis; 	Orobanchaceae;Pedicularis;
P003_WE11_00094 	Cyperaceae;Carex; 	Juncaceae;Luzula	Juncaceae;Luzula; 	Juncaceae;Luzula; 	Juncaceae;Luzula; 	Juncaceae;Luzula;
P003_WE11_00243 	Cyperaceae;Carex; 	Cyperaceae;Carex	Cyperaceae;Carex; 	Cyperaceae;Carex; 	Cyperaceae;Carex; 	Cyperaceae;Carex;
P003_WE12_00008 	Caryophyllaceae;Dianthus; 	Caryophyllaceae;Dianthus	Ranunculaceae;Ranunculus; 	Caryophyllaceae;Minuartia; 	Caryophyllaceae;Minuartia; 	Caryophyllaceae;Sagina;
P003_WE12_00223 	Caryophyllaceae;Dianthus; 	Ranunculaceae;Ranunculus	Caryophyllaceae;Dianthus; 	Ranunculaceae;Ranunculus; 	Ranunculaceae;Ranunculus; 	Ranunculaceae;Aconitum;
P003_WF01_00110 	Onagraceae;Epilobium; 	Onagraceae;Epilobium	Crassulaceae;Sedum; 	Crassulaceae;Sempervivum; 	Crassulaceae;Sedum; 	Crassulaceae;Rhodiola;
P003_WF01_00387 	Onagraceae;Epilobium; 	Orobanchaceae;Pedicularis	Onagraceae;Epilobium; 	Orobanchaceae;Pedicularis; 	Orobanchaceae;Pedicularis; 	Orobanchaceae;Pedicularis;
P003_WF01_00389 	Onagraceae;Epilobium; 	Cyperaceae;Carex	Cyperaceae;Carex; 	Cyperaceae;Carex; 	Cyperaceae;Carex; 	Cyperaceae;Carex;
P003_WF02_00002 	Rosaceae;Dryas; 	Rosaceae;Dryas	Rosaceae;Dryas; 	Cyperaceae;Carex; 	Rosaceae;Dryas; 	Rosaceae;Potentilla;
P003_WF03_00031 	Cyperaceae;Carex; 	Cyperaceae;Carex	Cyperaceae;Carex; 	Cyperaceae;Carex; 	Cyperaceae;Carex; 	Cyperaceae;Carex;
P003_WF04_00024 	Brassicaceae;Cardamine; 	Brassicaceae;Lepidium	Brassicaceae;Cardamine; 	Brassicaceae;Cardamine; 	Brassicaceae;Cochlearia; 	Brassicaceae;Draba;
P003_WF06_00013 	Asteraceae;Solidago; 	Asteraceae;Artemisia	Asteraceae;Solidago; 	Asteraceae;Saussurea; 	Asteraceae;Petasites; 	Asteraceae;Hieracium;
P003_WF07_00091 	Caryophyllaceae;Silene; 	Caryophyllaceae;Silene	Caryophyllaceae;Silene; 	Caryophyllaceae;Silene; 	Caryophyllaceae;Silene; 	Caryophyllaceae;Minuartia;
P003_WF08_00097 	Salicaceae;Salix; 	Salicaceae;Salix	Salicaceae;Salix; 	Salicaceae;Salix; 	Salicaceae;Salix; 	Salicaceae;Salix;
P003_WF09_00026 	Gentianaceae;Gentiana; 	Gentianaceae;Gentiana	Gentianaceae;Gentiana; 	Gentianaceae;Gentiana; 	Gentianaceae;Gentiana; 	Gentianaceae;Gentiana;
P003_WF10_00018 	Caryophyllaceae;Minuartia; 	Caryophyllaceae;Colobanthus	Rosaceae;Spiraea; 	Caryophyllaceae;Minuartia; 	Caryophyllaceae;Sagina; 	Caryophyllaceae;Stellaria;
P003_WF11_00124 	Ranunculaceae;Ranunculus; 	Ranunculaceae;Ranunculus	Caryophyllaceae;Dianthus; 	Ranunculaceae;Ranunculus; 	Ranunculaceae;Ranunculus; 	Ranunculaceae;Aconitum;
P003_WF11_00130 	Ranunculaceae;Ranunculus; 	Caryophyllaceae;Dianthus	Ranunculaceae;Ranunculus; 	Caryophyllaceae;Minuartia; 	Caryophyllaceae;Minuartia; 	Caryophyllaceae;Sagina;
P003_WF12_00113 	Poaceae;Festuca; 	Poaceae;Elymus	Poaceae;Festuca; 	Poaceae;Festuca; 	Poaceae;Festuca; 	Poaceae;Festuca;
P003_WG01_00013 	Ranunculaceae;Aconitum; 	Ranunculaceae;Aconitum	Ranunculaceae;Ranunculus; 	Ranunculaceae;Trollius; 	Caryophyllaceae;Dianthus; 	Ranunculaceae;Ranunculus;
P003_WG02_00019 	Cyperaceae;Carex; 	Cyperaceae;Carex	Onagraceae;Epilobium; 	Cyperaceae;Carex; 	Cyperaceae;Carex; 	Cyperaceae;Carex;
P003_WG02_00170 	Cyperaceae;Carex; 	Rosaceae;Dryas	Rosaceae;Dryas; 	Cyperaceae;Carex; 	Rosaceae;Dryas; 	Rosaceae;Potentilla;
P003_WG03_00010 	Primulaceae;Soldanella; 	Primulaceae;Bryocarpum	Primulaceae;Soldanella; 	Primulaceae;Soldanella; 	Primulaceae;Primula; 	Hypericaceae;Hypericum;
P003_WG04_00092 	Brassicaceae;Cardamine; 	Brassicaceae;Lepidium	Brassicaceae;Cardamine; 	Brassicaceae;Cardamine; 	Brassicaceae;Cochlearia; 	Brassicaceae;Draba;
P003_WG05_00099 	Asteraceae;Leucanthemopsis; 	Asteraceae;Artemisia	Asteraceae;Anthemis; 	Asteraceae;Solidago; 	Asteraceae;Petasites; 	Asteraceae;Hieracium;
P003_WG06_00011 	Lentibulariaceae;Pinguicula; 	Lentibulariaceae;Pinguicula	Lentibulariaceae;Pinguicula; 	Lentibulariaceae;Pinguicula; 	Plantaginaceae;Pennellianthus; 	Orobanchaceae;Pedicularis;
P003_WG07_00110 	Orobanchaceae;Pedicularis; 	Orobanchaceae;Pedicularis	Onagraceae;Epilobium; 	Orobanchaceae;Pedicularis; 	Orobanchaceae;Pedicularis; 	Orobanchaceae;Pedicularis;
P003_WG08_00050 	Brassicaceae;Draba; 	Brassicaceae;Brassica	Juncaceae;Luzula; 	Brassicaceae;Draba; 	Brassicaceae;Cochlearia; 	Brassicaceae;Draba;
P003_WG08_00093 	Brassicaceae;Draba; 	Saxifragaceae;Bergenia	Saxifragaceae;Saxifraga; 	Saxifragaceae;Saxifraga; 	Saxifragaceae;Saxifraga; 	Saxifragaceae;Saxifraga;
P003_WG09_00065 	Poaceae;Sesleria; 	Poaceae;Stipagrostis	Poaceae;Festuca; 	Poaceae;Festuca; 	Poaceae;Festuca; 	Poaceae;Festuca;
P003_WG10_00046 	Juncaceae;Juncus; 	Juncaceae;Juncus	Juncaceae;Juncus; 	Juncaceae;Luzula; 	Juncaceae;Luzula; 	Juncaceae;Luzula;
P003_WG11_00013 	Asteraceae;Cirsium; 	Asteraceae;Artemisia	Asteraceae;Hieracium; 	Asteraceae;Saussurea; 	Asteraceae;Petasites; 	Asteraceae;Hieracium;
P003_WG11_00065 	Asteraceae;Cirsium; 	Cyperaceae;Carex	Cyperaceae;Carex; 	Cyperaceae;Carex; 	Cyperaceae;Carex; 	Cyperaceae;Carex;
P003_WG12_00002 	Cyperaceae;Carex; 	Cyperaceae;Carex	Cyperaceae;Carex; 	Cyperaceae;Carex; 	Cyperaceae;Carex; 	Cyperaceae;Carex;
P003_WH01_00074 	Orobanchaceae;Pedicularis; 	Orobanchaceae;Pedicularis	Onagraceae;Epilobium; 	Orobanchaceae;Pedicularis; 	Orobanchaceae;Pedicularis; 	Orobanchaceae;Pedicularis;
P003_WH02_00011 	Orobanchaceae;Bartsia; 	Orobanchaceae;Neobartsia	Brassicaceae;Arabis; 	Salicaceae;Salix; 	Orobanchaceae;Euphrasia; 	Orobanchaceae;Euphrasia;
P003_WH03_00109 	Primulaceae;Primula; 	Primulaceae;Primula	Primulaceae;Primula; 	Primulaceae;Primula; 	Primulaceae;Primula; 	Hypericaceae;Hypericum;
P003_WH05_00061 	Campanulaceae;Campanula; 	Campanulaceae;Campanula	Campanulaceae;Campanula; 	Campanulaceae;Campanula; 	Campanulaceae;Campanula; 	Campanulaceae;Campanula;
P003_WH06_00028 	Saxifragaceae;Saxifraga; 	Saxifragaceae;Bergenia	Saxifragaceae;Saxifraga; 	Saxifragaceae;Saxifraga; 	Saxifragaceae;Saxifraga; 	Saxifragaceae;Saxifraga;
P003_WH08_00099 	Papaveraceae;Papaver; 	Papaveraceae;Papaver	Ranunculaceae;Trollius; 	Brassicaceae;Cardamine; 	Ranunculaceae;Aconitum; 	Brassicaceae;Cardamine;
P003_WH09_00021 	Saxifragaceae;Saxifraga; 	Saxifragaceae;Saxifraga	Saxifragaceae;Saxifraga; 	Saxifragaceae;Saxifraga; 	Saxifragaceae;Saxifraga; 	Saxifragaceae;Saxifraga;
P003_WH10_00095 	Brassicaceae;Arabis; 	Brassicaceae;Arabis	Juncaceae;Luzula; 	Brassicaceae;Draba; 	Brassicaceae;Cochlearia; 	Brassicaceae;Draba;
P003_WH11_00061 	Asteraceae;Aster; 	Asteraceae;Achillea	Asteraceae;Aster; 	Asteraceae;Anthemis; 	Asteraceae;Achillea; 	Asteraceae;Solidago;
P003_WH12_00140 	Cyperaceae;Carex; 	Cyperaceae;Carex	Cyperaceae;Carex; 	Cyperaceae;Carex; 	Cyperaceae;Carex; 	Cyperaceae;Carex;
P004_WA02_00098 	Primulaceae;Primula; 	Primulaceae;Primula	Primulaceae;Primula; 	Primulaceae;Primula; 	Primulaceae;Primula; 	Hypericaceae;Hypericum;
P004_WB01_00071 	Poaceae;Alopecurus; 	Poaceae;Alopecurus	Poaceae;Alopecurus; 	Poaceae;Festuca; 	Poaceae;Festuca; 	Poaceae;Festuca;
P004_WB02_00080 	Ericaceae;Pieris; 	Ericaceae;Gaultheria	Ericaceae;Andromeda; 	Ericaceae;Vaccinium; 	Ericaceae;Vaccinium; 	Ericaceae;Vaccinium;
P004_WC01_00081 	Poaceae;Hierochloe; 	Poaceae;Agrostis	Poaceae;Agrostis; 	Poaceae;Hierochloe; 	Poaceae;Calamagrostis; 	Poaceae;Agrostis;
P004_WC02_00102 	Polygonaceae;Polygonum; 	Polygonaceae;Bistorta	Polygonaceae;Bistorta; 	Polygonaceae;Bistorta; 	Polygonaceae;Polygonum; 	Polygonaceae;Rumex;
P004_WD01_00012 	Poaceae;Festuca; 	Poaceae;Elymus	Poaceae;Festuca; 	Poaceae;Festuca; 	Poaceae;Festuca; 	Poaceae;Festuca;
P004_WD02_00010 	Asteraceae;Antennaria; 	Asteraceae;Gamochaeta	Asteraceae;Antennaria; 	Poaceae;Festuca; 	Asteraceae;Antennaria; 	Asteraceae;Hieracium;
P004_WE01_00072 	Pinaceae;Pinus; 	Pinaceae;Pinus	Celastraceae;Parnassia; 	Salicaceae;Salix; 	Apiaceae;Carum; 	Apiaceae;Peucedanum;
P004_WF01_00061 	Cupressaceae;Juniperus; 	Cupressaceae;Juniperus	Cupressaceae;Juniperus; 	Juncaceae;Luzula; 	Pinaceae;Pinus; 	Ranunculaceae;Ranunculus;
P004_WG01_00075 	Rosaceae;Sieversia; 	Rosaceae;Rosa	Rosaceae;Potentilla; 	Rosaceae;Sieversia; 	Rosaceae;Rubus; 	Rosaceae;Potentilla;
P004_WH01_00012 	Caryophyllaceae;Minuartia; 	Molluginaceae;Mollugo	Caryophyllaceae;Minuartia; 	Caryophyllaceae;Minuartia; 	Caryophyllaceae;Minuartia; 	Caryophyllaceae;Minuartia;
P8807_501_00129 	Ericaceae;Andromeda; 	Ericaceae;Gaultheria	Ericaceae;Vaccinium; 	Ericaceae;Vaccinium; 	Ericaceae;Vaccinium; 	Ericaceae;Vaccinium;
P8807_502_00001 	Lycopodiaceae;Huperzia; 	Lycopodiaceae;Huperzia	Orobanchaceae;Bartsia; 	Orobanchaceae;Pedicularis; 	Orobanchaceae;Pedicularis; 	Orobanchaceae;Pedicularis;
P8807_503_00121 	Ericaceae;Pyrola; 	Ericaceae;Pyrola	Ericaceae;Pyrola; 	Ericaceae;Pyrola; 	Ericaceae;Pyrola; 	Ericaceae;Arctous;
P8807_504_00036 	Salicaceae;Salix; 	Salicaceae;Salix	Salicaceae;Salix; 	Salicaceae;Salix; 	Salicaceae;Salix; 	Salicaceae;Salix;
P8807_505_00070 	Cyperaceae;Carex; 	Cyperaceae;Carex	Cyperaceae;Carex; 	Cyperaceae;Carex; 	Cyperaceae;Carex; 	Cyperaceae;Carex;
P8807_506_00014 	Poaceae;Festuca; 	Poaceae;Elymus	Poaceae;Festuca; 	Poaceae;Festuca; 	Poaceae;Festuca; 	Poaceae;Festuca;
P8807_507_00031 	Crassulaceae;Rhodiola; 	Crassulaceae;Rhodiola	Crassulaceae;Sedum; 	Crassulaceae;Sempervivum; 	Saxifragaceae;Saxifraga; 	Saxifragaceae;Saxifraga;
P8807_508_00030 	Asteraceae;Hieracium; 	Asteraceae;Artemisia	Asteraceae;Hieracium; 	Asteraceae;Saussurea; 	Asteraceae;Petasites; 	Asteraceae;Hieracium;
P8807_509_00074 	Orobanchaceae;Pedicularis; 	Oleaceae;Hesperelaea	Onagraceae;Epilobium; 	Orobanchaceae;Pedicularis; 	Orobanchaceae;Pedicularis; 	Orobanchaceae;Pedicularis;
P8807_510_00050 	Violaceae;Viola; 	Violaceae;Viola	Violaceae;Viola; 	Apiaceae;Carum; 	Apiaceae;Peucedanum; 	Rosaceae;Potentilla;
P8807_511_00014 	Poaceae;Poa; 	Poaceae;Elymus	Poaceae;Poa; 	Poaceae;Poa; 	Poaceae;Poa; 	Poaceae;Agrostis;
P8807_512_00100 	Cyperaceae;Carex; 	Cyperaceae;Carex	Cyperaceae;Carex; 	Cyperaceae;Carex; 	Cyperaceae;Carex; 	Onagraceae;Epilobium;
P8807_513_00053 	Juncaceae;Luzula; 	Juncaceae;Luzula	Juncaceae;Luzula; 	Juncaceae;Luzula; 	Juncaceae;Luzula; 	Juncaceae;Luzula;
P8807_514_00022 	Ericaceae;Harrimanella; 	Ericaceae;Arbutus	Ericaceae;Harrimanella; 	Ericaceae;Arctous; 	Ericaceae;Phyllodoce; 	Ericaceae;Pyrola;
P8807_515_00045 	Asteraceae;Saussurea; 	Asteraceae;Artemisia	Asteraceae;Hieracium; 	Asteraceae;Saussurea; 	Asteraceae;Petasites; 	Asteraceae;Hieracium;
P8807_516_00058 	Caryophyllaceae;Cerastium; 	Caryophyllaceae;Cerastium	Caryophyllaceae;Cerastium; 	Caryophyllaceae;Cerastium; 	Caryophyllaceae;Cerastium; 	Caryophyllaceae;Cerastium;
P8807_517_00116 	Ericaceae;Vaccinium; 	Ericaceae;Vaccinium	Ericaceae;Vaccinium; 	Ericaceae;Vaccinium; 	Ericaceae;Vaccinium; 	Ericaceae;Andromeda;
P8807_518_00109 	Cyperaceae;Carex; 	Cyperaceae;Carex	Cyperaceae;Carex; 	Cyperaceae;Carex; 	Cyperaceae;Carex; 	Cyperaceae;Carex;
P8807_519_00080 	Salicaceae;Salix; 	Salicaceae;Salix	Salicaceae;Salix; 	Salicaceae;Salix; 	Salicaceae;Salix; 	Salicaceae;Salix;
P8807_520_00125 	Juncaceae;Juncus; 	Thurniaceae;Prionium	Juncaceae;Juncus; 	Juncaceae;Juncus; 	Cyperaceae;Eriophorum; 	Cyperaceae;Eriophorum;
P8807_521_00092 	Ericaceae;Vaccinium; 	Ericaceae;Vaccinium	Ericaceae;Vaccinium; 	Ericaceae;Vaccinium; 	Ericaceae;Vaccinium; 	Ericaceae;Andromeda;
P8807_522_00045 	Rosaceae;Dryas; 	Rosaceae;Dryas	Rosaceae;Dryas; 	Cyperaceae;Carex; 	Rosaceae;Dryas; 	Rosaceae;Potentilla;
P8807_523_00023 	Salicaceae;Salix; 	Salicaceae;Salix	Salicaceae;Salix; 	Salicaceae;Salix; 	Salicaceae;Salix; 	Salicaceae;Salix;
P8807_524_00042 	Orobanchaceae;Pedicularis; 	Orobanchaceae;Pedicularis	Onagraceae;Epilobium; 	Orobanchaceae;Pedicularis; 	Orobanchaceae;Pedicularis; 	Orobanchaceae;Pedicularis;
P8807_525_00017 	Rosaceae;Rubus; 	Rosaceae;Rosa	Rosaceae;Potentilla; 	Rosaceae;Sieversia; 	Rosaceae;Rubus; 	Rosaceae;Potentilla;
P8807_526_00097 	Equisetaceae;Equisetum; 	Equisetaceae;Equisetum	Equisetaceae;Equisetum; 	Equisetaceae;Equisetum; 	Equisetaceae;Equisetum; 	Equisetaceae;Equisetum;
P8807_527_00058 	Fabaceae;Astragalus; 	Fabaceae;Astragalus	Fabaceae;Oxytropis; 	Fabaceae;Oxytropis; 	Fabaceae;Oxytropis; 	Fabaceae;Astragalus;
P8807_528_00006 	Diapensiaceae;Diapensia; 	Diapensiaceae;Diapensia	Primulaceae;Primula; 	Hypericaceae;Hypericum; 	Primulaceae;Soldanella; 	Primulaceae;Trientalis;
P8807_530_00070 	Cyperaceae;Carex; 	Cyperaceae;Carex	Cyperaceae;Carex; 	Cyperaceae;Carex; 	Cyperaceae;Carex; 	Cyperaceae;Carex;
WA01_00057 	Rosaceae;Potentilla; 	Rosaceae;Rosa	Rosaceae;Potentilla; 	Rosaceae;Sieversia; 	Rosaceae;Rubus; 	Rosaceae;Potentilla;
WA02_00066 	Salicaceae;Salix; 	Salicaceae;Salix	Salicaceae;Salix; 	Salicaceae;Salix; 	Salicaceae;Salix; 	Salicaceae;Salix;
WA03_00041 	Poaceae;Calamagrostis; 	Poaceae;Agrostis	Poaceae;Agrostis; 	Poaceae;Hierochloe; 	Poaceae;Calamagrostis; 	Poaceae;Agrostis;
WA04_00137 	Ericaceae;Pyrola; 	Ericaceae;Pyrola	Ericaceae;Pyrola; 	Ericaceae;Pyrola; 	Ericaceae;Pyrola; 	Ericaceae;Arctous;
WA05_00104 	Lentibulariaceae;Pinguicula; 	Lentibulariaceae;Pinguicula	Lentibulariaceae;Pinguicula; 	Lentibulariaceae;Pinguicula; 	Plantaginaceae;Pennellianthus; 	Orobanchaceae;Pedicularis;
WA06_00101 	Caryophyllaceae;Cerastium; 	Caryophyllaceae;Cerastium	Caryophyllaceae;Cerastium; 	Caryophyllaceae;Cerastium; 	Caryophyllaceae;Cerastium; 	Caryophyllaceae;Cerastium;
WA07_00023 	Saxifragaceae;Saxifraga; 	Saxifragaceae;Saxifraga	Saxifragaceae;Saxifraga; 	Saxifragaceae;Saxifraga; 	Saxifragaceae;Saxifraga; 	Saxifragaceae;Saxifraga;
WA08_00113 	Ericaceae;Phyllodoce; 	Ericaceae;Rhododendron	Ericaceae;Empetrum; 	Ericaceae;Rhododendron; 	Ericaceae;Rhododendron; 	Ericaceae;Rhododendron;
WA09_00055 	Ericaceae;Empetrum; 	Ericaceae;Rhododendron	Ericaceae;Empetrum; 	Ericaceae;Rhododendron; 	Ericaceae;Rhododendron; 	Ericaceae;Rhododendron;
WA10_00027 	Juncaceae;Luzula; 	Cupressaceae;Juniperus	Cupressaceae;Juniperus; 	Juncaceae;Luzula; 	Pinaceae;Pinus; 	Ranunculaceae;Ranunculus;
WA11_00057 	Cyperaceae;Carex; 	Cyperaceae;Carex	Cyperaceae;Carex; 	Tofieldiaceae;Tofieldia; 	Onagraceae;Epilobium; 	Cyperaceae;Carex;
WA12_00040 	Polygonaceae;Oxyria; 	Polygonaceae;Oxyria	Polygonaceae;Rumex; 	Polygonaceae;Rumex; 	Polygonaceae;Rumex; 	Polygonaceae;Polygonum;
WB01_00003 	Cyperaceae;Carex; 	Cyperaceae;Carex	Cyperaceae;Carex; 	Cyperaceae;Carex; 	Cyperaceae;Carex; 	Onagraceae;Epilobium;
WB03_00005 	Campanulaceae;Campanula; 	Campanulaceae;Campanula	Campanulaceae;Campanula; 	Campanulaceae;Campanula; 	Campanulaceae;Campanula; 	Campanulaceae;Campanula;
WB04_00008 	Equisetaceae;Equisetum; 	Equisetaceae;Equisetum	Equisetaceae;Equisetum; 	Equisetaceae;Equisetum; 	Equisetaceae;Equisetum; 	Equisetaceae;Equisetum;
WB05_00104 	Asteraceae;Petasites; 	Asteraceae;Artemisia	Asteraceae;Hieracium; 	Asteraceae;Saussurea; 	Asteraceae;Petasites; 	Asteraceae;Hieracium;
WB06_00013 	Poaceae;Poa; 	Poaceae;Zeugites	Poaceae;Poa; 	Poaceae;Festuca; 	Poaceae;Festuca; 	Poaceae;Festuca;
WB07_00023 	Polygonaceae;Rumex; 	Polygonaceae;Rheum	Polygonaceae;Rumex; 	Polygonaceae;Rumex; 	Polygonaceae;Oxyria; 	Polygonaceae;Polygonum;
WB08_00110 	Primulaceae;Trientalis; 	Primulaceae;Lysimachia	Primulaceae;Primula; 	Hypericaceae;Hypericum; 	Primulaceae;Primula; 	Primulaceae;Primula;
WB09_00023 	Saxifragaceae;Saxifraga; 	Saxifragaceae;Bergenia	Saxifragaceae;Saxifraga; 	Saxifragaceae;Saxifraga; 	Saxifragaceae;Saxifraga; 	Saxifragaceae;Saxifraga;
WB10_00010 	Rosaceae;Sibbaldia; 	Rosaceae;Rosa	Rosaceae;Potentilla; 	Rosaceae;Sieversia; 	Rosaceae;Rubus; 	Rosaceae;Potentilla;
WB11_00123 	Asteraceae;Hieracium; 	Asteraceae;Artemisia	Asteraceae;Hieracium; 	Asteraceae;Saussurea; 	Asteraceae;Petasites; 	Asteraceae;Hieracium;
WB12_00005 	Asteraceae;Taraxacum; 	Asteraceae;Taraxacum	Asteraceae;Taraxacum; 	Cyperaceae;Carex; 	Asteraceae;Taraxacum; 	Asteraceae;Taraxacum;
WC01_00140 	Cyperaceae;Carex; 	Cyperaceae;Carex	Cyperaceae;Carex; 	Cyperaceae;Carex; 	Cyperaceae;Carex; 	Cyperaceae;Carex;
WC02_00052 	Ericaceae;Arctous; 	Ericaceae;Arbutus	Ericaceae;Pyrola; 	Ericaceae;Pyrola; 	Primulaceae;Primula; 	Hypericaceae;Hypericum;
WC03_00088 	Ericaceae;Pyrola; 	Ericaceae;Pyrola	Ericaceae;Pyrola; 	Ericaceae;Pyrola; 	Ericaceae;Pyrola; 	Ericaceae;Arctous;
WC04_00102 	Poaceae;Agrostis; 	Poaceae;Agrostis	Poaceae;Agrostis; 	Poaceae;Hierochloe; 	Poaceae;Calamagrostis; 	Poaceae;Agrostis;
WC05_00016 	Cyperaceae;Carex; 	Cyperaceae;Carex	Cyperaceae;Carex; 	Cyperaceae;Carex; 	Cyperaceae;Carex; 	Onagraceae;Epilobium;
WC06_00064 	Ericaceae;Vaccinium; 	Ericaceae;Vaccinium	Ericaceae;Vaccinium; 	Ericaceae;Vaccinium; 	Ericaceae;Vaccinium; 	Ericaceae;Andromeda;
