P001_WA02_00015 	Orobanchaceae;Euphrasia; 	Orobanchaceae;Euphrasia	Orobanchaceae;Euphrasia; 	Plantaginaceae;Pennellianthus; 	Plantaginaceae;Veronica; 	Plantaginaceae;Veronica;
P001_WA02_00091 	Orobanchaceae;Euphrasia; 	Orobanchaceae;Euphrasia	Orobanchaceae;Euphrasia; 	Orobanchaceae;Euphrasia; 	Orobanchaceae;Pedicularis; 	Plantaginaceae;Pennellianthus;
P001_WA03_00051 	Cyperaceae;Carex; 	Cyperaceae;Carex	Cyperaceae;Carex; 	Cyperaceae;Carex; 	Cyperaceae;Carex; 	Cyperaceae;Carex;
P001_WA04_00033 	Salicaceae;Salix; 	Salicaceae;Salix	Salicaceae;Salix; 	Salicaceae;Salix; 	Salicaceae;Salix; 	Salicaceae;Salix;
P001_WA05_00024 	Poaceae;Festuca; 	Poaceae;Festuca	Poaceae;Festuca; 	Poaceae;Festuca; 	Poaceae;Festuca; 	Poaceae;Festuca;
P001_WA06_00146 	Cyperaceae;Carex; 	Cyperaceae;Carex	Cyperaceae;Carex; 	Cyperaceae;Carex; 	Cyperaceae;Carex; 	Cyperaceae;Carex;
P001_WA07_00015 	Asteraceae;Omalotheca; 	Asteraceae;Gamochaeta	Asteraceae;Gnaphalium; 	Asteraceae;Antennaria; 	Asteraceae;Antennaria; 	Asteraceae;Antennaria;
P001_WA08_00084 	Cyperaceae;Carex; 	Cyperaceae;Carex	Cyperaceae;Carex; 	Cyperaceae;Carex; 	Cyperaceae;Carex; 	Cyperaceae;Carex;
P001_WA10_00039 	Rubiaceae;Cruciata; 	Rubiaceae;Galium	Caryophyllaceae;Cerastium; 	Boraginaceae;Myosotis; 	Plantaginaceae;Pennellianthus; 	Gentianaceae;Gentiana;
P001_WA11_00091 	Campanulaceae;Campanula; 	Campanulaceae;Campanula	Campanulaceae;Campanula; 	Campanulaceae;Campanula; 	Campanulaceae;Campanula; 	Campanulaceae;Campanula;
P001_WA12_00047 	Asteraceae;Matricaria; 	Asteraceae;Tanacetum	Asteraceae;Anthemis; 	Asteraceae;Achillea; 	Asteraceae;Anthemis; 	Asteraceae;Artemisia;
P001_WB01_00099 	Brassicaceae;Arabis; 	Poaceae;Avenella	Poaceae;Deschampsia; 	Poaceae;Avenella; 	Poaceae;Poa; 	Poaceae;Poa;
P001_WB01_00176 	Brassicaceae;Arabis; 	Ranunculaceae;Ranunculus	Ranunculaceae;Ranunculus; 	Caryophyllaceae;Dianthus; 	Ranunculaceae;Ranunculus; 	Ranunculaceae;Ranunculus;
P001_WB01_00283 	Brassicaceae;Arabis; 	Brassicaceae;Arabis	Brassicaceae;Arabis; 	Brassicaceae;Draba; 	Brassicaceae;Draba; 	Brassicaceae;Draba;
P001_WB02_00117 	Salicaceae;Salix; 	Salicaceae;Salix	Salicaceae;Salix; 	Salicaceae;Salix; 	Salicaceae;Salix; 	Salicaceae;Salix;
P001_WB03_00105 	Cyperaceae;Eriophorum; 	Cyperaceae;Carex	Cyperaceae;Eriophorum; 	Cyperaceae;Eriophorum; 	Cyperaceae;Eriophorum; 	Cyperaceae;Eriophorum;
P001_WB04_00046 	Betulaceae;Betula; 	Betulaceae;Betula	Betulaceae;Betula; 	Rosaceae;Dryas; 	Cyperaceae;Carex; 	Rosaceae;Dryas;
P001_WB05_00063 	Poaceae;Anthoxanthum; 	Poaceae;Anthoxanthum	Poaceae;Hierochloe; 	Poaceae;Hierochloe; 	Poaceae;Calamagrostis; 	Poaceae;Calamagrostis;
P001_WB06_00112 	Gentianaceae;Comastoma; 	Gentianaceae;Swertia	Gentianaceae;Gentianella; 	Gentianaceae;Gentiana; 	Gentianaceae;Gentiana; 	Gentianaceae;Gentiana;
P001_WB07_00068 	Fabaceae;Oxytropis; 	Fabaceae;Oxytropis	Fabaceae;Oxytropis; 	Fabaceae;Oxytropis; 	Fabaceae;Astragalus; 	Fabaceae;Astragalus;
P001_WB08_00021 	Poaceae;Bromus; 	Poaceae;Bromus	Poaceae;Calamagrostis; 	Poaceae;Calamagrostis; 	Poaceae;Calamagrostis; 	Poaceae;Calamagrostis;
P001_WB09_00098 	Asteraceae;Leontodon; 	Asteraceae;Cichorium	Asteraceae;Leontodon; 	Asteraceae;Hieracium; 	Asteraceae;Hieracium; 	Asteraceae;Hieracium;
P001_WB10_00087 	Poaceae;Nardus; 	Poaceae;Nardus	Poaceae;Calamagrostis; 	Poaceae;Calamagrostis; 	Poaceae;Calamagrostis; 	Poaceae;Calamagrostis;
P001_WB11_00102 	Campanulaceae;Campanula; 	Campanulaceae;Campanula	Campanulaceae;Campanula; 	Campanulaceae;Campanula; 	Campanulaceae;Campanula; 	Campanulaceae;Campanula;
P001_WB12_00101 	Asteraceae;Gnaphalium; 	Asteraceae;Gamochaeta	Asteraceae;Gnaphalium; 	Asteraceae;Antennaria; 	Asteraceae;Antennaria; 	Asteraceae;Antennaria;
P001_WC02_00090 	Poaceae;Deschampsia; 	Poaceae;Avenella	Poaceae;Avenella; 	Poaceae;Poa; 	Poaceae;Arctagrostis; 	Poaceae;Dupontia;
P001_WC03_00011 	Asteraceae;Erigeron; 	Asteraceae;Erigeron	Asteraceae;Erigeron; 	Asteraceae;Erigeron; 	Asteraceae;Solidago; 	Asteraceae;Aster;
P001_WC06_00025 	Gentianaceae;Gentiana; 	Gentianaceae;Gentiana	Gentianaceae;Gentiana; 	Gentianaceae;Gentiana; 	Gentianaceae;Gentiana; 	Gentianaceae;Gentiana;
P001_WC07_00021 	Asteraceae;Leontodon; 	Asteraceae;Cichorium	Asteraceae;Leontodon; 	Asteraceae;Hieracium; 	Asteraceae;Hieracium; 	Asteraceae;Hieracium;
P001_WC08_00023 	Apiaceae;Bupleurum; 	Apiaceae;Bupleurum	Apiaceae;Bupleurum; 	Apiaceae;Seseli; 	Apiaceae;Chaerophyllum; 	Apiaceae;Peucedanum;
P001_WC09_00023 	Lamiaceae;Betonica; 	Lamiaceae;Colquhounia	Plantaginaceae;Pennellianthus; 	Orobanchaceae;Pedicularis; 	Plantaginaceae;Veronica; 	Plantaginaceae;Veronica;
P001_WC10_00081 	Apiaceae;Carum; 	Apiaceae;Carum	Apiaceae;Carum; 	Apiaceae;Seseli; 	Apiaceae;Peucedanum; 	Apiaceae;Chaerophyllum;
P001_WC11_00056 	Polygonaceae;Rumex; 	Polygonaceae;Rumex	Polygonaceae;Rumex; 	Polygonaceae;Rumex; 	Polygonaceae;Oxyria; 	Polygonaceae;Polygonum;
P001_WC12_00054 	Cyperaceae;Carex; 	Cyperaceae;Carex	Cyperaceae;Kobresia; 	Cyperaceae;Kobresia; 	Cyperaceae;Carex; 	Cyperaceae;Carex;
P001_WD01_00016 	Poaceae;Poa; 	Poaceae;Poa	Poaceae;Poa; 	Poaceae;Arctagrostis; 	Poaceae;Dupontia; 	Poaceae;Poa;
P001_WD02_00085 	Saxifragaceae;Saxifraga; 	Saxifragaceae;Micranthes	Saxifragaceae;Saxifraga; 	Saxifragaceae;Saxifraga; 	Brassicaceae;Draba; 	Saxifragaceae;Saxifraga;
P001_WD03_00069 	Poaceae;Calamagrostis; 	Poaceae;Calamagrostis	Poaceae;Calamagrostis; 	Poaceae;Calamagrostis; 	Poaceae;Calamagrostis; 	Poaceae;Agrostis;
P001_WD04_00015 	Ericaceae;Cassiope; 	Ericaceae;Rhododendron	Ericaceae;Harrimanella; 	Ericaceae;Harrimanella; 	Ericaceae;Pieris; 	Ericaceae;Rhododendron;
P001_WD05_00082 	Poaceae;Avenella; 	Poaceae;Avenella	Poaceae;Avenella; 	Poaceae;Poa; 	Poaceae;Arctagrostis; 	Poaceae;Dupontia;
P001_WD06_00051 	Campanulaceae;Campanula; 	Campanulaceae;Campanula	Campanulaceae;Campanula; 	Campanulaceae;Campanula; 	Campanulaceae;Campanula; 	Campanulaceae;Campanula;
P001_WD07_00011 	Caryophyllaceae;Silene; 	Caryophyllaceae;Silene	Caryophyllaceae;Silene; 	Caryophyllaceae;Viscaria; 	Caryophyllaceae;Minuartia; 	Ranunculaceae;Ranunculus;
P001_WD08_00108 	Caryophyllaceae;Cerastium; 	Caryophyllaceae;Pseudocerastium	Caryophyllaceae;Cerastium; 	Caryophyllaceae;Cerastium; 	Caryophyllaceae;Cerastium; 	Caryophyllaceae;Cerastium;
P001_WD08_00142 	Caryophyllaceae;Cerastium; 	Boraginaceae;Plagiobothrys	Boraginaceae;Myosotis; 	Plantaginaceae;Pennellianthus; 	Plantaginaceae;Veronica; 	Plantaginaceae;Veronica;
P001_WD09_00104 	Gentianaceae;Gentiana; 	Gentianaceae;Gentiana	Gentianaceae;Gentiana; 	Gentianaceae;Gentiana; 	Gentianaceae;Gentiana; 	Gentianaceae;Gentiana;
P001_WD10_00081 	Boraginaceae;Myosotis; 	Boraginaceae;Plagiobothrys	Caryophyllaceae;Cerastium; 	Plantaginaceae;Pennellianthus; 	Plantaginaceae;Veronica; 	Plantaginaceae;Veronica;
P001_WD11_00085 	Crassulaceae;Sedum; 	Crassulaceae;Rosularia	Crassulaceae;Sempervivum; 	Crassulaceae;Rhodiola; 	Crassulaceae;Sedum; 	Saxifragaceae;Saxifraga;
P001_WD11_00109 	Crassulaceae;Sedum; 	Cyperaceae;Carex	Cyperaceae;Carex; 	Cyperaceae;Kobresia; 	Cyperaceae;Carex; 	Cyperaceae;Carex;
P001_WD11_00169 	Crassulaceae;Sedum; 	Poaceae;Catapodium	Poaceae;Festuca; 	Poaceae;Festuca; 	Poaceae;Festuca; 	Poaceae;Poa;
P001_WD11_00259 	Crassulaceae;Sedum; 	Asteraceae;Taraxacum	Asteraceae;Taraxacum; 	Asteraceae;Taraxacum; 	Asteraceae;Taraxacum; 	Asteraceae;Taraxacum;
P001_WD11_00301 	Crassulaceae;Sedum; 	Poaceae;Festuca	Crassulaceae;Sedum; 	Poaceae;Festuca; 	Poaceae;Festuca; 	Poaceae;Festuca;
P001_WD12_00022 	Asteraceae;Taraxacum; 	Asteraceae;Taraxacum	Asteraceae;Taraxacum; 	Asteraceae;Taraxacum; 	Asteraceae;Taraxacum; 	Asteraceae;Hieracium;
P001_WE01_00076 	Caryophyllaceae;Minuartia; 	Caryophyllaceae;Psammosilene	Caryophyllaceae;Minuartia; 	Caryophyllaceae;Minuartia; 	Caryophyllaceae;Minuartia; 	Caryophyllaceae;Silene;
P001_WE02_00134 	Cyperaceae;Kobresia; 	Cyperaceae;Carex	Cyperaceae;Kobresia; 	Cyperaceae;Carex; 	Cyperaceae;Carex; 	Cyperaceae;Carex;
P001_WE02_00135 	Cyperaceae;Kobresia; 	Cyperaceae;Carex	Cyperaceae;Kobresia; 	Cyperaceae;Carex; 	Cyperaceae;Carex; 	Cyperaceae;Carex;
P001_WE03_00039 	Ranunculaceae;Ranunculus; 	Ranunculaceae;Ranunculus	Ranunculaceae;Ranunculus; 	Ranunculaceae;Ranunculus; 	Caryophyllaceae;Dianthus; 	Ranunculaceae;Ranunculus;
P001_WE04_00105 	Tofieldiaceae;Tofieldia; 	Cyperaceae;Carex	Cyperaceae;Carex; 	Cyperaceae;Carex; 	Cyperaceae;Carex; 	Cyperaceae;Carex;
P001_WE04_00174 	Tofieldiaceae;Tofieldia; 	Tofieldiaceae;Tofieldia	Liliaceae;Fritillaria; 	Liliaceae;Gagea; 	Ranunculaceae;Trollius; 	Orchidaceae;Coeloglossum;
P001_WE05_00044 	Ericaceae;Kalmia; 	Ericaceae;Rhododendron	Ericaceae;Rhododendron; 	Ericaceae;Rhododendron; 	Ericaceae;Rhododendron; 	Ericaceae;Vaccinium;
P001_WE05_00045 	Ericaceae;Kalmia; 	Ericaceae;Rhododendron	Ericaceae;Rhododendron; 	Ericaceae;Phyllodoce; 	Ericaceae;Empetrum; 	Ericaceae;Rhododendron;
P001_WE06_00053 	Poaceae;Phleum; 	Poaceae;Phleum	Poaceae;Arctagrostis; 	Poaceae;Arctophila; 	Poaceae;Dupontia; 	Poaceae;Poa;
P001_WE07_00106 	Juncaceae;Luzula; 	Cyperaceae;Hypolytrum	Juncaceae;Luzula; 	Juncaceae;Luzula; 	Juncaceae;Luzula; 	Cyperaceae;Carex;
P001_WE08_00025 	Caprifoliaceae;Scabiosa; 	Caprifoliaceae;Pterocephalus	Caprifoliaceae;Patrinia; 	Apiaceae;Seseli; 	Apiaceae;Peucedanum; 	Apiaceae;Carum;
P001_WE10_00050 	Asteraceae;Taraxacum; 	Asteraceae;Taraxacum	Asteraceae;Taraxacum; 	Asteraceae;Taraxacum; 	Asteraceae;Taraxacum; 	Asteraceae;Hieracium;
P001_WE11_00048 	Poaceae;Festuca; 	Poaceae;Festuca	Poaceae;Festuca; 	Poaceae;Festuca; 	Poaceae;Festuca; 	Poaceae;Festuca;
P001_WE12_00025 	Cyperaceae;Carex; 	Cyperaceae;Carex	Cyperaceae;Kobresia; 	Cyperaceae;Kobresia; 	Cyperaceae;Carex; 	Cyperaceae;Carex;
P001_WE12_00215 	Cyperaceae;Carex; 	Geraniaceae;Geranium	Geraniaceae;Geranium; 	Geraniaceae;Geranium; 	Hypericaceae;Hypericum; 	Rosaceae;Spiraea;
P001_WE12_00233 	Cyperaceae;Carex; 	Asteraceae;Taraxacum	Asteraceae;Taraxacum; 	Asteraceae;Taraxacum; 	Asteraceae;Taraxacum; 	Asteraceae;Taraxacum;
P001_WE12_00339 	Cyperaceae;Carex; 	Asteraceae;Taraxacum	Asteraceae;Taraxacum; 	Asteraceae;Taraxacum; 	Cyperaceae;Carex; 	Asteraceae;Taraxacum;
P001_WF01_00059 	Equisetaceae;Equisetum; 	Equisetaceae;Equisetum	Equisetaceae;Equisetum; 	Equisetaceae;Equisetum; 	Equisetaceae;Equisetum; 	Equisetaceae;Equisetum;
P001_WF01_00228 	Equisetaceae;Equisetum; 	Cyperaceae;Carex	Cyperaceae;Carex; 	Cyperaceae;Carex; 	Cyperaceae;Carex; 	Cyperaceae;Carex;
P001_WF02_00019 	Cyperaceae;Carex; 	Cyperaceae;Carex	Cyperaceae;Carex; 	Cyperaceae;Carex; 	Cyperaceae;Carex; 	Cyperaceae;Carex;
P001_WF03_00075 	Caryophyllaceae;Cerastium; 	Caryophyllaceae;Pseudocerastium	Caryophyllaceae;Cerastium; 	Caryophyllaceae;Cerastium; 	Caryophyllaceae;Cerastium; 	Caryophyllaceae;Cerastium;
P001_WF04_00021 	Caryophyllaceae;Silene; 	Caryophyllaceae;Silene	Caryophyllaceae;Silene; 	Caryophyllaceae;Viscaria; 	Rosaceae;Spiraea; 	Caryophyllaceae;Minuartia;
P001_WF05_00068 	Asteraceae;Antennaria; 	Asteraceae;Antennaria	Asteraceae;Antennaria; 	Asteraceae;Antennaria; 	Asteraceae;Omalotheca; 	Asteraceae;Gnaphalium;
P001_WF06_00006 	Orobanchaceae;Euphrasia; 	Orobanchaceae;Euphrasia	Orobanchaceae;Euphrasia; 	Orobanchaceae;Euphrasia; 	Orobanchaceae;Pedicularis; 	Plantaginaceae;Pennellianthus;
P001_WF06_00180 	Orobanchaceae;Euphrasia; 	Poaceae;Festuca	Poaceae;Festuca; 	Poaceae;Festuca; 	Poaceae;Festuca; 	Poaceae;Festuca;
P001_WF07_00050 	Poaceae;Festuca; 	Poaceae;Festuca	Poaceae;Festuca; 	Poaceae;Festuca; 	Poaceae;Festuca; 	Poaceae;Festuca;
P001_WF08_00097 	Orchidaceae;Coeloglossum; 	Orchidaceae;Dactylorhiza	Tofieldiaceae;Tofieldia; 	Liliaceae;Fritillaria; 	Liliaceae;Gagea; 	Ranunculaceae;Trollius;
P001_WF09_00055 	Gentianaceae;Gentiana; 	Gentianaceae;Gentiana	Gentianaceae;Gentiana; 	Gentianaceae;Gentiana; 	Gentianaceae;Gentiana; 	Gentianaceae;Gentiana;
P001_WF10_00081 	Fabaceae;Anthyllis; 	Fabaceae;Lotus	Fabaceae;Astragalus; 	Fabaceae;Oxytropis; 	Fabaceae;Oxytropis; 	Fabaceae;Oxytropis;
P001_WF11_00020 	Apiaceae;Seseli; 	Apiaceae;Semenovia	Apiaceae;Peucedanum; 	Apiaceae;Carum; 	Apiaceae;Carum; 	Apiaceae;Chaerophyllum;
P001_WF12_00027 	Geraniaceae;Geranium; 	Geraniaceae;Geranium	Geraniaceae;Geranium; 	Asteraceae;Saussurea; 	Asteraceae;Saussurea; 	Asteraceae;Cirsium;
P001_WG01_00071 	Ranunculaceae;Thalictrum; 	Ranunculaceae;Thalictrum	Cyperaceae;Carex; 	Ranunculaceae;Trollius; 	Ranunculaceae;Aconitum; 	Cyperaceae;Carex;
P001_WG02_00026 	Cyperaceae;Carex; 	Cyperaceae;Carex	Cyperaceae;Carex; 	Cyperaceae;Carex; 	Cyperaceae;Carex; 	Cyperaceae;Carex;
P001_WG02_00116 	Cyperaceae;Carex; 	Ranunculaceae;Thalictrum	Cyperaceae;Carex; 	Ranunculaceae;Trollius; 	Ranunculaceae;Aconitum; 	Cyperaceae;Carex;
P001_WG04_00126 	Cyperaceae;Carex; 	Cyperaceae;Carex	Cyperaceae;Carex; 	Cyperaceae;Carex; 	Cyperaceae;Carex; 	Cyperaceae;Carex;
P001_WG05_00079 	Caryophyllaceae;Viscaria; 	Caryophyllaceae;Silene	Caryophyllaceae;Silene; 	Caryophyllaceae;Silene; 	Rosaceae;Spiraea; 	Caryophyllaceae;Minuartia;
P001_WG06_00036 	Saxifragaceae;Saxifraga; 	Saxifragaceae;Saxifraga	Saxifragaceae;Saxifraga; 	Saxifragaceae;Saxifraga; 	Saxifragaceae;Saxifraga; 	Saxifragaceae;Saxifraga;
P001_WG06_00037 	Saxifragaceae;Saxifraga; 	Saxifragaceae;Saxifraga	Saxifragaceae;Saxifraga; 	Saxifragaceae;Saxifraga; 	Saxifragaceae;Saxifraga; 	Saxifragaceae;Saxifraga;
P001_WG06_00084 	Saxifragaceae;Saxifraga; 	Saxifragaceae;Saxifraga	Saxifragaceae;Saxifraga; 	Saxifragaceae;Saxifraga; 	Saxifragaceae;Saxifraga; 	Saxifragaceae;Saxifraga;
P001_WG07_00018 	Gentianaceae;Gentianella; 	Gentianaceae;Swertia	Gentianaceae;Gentianella; 	Gentianaceae;Gentiana; 	Gentianaceae;Gentiana; 	Gentianaceae;Gentiana;
P001_WG08_00094 	Asteraceae;Anthemis; 	Asteraceae;Tanacetum	Asteraceae;Matricaria; 	Asteraceae;Achillea; 	Asteraceae;Anthemis; 	Asteraceae;Artemisia;
P001_WG10_00109 	Asteraceae;Taraxacum; 	Asteraceae;Taraxacum	Asteraceae;Taraxacum; 	Asteraceae;Taraxacum; 	Asteraceae;Taraxacum; 	Asteraceae;Hieracium;
P001_WG11_00044 	Liliaceae;Gagea; 	Liliaceae;Lloydia	Liliaceae;Fritillaria; 	Tofieldiaceae;Tofieldia; 	Ranunculaceae;Trollius; 	Orchidaceae;Coeloglossum;
P001_WG12_00037 	Poaceae;Catabrosella; 	Poaceae;Puccinellia	Poaceae;Hyalopoa; 	Poaceae;Poa; 	Poaceae;Arctagrostis; 	Poaceae;Dupontia;
P001_WH01_00020 	Celastraceae;Parnassia; 	Celastraceae;Parnassia	Rosaceae;Dryas; 	Cyperaceae;Carex; 	Rosaceae;Dryas; 	Rosaceae;Dryas;
P001_WH02_00007 	Salicaceae;Salix; 	Salicaceae;Salix	Salicaceae;Salix; 	Salicaceae;Salix; 	Salicaceae;Salix; 	Salicaceae;Salix;
P001_WH03_00046 	Cyperaceae;Eriophorum; 	Cyperaceae;Carex	Cyperaceae;Eriophorum; 	Cyperaceae;Eriophorum; 	Cyperaceae;Eriophorum; 	Cyperaceae;Eriophorum;
P001_WH04_00092 	Saxifragaceae;Saxifraga; 	Saxifragaceae;Saxifraga	Saxifragaceae;Saxifraga; 	Saxifragaceae;Saxifraga; 	Saxifragaceae;Saxifraga; 	Saxifragaceae;Saxifraga;
P001_WH05_00064 	Plantaginaceae;Veronica; 	Plantaginaceae;Neopicrorhiza	Plantaginaceae;Veronica; 	Plantaginaceae;Veronica; 	Asteraceae;Cirsium; 	Fabaceae;Hedysarum;
P001_WH06_00025 	Poaceae;Trisetum; 	Poaceae;Koeleria	Poaceae;Trisetum; 	Poaceae;Calamagrostis; 	Poaceae;Calamagrostis; 	Poaceae;Calamagrostis;
P001_WH06_00074 	Poaceae;Trisetum; 	Poaceae;Koeleria	Poaceae;Trisetum; 	Poaceae;Calamagrostis; 	Poaceae;Calamagrostis; 	Poaceae;Calamagrostis;
P001_WH06_00163 	Poaceae;Trisetum; 	Asteraceae;Berkheya	Asteraceae;Scorzonera; 	Asteraceae;Hieracium; 	Asteraceae;Hieracium; 	Asteraceae;Hieracium;
P001_WH07_00116 	Asteraceae;Scorzonera; 	Asteraceae;Tragopogon	Asteraceae;Hieracium; 	Asteraceae;Hieracium; 	Asteraceae;Hieracium; 	Asteraceae;Hieracium;
P001_WH08_00074 	Asteraceae;Anthemis; 	Asteraceae;Tanacetum	Asteraceae;Matricaria; 	Asteraceae;Anthemis; 	Asteraceae;Achillea; 	Asteraceae;Artemisia;
P001_WH09_00061 	Primulaceae;Primula; 	Primulaceae;Primula	Primulaceae;Primula; 	Primulaceae;Primula; 	Primulaceae;Primula; 	Primulaceae;Primula;
P001_WH10_00074 	Hypericaceae;Hypericum; 	Heteromyidae;Dipodomys	Crassulaceae;Sempervivum; 	Crassulaceae;Rhodiola; 	Primulaceae;Primula; 	Crassulaceae;Sedum;
P001_WH11_00065 	Asteraceae;Erigeron; 	Asteraceae;Erigeron	Asteraceae;Erigeron; 	Asteraceae;Erigeron; 	Asteraceae;Solidago; 	Asteraceae;Aster;
P001_WH12_00034 	Asteraceae;Hieracium; 	Asteraceae;Sonchus	Asteraceae;Hieracium; 	Asteraceae;Hieracium; 	Asteraceae;Hieracium; 	Asteraceae;Leontodon;
P001_WH12_00099 	Asteraceae;Hieracium; 	Asteraceae;Sonchus	Asteraceae;Hieracium; 	Asteraceae;Hieracium; 	Asteraceae;Hieracium; 	Asteraceae;Leontodon;
P002_WA01_00059 	Poaceae;Hyalopoa; 	Poaceae;Puccinellia	Poaceae;Catabrosella; 	Poaceae;Arctagrostis; 	Poaceae;Arctophila; 	Poaceae;Dupontia;
P002_WA02_00010 	Fabaceae;Trifolium; 	Fabaceae;Trifolium	Fabaceae;Trifolium; 	Fabaceae;Astragalus; 	Fabaceae;Oxytropis; 	Fabaceae;Oxytropis;
P002_WA03_00021 	Poaceae;Festuca; 	Poaceae;Scolochloa	Poaceae;Festuca; 	Poaceae;Festuca; 	Poaceae;Festuca; 	Poaceae;Festuca;
P002_WA04_00080 	Apiaceae;Carum; 	Apiaceae;Carum	Apiaceae;Carum; 	Apiaceae;Seseli; 	Apiaceae;Peucedanum; 	Apiaceae;Chaerophyllum;
P002_WA06_00087 	Apiaceae;Peucedanum; 	Apiaceae;Angelica	Apiaceae;Seseli; 	Apiaceae;Carum; 	Apiaceae;Carum; 	Apiaceae;Chaerophyllum;
P002_WA07_00052 	Ericaceae;Harrimanella; 	Ericaceae;Gaultheria	Ericaceae;Harrimanella; 	Ericaceae;Cassiope; 	Ericaceae;Pieris; 	Ericaceae;Vaccinium;
P002_WA08_00041 	Poaceae;Poa; 	Poaceae;Poa	Poaceae;Poa; 	Poaceae;Poa; 	Poaceae;Arctophila; 	Poaceae;Dupontia;
P002_WA09_00076 	Rosaceae;Dryas; 	Rosaceae;Dryas	Rosaceae;Dryas; 	Cyperaceae;Carex; 	Rosaceae;Dryas; 	Rosaceae;Spiraea;
P002_WA10_00052 	Ericaceae;Rhododendron; 	Ericaceae;Rhododendron	Ericaceae;Rhododendron; 	Ericaceae;Rhododendron; 	Ericaceae;Rhododendron; 	Ericaceae;Rhododendron;
P002_WA11_00072 	Poaceae;Calamagrostis; 	Poaceae;Calamagrostis	Poaceae;Calamagrostis; 	Poaceae;Calamagrostis; 	Poaceae;Calamagrostis; 	Poaceae;Agrostis;
P002_WA12_00064 	Saxifragaceae;Saxifraga; 	Saxifragaceae;Saxifraga	Saxifragaceae;Saxifraga; 	Saxifragaceae;Saxifraga; 	Saxifragaceae;Saxifraga; 	Saxifragaceae;Saxifraga;
P002_WB01_00055 	Apiaceae;Chaerophyllum; 	Apiaceae;Anthriscus	Apiaceae;Seseli; 	Apiaceae;Peucedanum; 	Apiaceae;Carum; 	Apiaceae;Carum;
P002_WB02_00067 	Primulaceae;Primula; 	Primulaceae;Primula	Primulaceae;Primula; 	Primulaceae;Primula; 	Primulaceae;Primula; 	Primulaceae;Primula;
P002_WB03_00019 	Caryophyllaceae;Arenaria; 	Caryophyllaceae;Psammosilene	Caryophyllaceae;Viscaria; 	Caryophyllaceae;Silene; 	Caryophyllaceae;Silene; 	Caryophyllaceae;Minuartia;
P002_WB04_00027 	Poaceae;Helictotrichon; 	Poaceae;Helictochloa	Poaceae;Festuca; 	Poaceae;Festuca; 	Poaceae;Arctagrostis; 	Poaceae;Poa;
P002_WB05_00103 	Orobanchaceae;Pedicularis; 	Orobanchaceae;Pedicularis	Orobanchaceae;Pedicularis; 	Orobanchaceae;Pedicularis; 	Orobanchaceae;Pedicularis; 	Orobanchaceae;Pedicularis;
P002_WB06_00017 	Rosaceae;Potentilla; 	Rosaceae;Potentilla	Rosaceae;Potentilla; 	Rosaceae;Potentilla; 	Orobanchaceae;Pedicularis; 	Rosaceae;Potentilla;
P002_WB07_00110 	Ericaceae;Bryanthus; 	Ericaceae;Rhododendron	Ericaceae;Rhododendron; 	Ericaceae;Rhododendron; 	Ericaceae;Rhododendron; 	Ericaceae;Rhododendron;
P002_WB08_00029 	Poaceae;Poa; 	Poaceae;Poa	Poaceae;Poa; 	Poaceae;Poa; 	Poaceae;Arctophila; 	Poaceae;Dupontia;
P002_WB09_00099 	Salicaceae;Salix; 	Salicaceae;Salix	Salicaceae;Salix; 	Salicaceae;Salix; 	Salicaceae;Salix; 	Salicaceae;Salix;
P002_WB10_00069 	Caryophyllaceae;Stellaria; 	Caryophyllaceae;Pseudocerastium	Caryophyllaceae;Stellaria; 	Caryophyllaceae;Cerastium; 	Caryophyllaceae;Cerastium; 	Caryophyllaceae;Cerastium;
P002_WB11_00022 	Orobanchaceae;Pedicularis; 	Orobanchaceae;Pedicularis	Orobanchaceae;Pedicularis; 	Orobanchaceae;Pedicularis; 	Orobanchaceae;Pedicularis; 	Orobanchaceae;Pedicularis;
P002_WB12_00035 	Saxifragaceae;Chrysosplenium; 	Saxifragaceae;Chrysosplenium	Saxifragaceae;Saxifraga; 	Saxifragaceae;Saxifraga; 	Saxifragaceae;Saxifraga; 	Saxifragaceae;Saxifraga;
P002_WC01_00015 	Rosaceae;Potentilla; 	Orobanchaceae;Pedicularis	Orobanchaceae;Pedicularis; 	Orobanchaceae;Pedicularis; 	Orobanchaceae;Pedicularis; 	Orobanchaceae;Pedicularis;
P002_WC01_00137 	Rosaceae;Potentilla; 	Rosaceae;Potentilla	Orobanchaceae;Pedicularis; 	Rosaceae;Potentilla; 	Rosaceae;Potentilla; 	Rosaceae;Potentilla;
P002_WC02_00085 	Fabaceae;Oxytropis; 	Fabaceae;Oxytropis	Fabaceae;Oxytropis; 	Fabaceae;Oxytropis; 	Fabaceae;Astragalus; 	Fabaceae;Astragalus;
P002_WC03_00084 	Orobanchaceae;Euphrasia; 	Orobanchaceae;Euphrasia	Orobanchaceae;Pedicularis; 	Orobanchaceae;Pedicularis; 	Orobanchaceae;Pedicularis; 	Orobanchaceae;Pedicularis;
P002_WC04_00015 	Asteraceae;Aster; 	Asteraceae;Aster	Asteraceae;Solidago; 	Juncaceae;Luzula; 	Asteraceae;Aster; 	Asteraceae;Erigeron;
P002_WC05_00005 	Apiaceae;Tilingia; 	Apiaceae;Ostericum	Apiaceae;Seseli; 	Apiaceae;Peucedanum; 	Apiaceae;Ligusticum; 	Apiaceae;Chaerophyllum;
P002_WC06_00081 	Juncaceae;Luzula; 	Cyperaceae;Hypolytrum	Juncaceae;Luzula; 	Juncaceae;Luzula; 	Cyperaceae;Carex; 	Juncaceae;Luzula;
P002_WC07_00053 	Ericaceae;Rhododendron; 	Ericaceae;Rhododendron	Ericaceae;Rhododendron; 	Ericaceae;Rhododendron; 	Ericaceae;Rhododendron; 	Ericaceae;Rhododendron;
P002_WC08_00049 	Brassicaceae;Cardamine; 	Brassicaceae;Cardamine	Brassicaceae;Cardamine; 	Brassicaceae;Cardamine; 	Juncaceae;Luzula; 	Brassicaceae;Cochlearia;
P002_WC09_00053 	Fabaceae;Astragalus; 	Fabaceae;Astragalus	Fabaceae;Oxytropis; 	Fabaceae;Oxytropis; 	Fabaceae;Astragalus; 	Fabaceae;Oxytropis;
P002_WC10_00007 	Polygonaceae;Persicaria; 	Polygonaceae;Bistorta	Polygonaceae;Bistorta; 	Polygonaceae;Polygonum; 	Polygonaceae;Rumex; 	Polygonaceae;Rumex;
P002_WC11_00097 	Caryophyllaceae;Minuartia; 	Caryophyllaceae;Psammosilene	Caryophyllaceae;Minuartia; 	Caryophyllaceae;Minuartia; 	Caryophyllaceae;Minuartia; 	Caryophyllaceae;Silene;
P002_WC12_00020 	Cyperaceae;Eriophorum; 	Cyperaceae;Carex	Cyperaceae;Eriophorum; 	Cyperaceae;Eriophorum; 	Cyperaceae;Eriophorum; 	Cyperaceae;Eriophorum;
P002_WD01_00062 	Orobanchaceae;Pedicularis; 	Rosaceae;Potentilla	Orobanchaceae;Pedicularis; 	Rosaceae;Potentilla; 	Rosaceae;Potentilla; 	Rosaceae;Potentilla;
P002_WD01_00158 	Orobanchaceae;Pedicularis; 	Orobanchaceae;Pedicularis	Orobanchaceae;Pedicularis; 	Orobanchaceae;Pedicularis; 	Orobanchaceae;Pedicularis; 	Orobanchaceae;Pedicularis;
P002_WD02_00021 	Violaceae;Viola; 	Violaceae;Viola	Violaceae;Viola; 	Salicaceae;Salix; 	Salicaceae;Salix; 	Salicaceae;Salix;
P002_WD03_00099 	Asteraceae;Erigeron; 	Asteraceae;Erigeron	Asteraceae;Erigeron; 	Asteraceae;Erigeron; 	Asteraceae;Solidago; 	Asteraceae;Aster;
P002_WD04_00062 	Rosaceae;Potentilla; 	Rosaceae;Potentilla	Rosaceae;Potentilla; 	Rosaceae;Potentilla; 	Orobanchaceae;Pedicularis; 	Rosaceae;Potentilla;
P002_WD05_00067 	Plantaginaceae;Pennellianthus; 	Plantaginaceae;Penstemon	Plantaginaceae;Veronica; 	Plantaginaceae;Veronica; 	Plantaginaceae;Veronica; 	Asteraceae;Cirsium;
P002_WD06_00027 	Poaceae;Deschampsia; 	Poaceae;Agrostis	Poaceae;Agrostis; 	Poaceae;Agrostis; 	Poaceae;Calamagrostis; 	Poaceae;Calamagrostis;
P002_WD07_00070 	Asteraceae;Saussurea; 	Asteraceae;Saussurea	Asteraceae;Saussurea; 	Plantaginaceae;Veronica; 	Asteraceae;Cirsium; 	Poaceae;Calamagrostis;
P002_WD08_00053 	Fabaceae;Oxytropis; 	Fabaceae;Oxytropis	Fabaceae;Oxytropis; 	Fabaceae;Oxytropis; 	Fabaceae;Astragalus; 	Fabaceae;Astragalus;
P002_WD09_00055 	Plumbaginaceae;Armeria; 	Plumbaginaceae;Limonium	Polygonaceae;Rumex; 	Polygonaceae;Persicaria; 	Polygonaceae;Bistorta; 	Polygonaceae;Polygonum;
P002_WD10_00090 	Salicaceae;Salix; 	Salicaceae;Salix	Salicaceae;Salix; 	Salicaceae;Salix; 	Salicaceae;Salix; 	Salicaceae;Salix;
P002_WD11_00023 	Poaceae;Hierochloe; 	Poaceae;Hierochloe	Poaceae;Hierochloe; 	Poaceae;Calamagrostis; 	Poaceae;Calamagrostis; 	Poaceae;Calamagrostis;
P002_WD12_00085 	Polygonaceae;Rumex; 	Polygonaceae;Rumex	Polygonaceae;Rumex; 	Polygonaceae;Rumex; 	Polygonaceae;Oxyria; 	Polygonaceae;Polygonum;
P002_WE01_00083 	Asteraceae;Centaurea; 	Asteraceae;Saussurea	Poaceae;Calamagrostis; 	Asteraceae;Cirsium; 	Asteraceae;Saussurea; 	Asteraceae;Saussurea;
P002_WE02_00042 	Plantaginaceae;Plantago; 	Plantaginaceae;Plantago	Plantaginaceae;Veronica; 	Plantaginaceae;Veronica; 	Plantaginaceae;Veronica; 	Asteraceae;Cirsium;
P002_WE03_00030 	Ranunculaceae;Ranunculus; 	Ranunculaceae;Ranunculus	Caryophyllaceae;Dianthus; 	Ranunculaceae;Ranunculus; 	Ranunculaceae;Ranunculus; 	Brassicaceae;Arabis;
P002_WE04_00070 	Ranunculaceae;Anemone; 	Ranunculaceae;Anemone	Ranunculaceae;Anemone; 	Ranunculaceae;Pulsatilla; 	Ranunculaceae;Aconitum; 	Cyperaceae;Carex;
P002_WE05_00061 	Campanulaceae;Campanula; 	Campanulaceae;Campanula	Campanulaceae;Campanula; 	Campanulaceae;Campanula; 	Campanulaceae;Campanula; 	Campanulaceae;Campanula;
P002_WE06_00065 	Caprifoliaceae;Patrinia; 	Caprifoliaceae;Patrinia	Caprifoliaceae;Scabiosa; 	Apiaceae;Seseli; 	Apiaceae;Peucedanum; 	Apiaceae;Carum;
P002_WE07_00104 	Rosaceae;Spiraea; 	Caryophyllaceae;Colobanthus	Caryophyllaceae;Minuartia; 	Caryophyllaceae;Minuartia; 	Caryophyllaceae;Sagina; 	Caryophyllaceae;Viscaria;
P002_WE07_00128 	Rosaceae;Spiraea; 	Rosaceae;Spiraea	Rosaceae;Dryas; 	Cyperaceae;Carex; 	Rosaceae;Dryas; 	Rosaceae;Dryas;
P002_WE08_00067 	Poaceae;Alopecurus; 	Poaceae;Alopecurus	Poaceae;Alopecurus; 	Poaceae;Alopecurus; 	Poaceae;Arctagrostis; 	Poaceae;Dupontia;
P002_WE09_00054 	Betulaceae;Betula; 	Betulaceae;Betula	Betulaceae;Betula; 	Rosaceae;Dryas; 	Cyperaceae;Carex; 	Rosaceae;Dryas;
P002_WE10_00057 	Saxifragaceae;Saxifraga; 	Saxifragaceae;Saxifraga	Saxifragaceae;Saxifraga; 	Saxifragaceae;Saxifraga; 	Saxifragaceae;Saxifraga; 	Saxifragaceae;Saxifraga;
P002_WE11_00074 	Poaceae;Alopecurus; 	Poaceae;Alopecurus	Poaceae;Alopecurus; 	Poaceae;Alopecurus; 	Poaceae;Arctagrostis; 	Poaceae;Dupontia;
P002_WE12_00067 	Poaceae;Arctophila; 	Poaceae;Cinna	Poaceae;Dupontia; 	Poaceae;Arctagrostis; 	Poaceae;Alopecurus; 	Poaceae;Poa;
P002_WF01_00021 	Poaceae;Calamagrostis; 	Asteraceae;Saussurea	Poaceae;Calamagrostis; 	Asteraceae;Saussurea; 	Asteraceae;Saussurea; 	Asteraceae;Cirsium;
P002_WF01_00132 	Poaceae;Calamagrostis; 	Poaceae;Calamagrostis	Poaceae;Calamagrostis; 	Poaceae;Calamagrostis; 	Poaceae;Calamagrostis; 	Poaceae;Agrostis;
P002_WF02_00090 	Plantaginaceae;Veronica; 	Plantaginaceae;Veronica	Fabaceae;Hedysarum; 	Plantaginaceae;Veronica; 	Plantaginaceae;Veronica; 	Asteraceae;Cirsium;
P002_WF03_00077 	Caryophyllaceae;Minuartia; 	Caryophyllaceae;Psammosilene	Caryophyllaceae;Minuartia; 	Caryophyllaceae;Minuartia; 	Caryophyllaceae;Minuartia; 	Caryophyllaceae;Silene;
P002_WF04_00083 	Orobanchaceae;Pedicularis; 	Orobanchaceae;Pedicularis	Orobanchaceae;Pedicularis; 	Orobanchaceae;Pedicularis; 	Orobanchaceae;Pedicularis; 	Orobanchaceae;Pedicularis;
P002_WF05_00028 	Ericaceae;Rhododendron; 	Ericaceae;Rhododendron	Ericaceae;Rhododendron; 	Ericaceae;Rhododendron; 	Ericaceae;Rhododendron; 	Ericaceae;Rhododendron;
P002_WF06_00028 	Ericaceae;Phyllodoce; 	Ericaceae;Rhododendron	Ericaceae;Rhododendron; 	Ericaceae;Rhododendron; 	Ericaceae;Rhododendron; 	Ericaceae;Rhododendron;
P002_WF07_00099 	Caryophyllaceae;Minuartia; 	Caryophyllaceae;Colobanthus	Rosaceae;Spiraea; 	Caryophyllaceae;Minuartia; 	Caryophyllaceae;Sagina; 	Caryophyllaceae;Silene;
P002_WF08_00025 	Poaceae;Dupontia; 	Poaceae;Cinna	Poaceae;Dupontia; 	Poaceae;Arctagrostis; 	Poaceae;Alopecurus; 	Poaceae;Poa;
P002_WF09_00052 	Ericaceae;Pyrola; 	Ericaceae;Pyrola	Ericaceae;Pyrola; 	Ericaceae;Pyrola; 	Ericaceae;Arctous; 	Ericaceae;Harrimanella;
P002_WF10_00088 	Rosaceae;Potentilla; 	Rosaceae;Potentilla	Rosaceae;Potentilla; 	Rosaceae;Potentilla; 	Orobanchaceae;Pedicularis; 	Rosaceae;Potentilla;
P002_WF11_00136 	Juncaceae;Luzula; 	Cyperaceae;Hypolytrum	Juncaceae;Luzula; 	Juncaceae;Luzula; 	Juncaceae;Luzula; 	Cyperaceae;Carex;
P002_WF12_00081 	Cyperaceae;Carex; 	Cyperaceae;Carex	Cyperaceae;Carex; 	Cyperaceae;Carex; 	Cyperaceae;Carex; 	Cyperaceae;Carex;
P002_WG02_00148 	Fabaceae;Hedysarum; 	Plantaginaceae;Veronica	Fabaceae;Hedysarum; 	Plantaginaceae;Veronica; 	Plantaginaceae;Veronica; 	Asteraceae;Cirsium;
P002_WG02_00177 	Fabaceae;Hedysarum; 	Fabaceae;Hedysarum	Fabaceae;Hedysarum; 	Fabaceae;Astragalus; 	Fabaceae;Oxytropis; 	Fabaceae;Oxytropis;
P002_WG03_00020 	Liliaceae;Fritillaria; 	Liliaceae;Fritillaria	Liliaceae;Gagea; 	Tofieldiaceae;Tofieldia; 	Orchidaceae;Coeloglossum; 	Ranunculaceae;Trollius;
P002_WG04_00098 	Rosaceae;Alchemilla; 	Rosaceae;Alchemilla	Rosaceae;Sibbaldia; 	Rosaceae;Potentilla; 	Rosaceae;Potentilla; 	Rosaceae;Potentilla;
P002_WG05_00101 	Poaceae;Calamagrostis; 	Poaceae;Calamagrostis	Poaceae;Calamagrostis; 	Poaceae;Calamagrostis; 	Poaceae;Calamagrostis; 	Poaceae;Calamagrostis;
P002_WG06_00052 	Juncaceae;Juncus; 	Juncaceae;Juncus	Juncaceae;Juncus; 	Juncaceae;Juncus; 	Juncaceae;Luzula; 	Juncaceae;Luzula;
P002_WG07_00128 	Cyperaceae;Carex; 	Cyperaceae;Carex	Cyperaceae;Carex; 	Cyperaceae;Carex; 	Cyperaceae;Carex; 	Cyperaceae;Carex;
P002_WG08_00033 	Cyperaceae;Eriophorum; 	Cyperaceae;Carex	Cyperaceae;Eriophorum; 	Cyperaceae;Eriophorum; 	Cyperaceae;Eriophorum; 	Cyperaceae;Eriophorum;
P002_WG09_00102 	Salicaceae;Salix; 	Salicaceae;Salix	Salicaceae;Salix; 	Salicaceae;Salix; 	Salicaceae;Salix; 	Salicaceae;Salix;
P002_WG10_00083 	Saxifragaceae;Saxifraga; 	Saxifragaceae;Micranthes	Saxifragaceae;Saxifraga; 	Saxifragaceae;Saxifraga; 	Brassicaceae;Draba; 	Saxifragaceae;Saxifraga;
P002_WG11_00007 	Salicaceae;Salix; 	Salicaceae;Salix	Salicaceae;Salix; 	Salicaceae;Salix; 	Salicaceae;Salix; 	Salicaceae;Salix;
P002_WG12_00042 	Ericaceae;Vaccinium; 	Ericaceae;Vaccinium	Ericaceae;Vaccinium; 	Ericaceae;Vaccinium; 	Ericaceae;Vaccinium; 	Ericaceae;Vaccinium;
P002_WH01_00087 	Ranunculaceae;Pulsatilla; 	Ranunculaceae;Anemone	Ranunculaceae;Anemone; 	Ranunculaceae;Anemone; 	Ranunculaceae;Aconitum; 	Ranunculaceae;Trollius;
P002_WH02_00056 	Crassulaceae;Sempervivum; 	Crassulaceae;Sempervivum	Crassulaceae;Rhodiola; 	Crassulaceae;Sedum; 	Crassulaceae;Sedum; 	Saxifragaceae;Saxifraga;
P002_WH03_00001 	Rubiaceae;Galium; 	Rubiaceae;Galium	Rubiaceae;Cruciata; 	Caryophyllaceae;Cerastium; 	Boraginaceae;Myosotis; 	Plantaginaceae;Pennellianthus;
P002_WH04_00057 	Apiaceae;Bupleurum; 	Apiaceae;Bupleurum	Apiaceae;Bupleurum; 	Apiaceae;Seseli; 	Apiaceae;Chaerophyllum; 	Apiaceae;Peucedanum;
P002_WH05_00056 	Ranunculaceae;Anemone; 	Ranunculaceae;Anemone	Ranunculaceae;Anemone; 	Ranunculaceae;Pulsatilla; 	Ranunculaceae;Aconitum; 	Cyperaceae;Carex;
P002_WH06_00040 	Asteraceae;Artemisia; 	Asteraceae;Artemisia	Asteraceae;Anthemis; 	Asteraceae;Matricaria; 	Asteraceae;Achillea; 	Asteraceae;Anthemis;
P002_WH07_00088 	Caryophyllaceae;Cerastium; 	Caryophyllaceae;Pseudocerastium	Caryophyllaceae;Cerastium; 	Caryophyllaceae;Cerastium; 	Caryophyllaceae;Cerastium; 	Caryophyllaceae;Cerastium;
P002_WH08_00114 	Cyperaceae;Carex; 	Cyperaceae;Carex	Cyperaceae;Carex; 	Cyperaceae;Carex; 	Cyperaceae;Carex; 	Cyperaceae;Carex;
P002_WH08_00186 	Cyperaceae;Carex; 	Cyperaceae;Carex	Cyperaceae;Carex; 	Cyperaceae;Carex; 	Cyperaceae;Carex; 	Cyperaceae;Carex;
P002_WH09_00028 	Ericaceae;Rhododendron; 	Ericaceae;Rhododendron	Ericaceae;Rhododendron; 	Ericaceae;Rhododendron; 	Ericaceae;Rhododendron; 	Ericaceae;Rhododendron;
P002_WH10_00101 	Poaceae;Arctagrostis; 	Poaceae;Arctagrostis	Poaceae;Arctophila; 	Poaceae;Dupontia; 	Poaceae;Alopecurus; 	Poaceae;Poa;
P002_WH11_00062 	Brassicaceae;Draba; 	Brassicaceae;Draba	Brassicaceae;Draba; 	Brassicaceae;Draba; 	Brassicaceae;Arabis; 	Brassicaceae;Arabis;
P002_WH12_00079 	Orobanchaceae;Pedicularis; 	Orobanchaceae;Pedicularis	Orobanchaceae;Pedicularis; 	Orobanchaceae;Pedicularis; 	Orobanchaceae;Pedicularis; 	Orobanchaceae;Pedicularis;
P003_WA01_00044 	Rosaceae;Potentilla; 	Rosaceae;Dasiphora	Rosaceae;Sibbaldia; 	Rosaceae;Potentilla; 	Rosaceae;Potentilla; 	Rosaceae;Rubus;
P003_WA02_00056 	Poaceae;Poa; 	Poaceae;Poa	Poaceae;Poa; 	Poaceae;Poa; 	Poaceae;Poa; 	Poaceae;Arctagrostis;
P003_WA03_00099 	Polygonaceae;Bistorta; 	Polygonaceae;Bistorta	Polygonaceae;Bistorta; 	Polygonaceae;Polygonum; 	Polygonaceae;Rumex; 	Polygonaceae;Rumex;
P003_WA04_00090 	Crassulaceae;Sedum; 	Crassulaceae;Pachyphytum	Crassulaceae;Sempervivum; 	Crassulaceae;Sedum; 	Crassulaceae;Rhodiola; 	Saxifragaceae;Saxifraga;
P003_WA06_00100 	Poaceae;Festuca; 	Poaceae;Scolochloa	Poaceae;Festuca; 	Poaceae;Festuca; 	Poaceae;Festuca; 	Poaceae;Festuca;
P003_WA07_00086 	Cyperaceae;Carex; 	Cyperaceae;Carex	Cyperaceae;Carex; 	Cyperaceae;Carex; 	Cyperaceae;Carex; 	Cyperaceae;Carex;
P003_WA07_00158 	Cyperaceae;Carex; 	Poaceae;Scolochloa	Cyperaceae;Carex; 	Poaceae;Festuca; 	Poaceae;Festuca; 	Poaceae;Festuca;
P003_WA08_00103 	Asteraceae;Senecio; 	Asteraceae;Sinosenecio	Asteraceae;Petasites; 	Asteraceae;Solidago; 	Asteraceae;Hieracium; 	Asteraceae;Hieracium;
P003_WA09_00055 	Caryophyllaceae;Cerastium; 	Caryophyllaceae;Pseudocerastium	Caryophyllaceae;Cerastium; 	Caryophyllaceae;Cerastium; 	Caryophyllaceae;Cerastium; 	Caryophyllaceae;Cerastium;
P003_WA10_00076 	Gentianaceae;Gentiana; 	Gentianaceae;Gentiana	Gentianaceae;Gentiana; 	Gentianaceae;Gentiana; 	Gentianaceae;Gentiana; 	Gentianaceae;Gentiana;
P003_WA11_00024 	Primulaceae;Soldanella; 	Primulaceae;Bryocarpum	Primulaceae;Soldanella; 	Primulaceae;Primula; 	Primulaceae;Primula; 	Primulaceae;Primula;
P003_WB01_00047 	Asteraceae;Solidago; 	Asteraceae;Senecio	Asteraceae;Petasites; 	Asteraceae;Senecio; 	Asteraceae;Hieracium; 	Asteraceae;Hieracium;
P003_WB02_00085 	Rubiaceae;Galium; 	Rubiaceae;Galium	Rubiaceae;Galium; 	Rubiaceae;Cruciata; 	Caryophyllaceae;Cerastium; 	Boraginaceae;Myosotis;
P003_WB03_00101 	Equisetaceae;Equisetum; 	Equisetaceae;Equisetum	Equisetaceae;Equisetum; 	Equisetaceae;Equisetum; 	Equisetaceae;Equisetum; 	Equisetaceae;Equisetum;
P003_WB04_00039 	Cyperaceae;Eriophorum; 	Cyperaceae;Carex	Cyperaceae;Eriophorum; 	Cyperaceae;Eriophorum; 	Cyperaceae;Eriophorum; 	Cyperaceae;Eriophorum;
P003_WB05_00025 	Saxifragaceae;Saxifraga; 	Saxifragaceae;Saxifraga	Saxifragaceae;Saxifraga; 	Saxifragaceae;Saxifraga; 	Saxifragaceae;Saxifraga; 	Saxifragaceae;Saxifraga;
P003_WB06_00014 	Caryophyllaceae;Silene; 	Caryophyllaceae;Silene	Caryophyllaceae;Silene; 	Caryophyllaceae;Silene; 	Caryophyllaceae;Silene; 	Caryophyllaceae;Viscaria;
P003_WB07_00097 	Ericaceae;Vaccinium; 	Ericaceae;Vaccinium	Ericaceae;Vaccinium; 	Ericaceae;Vaccinium; 	Ericaceae;Vaccinium; 	Ericaceae;Vaccinium;
P003_WB08_00015 	Asteraceae;Antennaria; 	Cyperaceae;Carex	Cyperaceae;Eriophorum; 	Cyperaceae;Eriophorum; 	Asteraceae;Antennaria; 	Cyperaceae;Eriophorum;
P003_WB08_00180 	Asteraceae;Antennaria; 	Asteraceae;Antennaria	Asteraceae;Antennaria; 	Asteraceae;Antennaria; 	Asteraceae;Omalotheca; 	Asteraceae;Gnaphalium;
P003_WB09_00056 	Cyperaceae;Eriophorum; 	Cyperaceae;Carex	Cyperaceae;Eriophorum; 	Cyperaceae;Eriophorum; 	Cyperaceae;Eriophorum; 	Cyperaceae;Eriophorum;
P003_WB10_00048 	Fabaceae;Hedysarum; 	Fabaceae;Hedysarum	Fabaceae;Hedysarum; 	Fabaceae;Astragalus; 	Fabaceae;Oxytropis; 	Fabaceae;Oxytropis;
P003_WB11_00034 	Apiaceae;Ligusticum; 	Apiaceae;Ligusticum	Apiaceae;Peucedanum; 	Apiaceae;Seseli; 	Apiaceae;Carum; 	Apiaceae;Carum;
P003_WC01_00042 	Polygonaceae;Bistorta; 	Polygonaceae;Bistorta	Polygonaceae;Persicaria; 	Polygonaceae;Bistorta; 	Polygonaceae;Polygonum; 	Polygonaceae;Rumex;
P003_WC02_00096 	Ericaceae;Rhododendron; 	Ericaceae;Rhododendron	Ericaceae;Rhododendron; 	Ericaceae;Rhododendron; 	Ericaceae;Rhododendron; 	Ericaceae;Rhododendron;
P003_WC03_00065 	Ranunculaceae;Trollius; 	Ranunculaceae;Trollius	Ranunculaceae;Aconitum; 	Cyperaceae;Carex; 	Ranunculaceae;Thalictrum; 	Cyperaceae;Carex;
P003_WC04_00130 	Cyperaceae;Carex; 	Cyperaceae;Mapania	Orchidaceae;Coeloglossum; 	Tofieldiaceae;Tofieldia; 	Juncaceae;Juncus; 	Poaceae;Nardus;
P003_WC04_00147 	Cyperaceae;Carex; 	Cyperaceae;Carex	Cyperaceae;Kobresia; 	Cyperaceae;Kobresia; 	Cyperaceae;Carex; 	Cyperaceae;Carex;
P003_WC05_00146 	Salicaceae;Salix; 	Salicaceae;Salix	Salicaceae;Salix; 	Salicaceae;Salix; 	Salicaceae;Salix; 	Salicaceae;Salix;
P003_WC06_00084 	Primulaceae;Primula; 	Primulaceae;Primula	Primulaceae;Primula; 	Primulaceae;Primula; 	Primulaceae;Primula; 	Primulaceae;Primula;
P003_WC07_00026 	Juncaceae;Luzula; 	Cyperaceae;Hypolytrum	Juncaceae;Luzula; 	Juncaceae;Luzula; 	Juncaceae;Luzula; 	Cyperaceae;Carex;
P003_WC07_00186 	Juncaceae;Luzula; 	Brassicaceae;Cochlearia	Brassicaceae;Cochlearia; 	Brassicaceae;Arabis; 	Brassicaceae;Cardamine; 	Brassicaceae;Draba;
P003_WC08_00065 	Poaceae;Poa; 	Poaceae;Poa	Poaceae;Poa; 	Poaceae;Poa; 	Poaceae;Arctophila; 	Poaceae;Dupontia;
P003_WC09_00014 	Cyperaceae;Carex; 	Cyperaceae;Carex	Cyperaceae;Carex; 	Cyperaceae;Carex; 	Cyperaceae;Carex; 	Cyperaceae;Carex;
P003_WC10_00109 	Asteraceae;Leucanthemum; 	Asteraceae;Leucanthemum	Asteraceae;Anthemis; 	Asteraceae;Matricaria; 	Asteraceae;Achillea; 	Asteraceae;Artemisia;
P003_WC11_00069 	Asteraceae;Achillea; 	Asteraceae;Achillea	Asteraceae;Anthemis; 	Asteraceae;Matricaria; 	Asteraceae;Anthemis; 	Asteraceae;Artemisia;
P003_WC12_00067 	Juncaceae;Luzula; 	Asteraceae;Diplostephium	Asteraceae;Aster; 	Asteraceae;Solidago; 	Asteraceae;Erigeron; 	Asteraceae;Erigeron;
P003_WC12_00209 	Juncaceae;Luzula; 	Cyperaceae;Hypolytrum	Juncaceae;Luzula; 	Juncaceae;Luzula; 	Juncaceae;Luzula; 	Cyperaceae;Carex;
P003_WD01_00053 	Ericaceae;Rhododendron; 	Ericaceae;Rhododendron	Ericaceae;Rhododendron; 	Ericaceae;Rhododendron; 	Ericaceae;Rhododendron; 	Ericaceae;Rhododendron;
P003_WD02_00080 	Brassicaceae;Draba; 	Brassicaceae;Draba	Brassicaceae;Draba; 	Brassicaceae;Draba; 	Brassicaceae;Arabis; 	Brassicaceae;Arabis;
P003_WD03_00018 	Lentibulariaceae;Pinguicula; 	Lentibulariaceae;Pinguicula	Lentibulariaceae;Pinguicula; 	Lentibulariaceae;Pinguicula; 	Plantaginaceae;Pennellianthus; 	Lamiaceae;Betonica;
P003_WD04_00043 	Fabaceae;Trifolium; 	Fabaceae;Trifolium	Fabaceae;Trifolium; 	Fabaceae;Astragalus; 	Fabaceae;Oxytropis; 	Fabaceae;Oxytropis;
P003_WD06_00092 	Ranunculaceae;Ranunculus; 	Ranunculaceae;Ranunculus	Ranunculaceae;Ranunculus; 	Ranunculaceae;Ranunculus; 	Caryophyllaceae;Dianthus; 	Ranunculaceae;Ranunculus;
P003_WD07_00072 	Brassicaceae;Cochlearia; 	Brassicaceae;Cochlearia	Brassicaceae;Cochlearia; 	Brassicaceae;Arabis; 	Brassicaceae;Cardamine; 	Brassicaceae;Draba;
P003_WD08_00067 	Caryophyllaceae;Stellaria; 	Caryophyllaceae;Pseudocerastium	Caryophyllaceae;Stellaria; 	Caryophyllaceae;Cerastium; 	Caryophyllaceae;Cerastium; 	Caryophyllaceae;Cerastium;
P003_WD09_00015 	Salicaceae;Salix; 	Salicaceae;Salix	Salicaceae;Salix; 	Salicaceae;Salix; 	Salicaceae;Salix; 	Salicaceae;Salix;
P003_WD10_00103 	Caryophyllaceae;Sagina; 	Caryophyllaceae;Colobanthus	Caryophyllaceae;Minuartia; 	Rosaceae;Spiraea; 	Caryophyllaceae;Minuartia; 	Caryophyllaceae;Silene;
P003_WD11_00101 	Primulaceae;Androsace; 	Primulaceae;Androsace	Primulaceae;Primula; 	Primulaceae;Primula; 	Primulaceae;Primula; 	Primulaceae;Primula;
P003_WD12_00071 	Plantaginaceae;Veronica; 	Plantaginaceae;Neopicrorhiza	Asteraceae;Cirsium; 	Plantaginaceae;Veronica; 	Plantaginaceae;Veronica; 	Fabaceae;Hedysarum;
P003_WD12_00138 	Plantaginaceae;Veronica; 	Asteraceae;Cirsium	Asteraceae;Cirsium; 	Asteraceae;Saussurea; 	Asteraceae;Saussurea; 	Poaceae;Calamagrostis;
P003_WE01_00071 	Orobanchaceae;Pedicularis; 	Orobanchaceae;Pedicularis	Onagraceae;Epilobium; 	Orobanchaceae;Pedicularis; 	Orobanchaceae;Pedicularis; 	Orobanchaceae;Pedicularis;
P003_WE02_00024 	Poaceae;Festuca; 	Poaceae;Festuca	Poaceae;Festuca; 	Poaceae;Festuca; 	Poaceae;Festuca; 	Poaceae;Festuca;
P003_WE02_00177 	Poaceae;Festuca; 	Asteraceae;Gamochaeta	Asteraceae;Antennaria; 	Poaceae;Festuca; 	Asteraceae;Antennaria; 	Asteraceae;Gnaphalium;
P003_WE03_00029 	Equisetaceae;Equisetum; 	Equisetaceae;Equisetum	Equisetaceae;Equisetum; 	Equisetaceae;Equisetum; 	Equisetaceae;Equisetum; 	Equisetaceae;Equisetum;
P003_WE04_00062 	Poaceae;Agrostis; 	Poaceae;Agrostis	Poaceae;Agrostis; 	Poaceae;Deschampsia; 	Poaceae;Calamagrostis; 	Poaceae;Calamagrostis;
P003_WE07_00007 	Cyperaceae;Eriophorum; 	Cyperaceae;Carex	Cyperaceae;Eriophorum; 	Cyperaceae;Eriophorum; 	Cyperaceae;Eriophorum; 	Cyperaceae;Eriophorum;
P003_WE08_00106 	Plantaginaceae;Veronica; 	Plantaginaceae;Neopicrorhiza	Plantaginaceae;Veronica; 	Asteraceae;Cirsium; 	Plantaginaceae;Veronica; 	Fabaceae;Hedysarum;
P003_WE09_00008 	Salicaceae;Salix; 	Salicaceae;Salix	Salicaceae;Salix; 	Salicaceae;Salix; 	Salicaceae;Salix; 	Salicaceae;Salix;
P003_WE10_00043 	Orobanchaceae;Pedicularis; 	Orobanchaceae;Pedicularis	Orobanchaceae;Pedicularis; 	Orobanchaceae;Pedicularis; 	Orobanchaceae;Pedicularis; 	Orobanchaceae;Pedicularis;
P003_WE11_00166 	Cyperaceae;Carex; 	Cyperaceae;Carex	Cyperaceae;Carex; 	Cyperaceae;Carex; 	Cyperaceae;Carex; 	Cyperaceae;Carex;
P003_WE11_00250 	Cyperaceae;Carex; 	Cyperaceae;Hypolytrum	Juncaceae;Luzula; 	Juncaceae;Luzula; 	Juncaceae;Luzula; 	Juncaceae;Luzula;
P003_WE12_00027 	Caryophyllaceae;Dianthus; 	Caryophyllaceae;Dianthus	Ranunculaceae;Ranunculus; 	Caryophyllaceae;Silene; 	Caryophyllaceae;Viscaria; 	Caryophyllaceae;Silene;
P003_WE12_00191 	Caryophyllaceae;Dianthus; 	Ranunculaceae;Ranunculus	Ranunculaceae;Ranunculus; 	Ranunculaceae;Ranunculus; 	Ranunculaceae;Ranunculus; 	Brassicaceae;Arabis;
P003_WF01_00038 	Onagraceae;Epilobium; 	Orobanchaceae;Pedicularis	Orobanchaceae;Pedicularis; 	Orobanchaceae;Pedicularis; 	Orobanchaceae;Pedicularis; 	Orobanchaceae;Pedicularis;
P003_WF01_00045 	Onagraceae;Epilobium; 	Cyperaceae;Carex	Cyperaceae;Carex; 	Cyperaceae;Carex; 	Cyperaceae;Carex; 	Cyperaceae;Carex;
P003_WF01_00157 	Onagraceae;Epilobium; 	Onagraceae;Epilobium	Rosaceae;Dryas; 	Cyperaceae;Carex; 	Rosaceae;Dryas; 	Rosaceae;Dryas;
P003_WF02_00082 	Rosaceae;Dryas; 	Rosaceae;Dryas	Cyperaceae;Carex; 	Rosaceae;Dryas; 	Rosaceae;Dryas; 	Rosaceae;Spiraea;
P003_WF03_00065 	Cyperaceae;Carex; 	Cyperaceae;Carex	Cyperaceae;Carex; 	Cyperaceae;Carex; 	Cyperaceae;Carex; 	Cyperaceae;Carex;
P003_WF04_00099 	Brassicaceae;Cardamine; 	Brassicaceae;Cardamine	Brassicaceae;Cardamine; 	Brassicaceae;Cardamine; 	Juncaceae;Luzula; 	Brassicaceae;Cochlearia;
P003_WF06_00106 	Asteraceae;Solidago; 	Asteraceae;Solidago	Juncaceae;Luzula; 	Asteraceae;Aster; 	Asteraceae;Erigeron; 	Asteraceae;Erigeron;
P003_WF07_00108 	Caryophyllaceae;Silene; 	Caryophyllaceae;Silene	Caryophyllaceae;Silene; 	Caryophyllaceae;Silene; 	Caryophyllaceae;Silene; 	Caryophyllaceae;Viscaria;
P003_WF08_00067 	Salicaceae;Salix; 	Salicaceae;Salix	Salicaceae;Salix; 	Salicaceae;Salix; 	Salicaceae;Salix; 	Salicaceae;Salix;
P003_WF09_00087 	Gentianaceae;Gentiana; 	Gentianaceae;Gentiana	Gentianaceae;Gentiana; 	Gentianaceae;Gentiana; 	Gentianaceae;Gentiana; 	Gentianaceae;Gentiana;
P003_WF10_00049 	Caryophyllaceae;Minuartia; 	Caryophyllaceae;Colobanthus	Caryophyllaceae;Sagina; 	Rosaceae;Spiraea; 	Caryophyllaceae;Minuartia; 	Caryophyllaceae;Viscaria;
P003_WF11_00046 	Ranunculaceae;Ranunculus; 	Ranunculaceae;Ranunculus	Ranunculaceae;Ranunculus; 	Ranunculaceae;Ranunculus; 	Ranunculaceae;Ranunculus; 	Brassicaceae;Arabis;
P003_WF11_00207 	Ranunculaceae;Ranunculus; 	Caryophyllaceae;Dianthus	Ranunculaceae;Ranunculus; 	Caryophyllaceae;Silene; 	Caryophyllaceae;Viscaria; 	Caryophyllaceae;Silene;
P003_WF12_00087 	Poaceae;Festuca; 	Poaceae;Festuca	Poaceae;Festuca; 	Poaceae;Festuca; 	Poaceae;Festuca; 	Poaceae;Festuca;
P003_WG01_00046 	Ranunculaceae;Aconitum; 	Ranunculaceae;Aconitum	Cyperaceae;Carex; 	Ranunculaceae;Trollius; 	Ranunculaceae;Pulsatilla; 	Ranunculaceae;Thalictrum;
P003_WG02_00074 	Cyperaceae;Carex; 	Cyperaceae;Carex	Cyperaceae;Carex; 	Cyperaceae;Carex; 	Cyperaceae;Carex; 	Cyperaceae;Carex;
P003_WG02_00347 	Cyperaceae;Carex; 	Rosaceae;Dryas	Cyperaceae;Carex; 	Rosaceae;Dryas; 	Rosaceae;Dryas; 	Rosaceae;Spiraea;
P003_WG02_00382 	Cyperaceae;Carex; 	Ranunculaceae;Aconitum	Cyperaceae;Carex; 	Ranunculaceae;Trollius; 	Ranunculaceae;Pulsatilla; 	Cyperaceae;Carex;
P003_WG03_00037 	Primulaceae;Soldanella; 	Primulaceae;Bryocarpum	Primulaceae;Soldanella; 	Primulaceae;Primula; 	Primulaceae;Primula; 	Primulaceae;Primula;
P003_WG04_00025 	Brassicaceae;Cardamine; 	Brassicaceae;Cardamine	Brassicaceae;Cardamine; 	Brassicaceae;Cardamine; 	Juncaceae;Luzula; 	Brassicaceae;Cochlearia;
P003_WG05_00072 	Asteraceae;Leucanthemopsis; 	Asteraceae;Phaeostigma	Asteraceae;Anthemis; 	Asteraceae;Matricaria; 	Asteraceae;Artemisia; 	Asteraceae;Achillea;
P003_WG06_00052 	Lentibulariaceae;Pinguicula; 	Lentibulariaceae;Pinguicula	Lentibulariaceae;Pinguicula; 	Lentibulariaceae;Pinguicula; 	Plantaginaceae;Pennellianthus; 	Lamiaceae;Betonica;
P003_WG07_00073 	Orobanchaceae;Pedicularis; 	Orobanchaceae;Pedicularis	Orobanchaceae;Pedicularis; 	Orobanchaceae;Pedicularis; 	Orobanchaceae;Pedicularis; 	Orobanchaceae;Pedicularis;
P003_WG08_00074 	Brassicaceae;Draba; 	Brassicaceae;Draba	Brassicaceae;Draba; 	Brassicaceae;Draba; 	Brassicaceae;Arabis; 	Brassicaceae;Arabis;
P003_WG08_00175 	Brassicaceae;Draba; 	Saxifragaceae;Micranthes	Saxifragaceae;Saxifraga; 	Saxifragaceae;Saxifraga; 	Saxifragaceae;Saxifraga; 	Saxifragaceae;Saxifraga;
P003_WG09_00025 	Poaceae;Sesleria; 	Poaceae;Sesleria	Poaceae;Festuca; 	Poaceae;Festuca; 	Poaceae;Arctagrostis; 	Poaceae;Dupontia;
P003_WG10_00027 	Juncaceae;Juncus; 	Juncaceae;Juncus	Juncaceae;Juncus; 	Juncaceae;Juncus; 	Juncaceae;Luzula; 	Juncaceae;Luzula;
P003_WG11_00150 	Asteraceae;Cirsium; 	Plantaginaceae;Veronica	Plantaginaceae;Veronica; 	Plantaginaceae;Veronica; 	Plantaginaceae;Veronica; 	Fabaceae;Hedysarum;
P003_WG11_00362 	Asteraceae;Cirsium; 	Asteraceae;Cirsium	Plantaginaceae;Veronica; 	Asteraceae;Centaurea; 	Asteraceae;Saussurea; 	Asteraceae;Saussurea;
P003_WG11_00386 	Asteraceae;Cirsium; 	Cyperaceae;Carex	Cyperaceae;Carex; 	Cyperaceae;Carex; 	Cyperaceae;Carex; 	Cyperaceae;Carex;
P003_WG12_00065 	Cyperaceae;Carex; 	Cyperaceae;Carex	Cyperaceae;Carex; 	Cyperaceae;Carex; 	Cyperaceae;Carex; 	Cyperaceae;Carex;
P003_WH01_00047 	Orobanchaceae;Pedicularis; 	Orobanchaceae;Pedicularis	Orobanchaceae;Pedicularis; 	Orobanchaceae;Pedicularis; 	Orobanchaceae;Pedicularis; 	Orobanchaceae;Pedicularis;
P003_WH02_00049 	Orobanchaceae;Bartsia; 	Cyperaceae;Carex	Cyperaceae;Carex; 	Orobanchaceae;Bartsia; 	Cyperaceae;Carex; 	Cyperaceae;Carex;
P003_WH02_00052 	Orobanchaceae;Bartsia; 	Orobanchaceae;Melampyrum	Orobanchaceae;Euphrasia; 	Orobanchaceae;Euphrasia; 	Orobanchaceae;Euphrasia; 	Plantaginaceae;Pennellianthus;
P003_WH03_00077 	Primulaceae;Primula; 	Primulaceae;Primula	Primulaceae;Primula; 	Primulaceae;Primula; 	Primulaceae;Primula; 	Primulaceae;Primula;
P003_WH05_00068 	Campanulaceae;Campanula; 	Campanulaceae;Campanula	Campanulaceae;Campanula; 	Campanulaceae;Campanula; 	Campanulaceae;Campanula; 	Campanulaceae;Campanula;
P003_WH06_00103 	Saxifragaceae;Saxifraga; 	Saxifragaceae;Micranthes	Brassicaceae;Draba; 	Saxifragaceae;Saxifraga; 	Saxifragaceae;Saxifraga; 	Saxifragaceae;Saxifraga;
P003_WH08_00066 	Papaveraceae;Papaver; 	Papaveraceae;Meconopsis	Ranunculaceae;Trollius; 	Ranunculaceae;Aconitum; 	Cyperaceae;Carex; 	Ranunculaceae;Anemone;
P003_WH09_00093 	Saxifragaceae;Saxifraga; 	Saxifragaceae;Saxifraga	Saxifragaceae;Saxifraga; 	Saxifragaceae;Saxifraga; 	Saxifragaceae;Saxifraga; 	Saxifragaceae;Saxifraga;
P003_WH10_00061 	Brassicaceae;Arabis; 	Brassicaceae;Arabis	Brassicaceae;Draba; 	Brassicaceae;Arabis; 	Brassicaceae;Draba; 	Brassicaceae;Draba;
P003_WH11_00004 	Asteraceae;Aster; 	Juncaceae;Juncus	Juncaceae;Luzula; 	Juncaceae;Luzula; 	Juncaceae;Luzula; 	Asteraceae;Aster;
P003_WH11_00023 	Asteraceae;Aster; 	Asteraceae;Diplostephium	Asteraceae;Aster; 	Asteraceae;Solidago; 	Asteraceae;Erigeron; 	Asteraceae;Erigeron;
P003_WH12_00069 	Cyperaceae;Carex; 	Cyperaceae;Carex	Cyperaceae;Carex; 	Cyperaceae;Carex; 	Cyperaceae;Carex; 	Cyperaceae;Carex;
P004_WA02_00068 	Primulaceae;Primula; 	Primulaceae;Primula	Primulaceae;Primula; 	Primulaceae;Primula; 	Primulaceae;Primula; 	Primulaceae;Primula;
P004_WB01_00103 	Poaceae;Alopecurus; 	Poaceae;Alopecurus	Poaceae;Alopecurus; 	Poaceae;Alopecurus; 	Poaceae;Arctagrostis; 	Poaceae;Dupontia;
P004_WB02_00029 	Ericaceae;Pieris; 	Ericaceae;Gaultheria	Ericaceae;Vaccinium; 	Ericaceae;Vaccinium; 	Ericaceae;Vaccinium; 	Ericaceae;Vaccinium;
P004_WC01_00023 	Poaceae;Hierochloe; 	Poaceae;Hierochloe	Poaceae;Hierochloe; 	Poaceae;Calamagrostis; 	Poaceae;Calamagrostis; 	Poaceae;Calamagrostis;
P004_WC02_00008 	Polygonaceae;Polygonum; 	Polygonaceae;Bistorta	Polygonaceae;Persicaria; 	Polygonaceae;Bistorta; 	Polygonaceae;Rumex; 	Polygonaceae;Rumex;
P004_WD01_00061 	Poaceae;Festuca; 	Poaceae;Festuca	Poaceae;Festuca; 	Poaceae;Festuca; 	Poaceae;Festuca; 	Poaceae;Festuca;
P004_WD02_00084 	Asteraceae;Antennaria; 	Asteraceae;Antennaria	Asteraceae;Antennaria; 	Asteraceae;Antennaria; 	Asteraceae;Omalotheca; 	Asteraceae;Gnaphalium;
P004_WG01_00051 	Rosaceae;Sieversia; 	Rosaceae;Fallugia	Rosaceae;Rubus; 	Rosaceae;Potentilla; 	Rosaceae;Potentilla; 	Rosaceae;Potentilla;
P004_WH01_00050 	Caryophyllaceae;Minuartia; 	Caryophyllaceae;Psammosilene	Caryophyllaceae;Minuartia; 	Caryophyllaceae;Minuartia; 	Caryophyllaceae;Minuartia; 	Caryophyllaceae;Silene;
P8807_501_00069 	Ericaceae;Andromeda; 	Ericaceae;Gaultheria	Ericaceae;Vaccinium; 	Ericaceae;Vaccinium; 	Ericaceae;Vaccinium; 	Ericaceae;Vaccinium;
P8807_503_00071 	Ericaceae;Pyrola; 	Ericaceae;Pyrola	Ericaceae;Pyrola; 	Ericaceae;Pyrola; 	Ericaceae;Arctous; 	Ericaceae;Harrimanella;
P8807_504_00079 	Salicaceae;Salix; 	Salicaceae;Salix	Salicaceae;Salix; 	Salicaceae;Salix; 	Salicaceae;Salix; 	Salicaceae;Salix;
P8807_505_00024 	Cyperaceae;Carex; 	Cyperaceae;Carex	Cyperaceae;Kobresia; 	Cyperaceae;Carex; 	Cyperaceae;Carex; 	Cyperaceae;Carex;
P8807_505_00031 	Cyperaceae;Carex; 	Cyperaceae;Carex	Cyperaceae;Kobresia; 	Cyperaceae;Carex; 	Cyperaceae;Carex; 	Cyperaceae;Carex;
P8807_506_00061 	Poaceae;Festuca; 	Poaceae;Festuca	Poaceae;Festuca; 	Poaceae;Festuca; 	Poaceae;Festuca; 	Poaceae;Festuca;
P8807_507_00007 	Crassulaceae;Rhodiola; 	Crassulaceae;Rhodiola	Crassulaceae;Sempervivum; 	Crassulaceae;Sedum; 	Crassulaceae;Sedum; 	Saxifragaceae;Saxifraga;
P8807_508_00099 	Asteraceae;Hieracium; 	Asteraceae;Sonchus	Asteraceae;Hieracium; 	Asteraceae;Hieracium; 	Asteraceae;Hieracium; 	Asteraceae;Leontodon;
P8807_509_00041 	Orobanchaceae;Pedicularis; 	Orobanchaceae;Pedicularis	Rosaceae;Potentilla; 	Orobanchaceae;Pedicularis; 	Orobanchaceae;Pedicularis; 	Orobanchaceae;Pedicularis;
P8807_509_00121 	Orobanchaceae;Pedicularis; 	Orobanchaceae;Pedicularis	Orobanchaceae;Pedicularis; 	Onagraceae;Epilobium; 	Orobanchaceae;Pedicularis; 	Orobanchaceae;Pedicularis;
P8807_510_00014 	Violaceae;Viola; 	Violaceae;Viola	Violaceae;Viola; 	Salicaceae;Salix; 	Salicaceae;Salix; 	Salicaceae;Salix;
P8807_511_00052 	Poaceae;Poa; 	Poaceae;Poa	Poaceae;Poa; 	Poaceae;Poa; 	Poaceae;Poa; 	Poaceae;Poa;
P8807_511_00053 	Poaceae;Poa; 	Poaceae;Poa	Poaceae;Poa; 	Poaceae;Poa; 	Poaceae;Poa; 	Poaceae;Poa;
P8807_512_00093 	Cyperaceae;Carex; 	Cyperaceae;Carex	Cyperaceae;Carex; 	Cyperaceae;Carex; 	Cyperaceae;Carex; 	Cyperaceae;Carex;
P8807_513_00062 	Juncaceae;Luzula; 	Cyperaceae;Hypolytrum	Juncaceae;Luzula; 	Juncaceae;Luzula; 	Cyperaceae;Carex; 	Juncaceae;Luzula;
P8807_514_00050 	Ericaceae;Harrimanella; 	Ericaceae;Gaultheria	Ericaceae;Harrimanella; 	Ericaceae;Cassiope; 	Ericaceae;Pieris; 	Ericaceae;Vaccinium;
P8807_515_00020 	Asteraceae;Saussurea; 	Asteraceae;Saussurea	Asteraceae;Saussurea; 	Plantaginaceae;Veronica; 	Asteraceae;Cirsium; 	Poaceae;Calamagrostis;
P8807_516_00092 	Caryophyllaceae;Cerastium; 	Caryophyllaceae;Pseudocerastium	Caryophyllaceae;Cerastium; 	Caryophyllaceae;Cerastium; 	Caryophyllaceae;Cerastium; 	Caryophyllaceae;Cerastium;
P8807_517_00120 	Ericaceae;Vaccinium; 	Ericaceae;Vaccinium	Ericaceae;Vaccinium; 	Ericaceae;Vaccinium; 	Ericaceae;Vaccinium; 	Ericaceae;Vaccinium;
P8807_518_00053 	Cyperaceae;Carex; 	Cyperaceae;Carex	Cyperaceae;Carex; 	Cyperaceae;Carex; 	Cyperaceae;Carex; 	Cyperaceae;Carex;
P8807_519_00114 	Salicaceae;Salix; 	Salicaceae;Salix	Salicaceae;Salix; 	Salicaceae;Salix; 	Salicaceae;Salix; 	Salicaceae;Salix;
P8807_520_00052 	Juncaceae;Juncus; 	Cyperaceae;Hypolytrum	Juncaceae;Juncus; 	Juncaceae;Juncus; 	Juncaceae;Luzula; 	Cyperaceae;Carex;
P8807_521_00055 	Ericaceae;Vaccinium; 	Ericaceae;Vaccinium	Ericaceae;Vaccinium; 	Ericaceae;Vaccinium; 	Ericaceae;Vaccinium; 	Ericaceae;Vaccinium;
P8807_522_00094 	Rosaceae;Dryas; 	Rosaceae;Dryas	Rosaceae;Dryas; 	Cyperaceae;Carex; 	Rosaceae;Dryas; 	Rosaceae;Spiraea;
P8807_523_00061 	Salicaceae;Salix; 	Salicaceae;Salix	Salicaceae;Salix; 	Salicaceae;Salix; 	Salicaceae;Salix; 	Salicaceae;Salix;
P8807_524_00121 	Orobanchaceae;Pedicularis; 	Orobanchaceae;Pedicularis	Orobanchaceae;Pedicularis; 	Orobanchaceae;Pedicularis; 	Orobanchaceae;Pedicularis; 	Orobanchaceae;Pedicularis;
P8807_525_00039 	Rosaceae;Rubus; 	Rosaceae;Rubus	Rosaceae;Sieversia; 	Rosaceae;Potentilla; 	Rosaceae;Potentilla; 	Rosaceae;Potentilla;
P8807_526_00036 	Equisetaceae;Equisetum; 	Equisetaceae;Equisetum	Equisetaceae;Equisetum; 	Equisetaceae;Equisetum; 	Equisetaceae;Equisetum; 	Equisetaceae;Equisetum;
P8807_527_00046 	Fabaceae;Astragalus; 	Fabaceae;Astragalus	Fabaceae;Astragalus; 	Fabaceae;Oxytropis; 	Fabaceae;Oxytropis; 	Fabaceae;Oxytropis;
P8807_528_00044 	Diapensiaceae;Diapensia; 	Diapensiaceae;Diapensia	Ericaceae;Arctous; 	Primulaceae;Primula; 	Primulaceae;Primula; 	Primulaceae;Primula;
P8807_530_00031 	Cyperaceae;Carex; 	Cyperaceae;Carex	Cyperaceae;Carex; 	Cyperaceae;Carex; 	Cyperaceae;Carex; 	Cyperaceae;Carex;
WA01_00105 	Rosaceae;Potentilla; 	Rosaceae;Potentilla	Rosaceae;Potentilla; 	Rosaceae;Potentilla; 	Rosaceae;Potentilla; 	Orobanchaceae;Pedicularis;
WA02_00017 	Salicaceae;Salix; 	Salicaceae;Salix	Salicaceae;Salix; 	Salicaceae;Salix; 	Salicaceae;Salix; 	Salicaceae;Salix;
WA03_00102 	Poaceae;Calamagrostis; 	Poaceae;Calamagrostis	Poaceae;Calamagrostis; 	Poaceae;Calamagrostis; 	Poaceae;Calamagrostis; 	Poaceae;Agrostis;
WA04_00090 	Ericaceae;Pyrola; 	Ericaceae;Pyrola	Ericaceae;Pyrola; 	Ericaceae;Pyrola; 	Ericaceae;Arctous; 	Ericaceae;Harrimanella;
WA05_00080 	Lentibulariaceae;Pinguicula; 	Lentibulariaceae;Pinguicula	Lentibulariaceae;Pinguicula; 	Lentibulariaceae;Pinguicula; 	Plantaginaceae;Pennellianthus; 	Lamiaceae;Betonica;
WA06_00069 	Caryophyllaceae;Cerastium; 	Caryophyllaceae;Pseudocerastium	Caryophyllaceae;Cerastium; 	Caryophyllaceae;Cerastium; 	Caryophyllaceae;Cerastium; 	Caryophyllaceae;Cerastium;
WA07_00098 	Saxifragaceae;Saxifraga; 	Saxifragaceae;Saxifraga	Saxifragaceae;Saxifraga; 	Saxifragaceae;Saxifraga; 	Saxifragaceae;Saxifraga; 	Saxifragaceae;Saxifraga;
WA08_00116 	Ericaceae;Phyllodoce; 	Ericaceae;Rhododendron	Ericaceae;Empetrum; 	Ericaceae;Rhododendron; 	Ericaceae;Rhododendron; 	Ericaceae;Rhododendron;
WA09_00058 	Ericaceae;Empetrum; 	Ericaceae;Rhododendron	Ericaceae;Empetrum; 	Ericaceae;Rhododendron; 	Ericaceae;Rhododendron; 	Ericaceae;Rhododendron;
WA11_00097 	Cyperaceae;Carex; 	Cyperaceae;Carex	Cyperaceae;Carex; 	Cyperaceae;Carex; 	Cyperaceae;Carex; 	Cyperaceae;Carex;
WA12_00001 	Polygonaceae;Oxyria; 	Polygonaceae;Oxyria	Polygonaceae;Rumex; 	Polygonaceae;Rumex; 	Polygonaceae;Rumex; 	Polygonaceae;Bistorta;
WB01_00006 	Cyperaceae;Carex; 	Cyperaceae;Carex	Cyperaceae;Carex; 	Cyperaceae;Carex; 	Cyperaceae;Carex; 	Cyperaceae;Carex;
WB02_00057 	Geraniaceae;Geranium; 	Geraniaceae;Geranium	Geraniaceae;Geranium; 	Rosaceae;Spiraea; 	Rosaceae;Rubus; 	Rosaceae;Sieversia;
WB03_00120 	Campanulaceae;Campanula; 	Campanulaceae;Hanabusaya	Campanulaceae;Campanula; 	Campanulaceae;Campanula; 	Campanulaceae;Campanula; 	Campanulaceae;Campanula;
WB04_00116 	Equisetaceae;Equisetum; 	Equisetaceae;Equisetum	Equisetaceae;Equisetum; 	Equisetaceae;Equisetum; 	Equisetaceae;Equisetum; 	Equisetaceae;Equisetum;
WB05_00069 	Asteraceae;Petasites; 	Asteraceae;Petasites	Asteraceae;Senecio; 	Asteraceae;Solidago; 	Asteraceae;Hieracium; 	Asteraceae;Hieracium;
WB06_00064 	Poaceae;Poa; 	Poaceae;Poa	Poaceae;Poa; 	Poaceae;Arctagrostis; 	Poaceae;Dupontia; 	Poaceae;Poa;
WB07_00079 	Polygonaceae;Rumex; 	Polygonaceae;Rumex	Polygonaceae;Rumex; 	Polygonaceae;Rumex; 	Polygonaceae;Oxyria; 	Polygonaceae;Polygonum;
WB08_00082 	Primulaceae;Trientalis; 	Primulaceae;Lysimachia	Primulaceae;Primula; 	Primulaceae;Primula; 	Primulaceae;Primula; 	Primulaceae;Primula;
WB09_00058 	Saxifragaceae;Saxifraga; 	Saxifragaceae;Micranthes	Saxifragaceae;Saxifraga; 	Brassicaceae;Draba; 	Saxifragaceae;Saxifraga; 	Saxifragaceae;Saxifraga;
WB10_00081 	Rosaceae;Sibbaldia; 	Rosaceae;Sibbaldia	Rosaceae;Potentilla; 	Rosaceae;Alchemilla; 	Rosaceae;Potentilla; 	Rosaceae;Potentilla;
WB11_00081 	Asteraceae;Hieracium; 	Asteraceae;Sonchus	Asteraceae;Hieracium; 	Asteraceae;Hieracium; 	Asteraceae;Hieracium; 	Asteraceae;Leontodon;
WB12_00039 	Asteraceae;Taraxacum; 	Asteraceae;Taraxacum	Asteraceae;Taraxacum; 	Asteraceae;Taraxacum; 	Asteraceae;Taraxacum; 	Asteraceae;Hieracium;
WC01_00058 	Cyperaceae;Carex; 	Cyperaceae;Carex	Cyperaceae;Carex; 	Cyperaceae;Carex; 	Cyperaceae;Carex; 	Cyperaceae;Carex;
WC02_00005 	Ericaceae;Arctous; 	Ericaceae;Arbutus	Ericaceae;Harrimanella; 	Ericaceae;Cassiope; 	Ericaceae;Harrimanella; 	Ericaceae;Pieris;
WC03_00120 	Ericaceae;Pyrola; 	Ericaceae;Pyrola	Ericaceae;Pyrola; 	Ericaceae;Pyrola; 	Ericaceae;Pyrola; 	Ericaceae;Arctous;
WC04_00069 	Poaceae;Agrostis; 	Poaceae;Agrostis	Poaceae;Deschampsia; 	Poaceae;Agrostis; 	Poaceae;Calamagrostis; 	Poaceae;Calamagrostis;
WC05_00084 	Cyperaceae;Carex; 	Cyperaceae;Carex	Cyperaceae;Carex; 	Cyperaceae;Carex; 	Cyperaceae;Carex; 	Cyperaceae;Carex;
WC06_00092 	Ericaceae;Vaccinium; 	Ericaceae;Vaccinium	Ericaceae;Vaccinium; 	Ericaceae;Vaccinium; 	Ericaceae;Vaccinium; 	Ericaceae;Vaccinium;
