P001_WE02_00021 	Cyperaceae	Cyperaceae	Cyperaceae	Asteraceae	Cyperaceae	Polygonaceae
P001_WE02_00045 	Cyperaceae	Cyperaceae	Cyperaceae	Cyperaceae	Asteraceae	Cyperaceae
P001_WE12_00127 	Cyperaceae	Cyperaceae	Cyperaceae	Cyperaceae	Asteraceae	Cyperaceae
P001_WE12_00197 	Cyperaceae	Cyperaceae	Cyperaceae	Cyperaceae	Asteraceae	Cyperaceae
P002_WF07_00034 	Caryophyllaceae	Caryophyllaceae	Apiaceae	Orobanchaceae	Polygonaceae	Polygonaceae
P002_WF07_00059 	Caryophyllaceae	Caryophyllaceae	Caryophyllaceae	Rosaceae	Caryophyllaceae	Saxifragaceae
P002_WH08_00089 	Cyperaceae	Cyperaceae	Cyperaceae	Cyperaceae	Cyperaceae	Cyperaceae
P002_WH08_00141 	Cyperaceae	Cyperaceae	Cyperaceae	Asteraceae	Cyperaceae	Polygonaceae
P003_WC09_00032 	Poaceae	Cyperaceae	Poaceae	Poaceae	Poaceae	Poaceae
P003_WC09_00122 	Cyperaceae	Cyperaceae	Cyperaceae	Cyperaceae	Cyperaceae	Cyperaceae
P003_WG11_00105 	Asteraceae	Cyperaceae	Asteraceae	Asteraceae	Asteraceae	Asteraceae
P003_WG11_00205 	Cyperaceae	Plantaginaceae	Cyperaceae	Cyperaceae	Cyperaceae	Cyperaceae
P003_WG11_00383 	Fabaceae	Cyperaceae	Fabaceae	Fabaceae	Fabaceae	Fabaceae
P8807_520_00040 	Asteraceae	Cyperaceae	Asteraceae	Asteraceae	Asteraceae	Asteraceae
P8807_520_00126 	Asteraceae	Juncaceae	Asteraceae	Asteraceae	Asteraceae	Asteraceae
